br,uf,km_inicial,sinistros,exposicao,taxa,anos_utilizaveis,quadrante,p_valor,significativo_fdr
050,GO,120,23,64600875.499999985,35.60323265278348,8,baixo-baixo,0.3801,False
050,GO,130,34,129201751.00000001,26.315432830318215,8,baixo-baixo,0.4358,False
050,GO,140,50,129201751.00000001,38.699165926938555,8,baixo-baixo,0.4879,False
050,GO,150,44,107910921.4,40.77437151787678,8,baixo-baixo,0.3428,False
050,GO,160,48,101220967.80000001,47.42100480094402,8,alto-baixo,0.3899,False
050,GO,170,44,112471392.00000001,39.12105933569311,8,baixo-baixo,0.3531,False
050,GO,180,42,112471392.00000001,37.34282936588888,8,baixo-baixo,0.4694,False
050,GO,190,36,112471392.00000001,32.00813945647619,8,baixo-baixo,0.3809,False
050,GO,200,48,110005868.10000002,43.63403591921656,8,alto-baixo,0.3647,False
050,GO,210,29,118992956.50000003,24.37119040739188,8,baixo-baixo,0.4319,False
050,GO,220,22,118992956.50000003,18.48848927457315,8,baixo-baixo,0.4327,False
050,GO,230,60,118992956.50000003,50.42315256701768,8,alto-baixo,0.4779,False
050,GO,240,64,123487931.50000003,51.82692690904777,8,alto-alto,0.2215,False
050,GO,250,72,127982906.50000001,56.257512795273165,8,alto-alto,0.1643,False
050,GO,260,106,151456074.75,69.98728850920521,8,alto-alto,0.2017,False
050,GO,280,201,160317471.75,125.37622868294764,8,alto-baixo,0.3391,False
050,GO,290,42,172643357.5,24.327608434051687,8,baixo-alto,0.0922,False
050,GO,300,54,172643357.5,31.278353700923592,8,baixo-baixo,0.3084,False
050,GO,310,20,73502386.0,27.21000104676874,8,baixo-baixo,0.4842,False
050,MG,60,267,225450535.49999997,118.42952575288962,8,alto-baixo,0.0001,True
050,MG,80,142,343029423.5999999,41.39586584431996,8,baixo-baixo,0.3222,False
050,MG,90,89,381143803.9999999,23.350766578380487,8,baixo-baixo,0.4776,False
050,MG,100,95,381143803.9999999,24.924975561192657,8,baixo-baixo,0.4935,False
050,MG,110,169,381278123.9999999,44.32459912124412,8,alto-baixo,0.3425,False
050,MG,120,113,381479603.9999999,29.6215050071196,8,baixo-baixo,0.406,False
050,MG,130,118,350534593.7499999,33.66286868797812,8,baixo-baixo,0.4418,False
050,MG,180,241,446538043.4999998,53.97076542706715,8,alto-baixo,0.3888,False
050,MG,190,167,444909774.84999985,37.535700368980116,8,baixo-alto,0.3118,False
050,MG,200,110,303446129.9,36.250256358929434,8,baixo-baixo,0.3888,False
101,AL,0,51,85308161.35,59.78326011594435,8,alto-alto,0.3091,False
101,AL,10,70,159125254.00000003,43.99050322961306,8,alto-alto,0.2528,False
101,AL,20,64,159125254.00000003,40.2198886670748,8,baixo-alto,0.2016,False
101,AL,30,89,131272848.60000001,67.79772127227228,8,alto-alto,0.2472,False
101,AL,40,104,170803356.0,60.888733357206405,8,alto-alto,0.1282,False
101,AL,50,139,204010880.8,68.13362084165855,8,alto-alto,0.2981,False
101,AL,60,67,212312761.99999997,31.55721746015438,8,baixo-alto,0.2839,False
101,AL,70,144,535183739.3000001,26.906647086913836,8,baixo-alto,0.205,False
101,AL,80,64,80313446.6,79.68777671658286,8,alto-baixo,0.4401,False
101,AL,90,53,112270824.49999994,47.207277791034684,8,alto-alto,0.1157,False
101,AL,100,104,164304589.40000004,63.297075498488766,8,alto-alto,0.2223,False
101,AL,110,99,167356420.1,59.1551850480817,8,alto-alto,0.1549,False
101,AL,120,91,147506355.0,61.69225725901775,8,alto-alto,0.0268,False
101,AL,130,236,114596035.1,205.9408074581806,8,alto-alto,0.1951,False
101,AL,140,102,197495404.50000003,51.64677135563425,8,alto-alto,0.0355,False
101,AL,150,50,197495404.50000003,25.31704478217365,8,baixo-baixo,0.4163,False
101,AL,160,44,175508910.44999996,25.06995222475328,8,baixo-alto,0.2349,False
101,AL,170,121,153753767.99999997,78.69725833320717,8,alto-alto,0.236,False
101,AL,180,121,153753767.99999997,78.69725833320717,8,alto-alto,0.1031,False
101,AL,190,109,153753767.99999997,70.89257155636018,8,alto-alto,0.1606,False
101,AL,200,106,236739584.0,44.774937173159856,8,alto-alto,0.2742,False
101,AL,210,62,242031645.99999997,25.61648487900628,8,baixo-baixo,0.3793,False
101,AL,220,29,222432186.24999997,13.037681501455818,8,baixo-baixo,0.4401,False
101,AL,230,66,176700113.50000003,37.35141913194073,8,baixo-baixo,0.4457,False
101,AL,240,70,138886409.15000004,50.400899863714265,8,alto-baixo,0.3925,False
101,BA,10,38,139306181.05,27.278043022628676,8,baixo-alto,0.2914,False
101,BA,20,64,140624900.5,45.5111433127734,8,alto-baixo,0.4707,False
101,BA,30,54,141016122.10000002,38.29349381888866,8,baixo-alto,0.2908,False
101,BA,60,78,127263214.10000001,61.29029551203202,8,alto-baixo,0.3174,False
101,BA,70,35,152960842.0,22.88167320627066,8,baixo-baixo,0.3536,False
101,BA,80,36,152960842.0,23.535435297878394,8,baixo-baixo,0.2412,False
101,BA,90,24,107072589.40000002,22.414700283693705,8,baixo-baixo,0.3265,False
101,BA,110,82,192573762.75000006,42.58108624405532,8,baixo-baixo,0.3592,False
101,BA,120,71,178778496.50000003,39.71394848373165,8,baixo-baixo,0.4546,False
101,BA,130,39,179731146.50000003,21.699077071207576,8,baixo-baixo,0.4914,False
101,BA,140,50,180314974.95000002,27.729255439746264,8,baixo-baixo,0.2711,False
101,BA,150,52,194676254.00000003,26.711013249720736,8,baixo-alto,0.1968,False
101,BA,160,114,133334967.19999997,85.49895229583859,8,alto-alto,0.2223,False
101,BA,170,131,164326248.4999999,79.71946125210792,8,alto-alto,0.1168,False
101,BA,180,90,157680496.39999998,57.07744588252071,8,alto-alto,0.1389,False
101,BA,190,92,179434299.29999995,51.27224859400113,8,alto-alto,0.1672,False
101,BA,200,127,198122722.6999999,64.10168317356768,8,alto-alto,0.2603,False
101,BA,210,119,252045603.49999997,47.213678139003925,8,alto-alto,0.1907,False
101,BA,220,116,229710231.50000006,50.49840368124829,8,alto-alto,0.2968,False
101,BA,230,105,230689249.10000008,45.51577518659493,8,alto-baixo,0.4032,False
101,BA,240,68,244593226.95000008,27.801260422432144,8,baixo-alto,0.2117,False
101,BA,250,125,196044157.20000005,63.761145338536,8,alto-alto,0.029,False
101,BA,260,235,106620277.75,220.40835473250303,8,alto-alto,0.2108,False
101,BA,270,56,123258529.00000003,45.432961478876635,8,alto-alto,0.0244,False
101,BA,280,74,120160941.90000004,61.5840711881104,8,alto-baixo,0.432,False
101,BA,290,36,122940248.99999999,29.2825175585906,8,baixo-alto,0.3123,False
101,BA,300,33,114656617.79999995,28.781592055648456,8,baixo-baixo,0.3504,False
101,BA,310,29,112585709.99999994,25.75815349923184,8,baixo-baixo,0.3687,False
101,BA,320,57,105747113.79999998,53.90218035435404,8,alto-baixo,0.3737,False
101,BA,360,88,80608516.25,109.16960650544166,8,alto-baixo,0.0001,True
101,BA,390,43,86261457.39999999,49.84845062448482,8,alto-baixo,0.3476,False
101,BA,400,39,95692451.49999997,40.755565761631686,8,baixo-baixo,0.4407,False
101,BA,410,23,95692451.49999997,24.035333654295616,8,baixo-alto,0.1145,False
101,BA,420,91,88355520.8,102.99299825982126,8,alto-baixo,0.404,False
101,BA,430,51,94535821.25000001,53.94780446782229,8,alto-alto,0.0665,False
101,BA,440,85,110761385.25000003,76.74154653099193,8,alto-alto,0.212,False
101,BA,470,67,100315760.49999999,66.78910638373719,8,alto-alto,0.2698,False
101,BA,480,56,116970673.99999997,47.875247773642826,8,alto-alto,0.1889,False
101,BA,490,92,188481871.85000005,48.81106023459729,8,alto-alto,0.0515,False
101,BA,500,183,119220701.9,153.49683157669782,8,alto-alto,0.241,False
101,BA,510,56,104321672.0,53.68012123118579,8,alto-alto,0.0389,False
101,BA,520,89,124920629.49999999,71.24523816140393,8,alto-alto,0.1603,False
101,BA,530,84,119439168.99999997,70.32868756814611,8,alto-alto,0.1872,False
101,BA,540,47,104918301.0,44.796760481281524,8,alto-alto,0.1907,False
101,BA,550,52,116575890.0,44.606135968595225,8,alto-baixo,0.3662,False
101,BA,560,49,128044211.89999999,38.268032012464595,8,baixo-baixo,0.4951,False
101,BA,570,33,137383955.99999994,24.02027206146256,8,baixo-baixo,0.3831,False
101,BA,580,54,127048433.49999999,42.50347565285014,8,baixo-baixo,0.3179,False
101,BA,590,30,106376205.90000005,28.20179545433476,8,baixo-baixo,0.4641,False
101,BA,600,26,116379520.00000003,22.340700494382514,8,baixo-baixo,0.3458,False
101,BA,610,67,116379520.00000003,57.570266658601085,8,alto-baixo,0.39,False
101,BA,620,42,116379520.00000003,36.088823875540974,8,baixo-baixo,0.4894,False
101,BA,630,12,126275418.25000003,9.503037223161206,8,baixo-baixo,0.3767,False
101,BA,640,27,126697836.40000002,21.31054544195831,8,baixo-baixo,0.2497,False
101,BA,650,50,136852406.50000003,36.53571119335778,8,baixo-alto,0.2456,False
101,BA,660,113,140743343.0,80.287989180419,8,alto-baixo,0.3504,False
101,BA,670,70,144286069.50000003,48.514732047642326,8,alto-alto,0.2663,False
101,BA,680,53,304027990.99999994,17.43260540770406,8,baixo-baixo,0.4401,False
101,BA,690,77,300437850.99999994,25.629260675280232,8,baixo-baixo,0.2139,False
101,BA,700,72,287144550.99999994,25.074478951195566,8,baixo-alto,0.0637,False
101,BA,710,369,235464712.0,156.71138017487732,8,alto-baixo,0.3884,False
101,BA,720,84,152816156.0,54.96801005778473,8,alto-alto,0.034,False
101,BA,730,118,152816156.0,77.21696650974522,8,alto-alto,0.1347,False
101,BA,740,109,139602754.5,78.07868862644827,8,alto-alto,0.1399,False
101,BA,750,67,125730163.00000004,53.28872436123381,8,alto-alto,0.2123,False
101,BA,760,38,122561598.00000004,31.004817675435326,8,baixo-baixo,0.4134,False
101,BA,770,28,118757203.00000003,23.57751723068115,8,baixo-baixo,0.4348,False
101,BA,780,37,118757203.00000003,31.15600491197152,8,baixo-baixo,0.4494,False
101,BA,790,57,115439115.75000003,49.37667759292412,8,alto-alto,0.1862,False
101,BA,800,91,107219961.80000004,84.87225556911173,8,alto-alto,0.1159,False
101,BA,810,102,108925803.9,93.6417234006753,8,alto-alto,0.1534,False
101,BA,820,50,122246347.5,40.901017513018125,8,baixo-alto,0.1023,False
101,BA,830,69,122246347.5,56.44340416796502,8,alto-alto,0.2947,False
101,BA,840,64,122246347.5,52.353302416663205,8,alto-alto,0.1993,False
101,BA,850,71,127378977.5,55.73918192269993,8,alto-alto,0.276,False
101,BA,860,65,147909497.5,43.94579191914299,8,alto-alto,0.0434,False
101,BA,870,257,161894490.75,158.74536484188545,8,alto-alto,0.1794,False
101,BA,880,129,175879484.0,73.345677998464,8,alto-alto,0.0388,False
101,BA,890,116,175879484.0,65.9542530838901,8,alto-alto,0.1606,False
101,BA,900,88,175879484.0,50.03426096019249,8,alto-alto,0.2197,False
101,BA,910,72,175879484.0,40.93712260379386,8,baixo-alto,0.2552,False
101,BA,920,80,161241049.49999997,49.61515708814586,8,alto-alto,0.2426,False
101,BA,930,97,158120872.54999998,61.34547478501124,8,alto-alto,0.1623,False
101,BA,940,95,130039279.99999996,73.054849273235,8,alto-baixo,0.402,False
101,BA,950,13,78023568.00000001,16.661632290386923,8,baixo-alto,0.125,False
101,ES,10,185,42736722.150000006,432.8829884301269,8,alto-alto,0.0758,False
101,ES,20,127,138372850.5,91.78101017728184,8,alto-alto,0.0052,False
101,ES,30,149,152143125.2,97.93409975254012,8,alto-alto,0.0907,False
101,ES,40,103,154916073.99999997,66.4876131575604,8,alto-alto,0.1266,False
101,ES,50,89,225760092.00000006,39.42237939910123,8,baixo-alto,0.0104,False
101,ES,60,661,183244658.40000004,360.7199280849541,8,alto-alto,0.149,False
101,ES,70,189,217523136.99999994,86.88730891187913,8,alto-alto,0.0121,False
101,ES,80,102,226232036.99999994,45.08645254341233,8,alto-alto,0.0802,False
101,ES,90,166,211366076.10000002,78.53672787181954,8,alto-alto,0.2318,False
101,ES,100,119,201455435.50000006,59.07013613440078,8,alto-alto,0.1066,False
101,ES,110,138,201455435.50000006,68.50150240796057,8,alto-alto,0.048,False
101,ES,120,267,183050602.50000003,145.86130630190084,8,alto-alto,0.044,False
101,ES,130,246,170953444.00000003,143.8988266302491,8,alto-alto,0.0319,False
101,ES,150,277,252585077.15,109.66601951527839,8,alto-alto,0.1155,False
101,ES,160,224,295277371.50000006,75.86087577997827,8,alto-alto,0.0761,False
101,ES,170,174,295277371.50000006,58.92764457909026,8,alto-alto,0.1295,False
101,ES,180,175,295283941.50000006,59.26499054131596,8,alto-alto,0.2408,False
101,ES,190,89,204460272.45000008,43.529238679736466,8,alto-alto,0.0804,False
101,ES,200,267,252425342.20000002,105.77384888259446,8,alto-alto,0.1223,False
101,ES,210,315,331129299.40000004,95.12900264965197,8,alto-alto,0.0754,False
101,ES,220,211,332135159.1,63.52835411094542,8,alto-alto,0.0927,False
101,ES,230,251,410556000.40000004,61.136604934638285,8,alto-alto,0.1963,False
101,ES,240,231,473128293.4999999,48.82396660135483,8,alto-alto,0.1693,False
101,ES,300,409,194693335.99999997,210.0739595935631,8,alto-alto,0.2836,False
101,ES,310,165,356981607.0,46.22086874072478,8,alto-alto,0.029,False
101,ES,320,134,341707817.0,39.21478916591481,8,baixo-alto,0.2478,False
101,ES,330,195,357531461.25000006,54.54065477713256,8,alto-baixo,0.4113,False
101,ES,340,135,358064890.50000006,37.70266328303975,8,baixo-alto,0.247,False
101,ES,350,158,340983146.00000006,46.33660104713796,8,alto-baixo,0.3895,False
101,ES,360,152,362377475.0,41.94521196440259,8,baixo-alto,0.1861,False
101,ES,370,172,250363435.29999992,68.70012779378094,8,alto-alto,0.2526,False
101,ES,380,181,312734606.1,57.8765497867938,8,alto-alto,0.1329,False
101,ES,390,217,337393049.8000001,64.31667757490361,8,alto-alto,0.2084,False
101,ES,400,129,251423537.65,51.30784540132335,8,alto-alto,0.1749,False
101,ES,410,107,198779941.69999996,53.828368740285235,8,alto-alto,0.2507,False
101,ES,420,110,224871236.69999996,48.91688310797644,8,alto-alto,0.2364,False
101,ES,430,112,226601453.49999997,49.42598481611241,8,alto-alto,0.3072,False
101,ES,440,96,229210969.89999995,41.88281217163508,8,baixo-alto,0.3309,False
101,ES,450,85,223551794.54999998,38.022508462122296,8,baixo-baixo,0.453,False
101,ES,460,13,42712066.400000006,30.436363996662074,8,baixo-baixo,0.38,False
101,PB,0,69,305746615.4,22.567706893412108,8,baixo-baixo,0.4429,False
101,PB,10,108,307878777.5,35.07874134000678,8,baixo-baixo,0.3011,False
101,PB,20,88,307878777.5,28.582678128894415,8,baixo-baixo,0.4717,False
101,PB,30,111,363333081.5000001,30.550479890722517,8,baixo-baixo,0.4645,False
101,PB,40,168,460559080.5,36.47740477022253,8,baixo-baixo,0.4298,False
101,PB,50,143,457020405.5,31.289631333540093,8,baixo-baixo,0.4437,False
101,PB,60,122,457020405.5,26.694650508334906,8,baixo-baixo,0.3835,False
101,PB,70,207,420106754.65,49.273190137696346,8,alto-baixo,0.3841,False
101,PB,90,438,524034642.75,83.582260459249,8,alto-baixo,0.4996,False
101,PB,100,181,564119289.5000002,32.08541231774347,8,baixo-alto,0.1567,False
101,PB,110,186,461295978.9999998,40.32118389655421,8,baixo-baixo,0.3399,False
101,PB,120,204,377119014.69999987,54.09432885856553,8,alto-baixo,0.3513,False
101,PE,100,176,127635236.69999997,137.89295538635534,8,alto-alto,0.2341,False
101,PE,110,127,248977267.5,51.00867291026881,8,alto-alto,0.0517,False
101,PE,120,145,233154145.2,62.190616373394846,8,alto-alto,0.3102,False
101,PE,130,105,266889985.6,39.3420531549536,8,baixo-alto,0.3165,False
101,PE,140,76,281497300.1999999,26.998482737135685,8,baixo-baixo,0.4322,False
101,PE,150,92,260242904.90000007,35.35158817695782,8,baixo-baixo,0.3148,False
101,PE,160,70,277749305.0,25.202583315194975,8,baixo-baixo,0.404,False
101,PE,170,67,276574005.0,24.22498094135781,8,baixo-baixo,0.3733,False
101,PE,180,122,216068323.65000004,56.463621293060356,8,alto-baixo,0.3369,False
101,RJ,0,48,136334157.59999996,35.20761109686867,8,baixo-baixo,0.3527,False
101,RJ,10,73,181665573.5,40.18372804135066,8,baixo-baixo,0.4867,False
101,RJ,20,52,164152034.00000003,31.67795045415032,8,baixo-baixo,0.4688,False
101,RJ,30,53,171773628.2,30.854561643357084,8,baixo-alto,0.1019,False
101,RJ,40,173,145823825.45,118.63630614965466,8,alto-baixo,0.4749,False
101,RJ,70,310,367330400.8999999,84.39268822849017,8,alto-alto,0.1524,False
101,RJ,80,228,353854871.0,64.43319526891577,8,alto-alto,0.1605,False
101,RJ,90,135,353854871.0,38.15123404080539,8,baixo-alto,0.2829,False
101,RJ,100,109,353854871.0,30.803588966279907,8,baixo-baixo,0.4303,False
101,RJ,110,84,353838446.0,23.739647556557493,8,baixo-baixo,0.2908,False
101,RJ,120,68,348224198.49999994,19.527649225101168,8,baixo-baixo,0.2551,False
101,RJ,130,72,310969951.54999995,23.1533624522636,8,baixo-baixo,0.3643,False
101,RJ,140,102,275731712.75000006,36.99248047411985,8,baixo-baixo,0.3479,False
101,RJ,150,72,225678149.50000006,31.90384189143663,8,baixo-baixo,0.4441,False
101,RJ,160,74,203110334.55000004,36.43339969083813,8,baixo-baixo,0.3497,False
101,RJ,170,78,335201217.50000006,23.26960521854309,8,baixo-baixo,0.426,False
101,RJ,180,84,335201217.50000006,25.059574850738716,8,baixo-baixo,0.4324,False
101,RJ,190,191,492357424.25,38.79295621284622,8,baixo-baixo,0.4621,False
101,RJ,200,199,501696573.40000004,39.66540944287821,8,baixo-baixo,0.4703,False
101,RJ,210,125,469019671.0000001,26.651334203848343,8,baixo-baixo,0.4843,False
101,RJ,220,127,469019671.0000001,27.077755551109917,8,baixo-baixo,0.2978,False
101,RJ,230,115,475072305.40000004,24.20684150451006,8,baixo-baixo,0.3141,False
101,RJ,240,123,489195118.9999998,25.14334162847607,8,baixo-baixo,0.3308,False
101,RJ,250,144,489195118.9999998,29.43610727236223,8,baixo-baixo,0.4578,False
101,RJ,260,418,889472748.6,46.994132271946256,8,alto-baixo,0.4401,False
101,RJ,320,1355,3303950916.800001,41.011505137986966,8,baixo-baixo,0.3782,False
101,RJ,330,472,1787049187.0500002,26.41225565700077,8,baixo-baixo,0.343,False
101,RJ,430,243,351722555.6,69.08854610858513,8,alto-baixo,0.0001,True
101,RJ,520,156,96828879.00000003,161.10896006551923,8,alto-alto,0.0718,False
101,RJ,530,141,149388879.0,94.3845358127361,8,alto-alto,0.0391,False
101,RJ,540,92,149388879.0,61.58423613313278,8,alto-alto,0.1153,False
101,RJ,550,72,149388879.0,48.19635871288652,8,alto-alto,0.1594,False
101,RJ,560,92,149388879.0,61.58423613313278,8,alto-alto,0.0443,False
101,RJ,570,180,110067582.30000003,163.5358897130967,8,alto-alto,0.1602,False
101,RJ,580,54,88432857.00000001,61.063276514972245,8,alto-alto,0.0349,False
101,RJ,590,55,79589571.30000001,69.10453103546241,8,alto-alto,0.1707,False
101,RN,0,22,66602849.39999998,33.03161981535283,8,baixo-baixo,0.2313,False
101,RN,10,14,80873962.5,17.310886677526156,8,baixo-baixo,0.4174,False
101,RN,20,22,80518270.00000003,27.322991415488673,8,baixo-baixo,0.25,False
101,RN,30,23,80740920.00000003,28.48617528757412,8,baixo-baixo,0.3352,False
101,RN,40,19,72633978.00000003,26.158556261368464,8,baixo-baixo,0.4597,False
101,RN,50,39,90551039.60000002,43.06963252136974,8,baixo-baixo,0.4058,False
101,RN,60,86,168112762.14999998,51.15614002181809,8,alto-alto,0.0074,False
101,RN,70,408,94434263.64999999,432.0465731719612,8,alto-alto,0.2318,False
101,RN,100,1165,152483604.50000003,764.0165667778398,8,alto-baixo,0.4288,False
101,RN,110,281,785813631.8999999,35.7591149596854,8,baixo-alto,0.0014,True
101,RN,120,222,563795370.25,39.375988472831914,8,baixo-baixo,0.3184,False
101,RN,130,89,532919491.0000001,16.700458794065757,8,baixo-alto,0.3099,False
101,RN,140,147,286873721.00000006,51.24205852232801,8,alto-baixo,0.2764,False
101,RN,150,103,319007153.00000006,32.2876772609547,8,baixo-baixo,0.4013,False
101,RN,160,83,306568036.9500001,27.073924870235878,8,baixo-baixo,0.3057,False
101,RN,170,40,209931027.50000003,19.053877112091016,8,baixo-baixo,0.3932,False
101,RS,20,131,463120694.29999983,28.286362845004064,8,baixo-baixo,0.2952,False
101,RS,30,124,563157733.4999998,22.018697892923466,8,baixo-baixo,0.2705,False
101,RS,40,114,567094594.3,20.10246635144129,8,baixo-baixo,0.184,False
101,RS,50,99,564896301.4999999,17.525340445161333,8,baixo-baixo,0.1516,False
101,RS,60,74,457445134.09999996,16.176803398639542,8,baixo-baixo,0.2295,False
101,RS,370,1,30580977.500000007,3.270006656916051,8,baixo-baixo,0.1003,False
101,RS,380,1,30580977.500000007,3.270006656916051,8,baixo-baixo,0.0133,False
101,RS,390,1,30580977.500000007,3.270006656916051,8,baixo-baixo,0.0103,False
101,RS,400,0,15290488.750000004,0.0,8,baixo-baixo,0.1003,False
101,SC,50,488,742529409.7499996,65.72130256285787,8,alto-baixo,0.3133,False
101,SC,60,289,1272025948.9999993,22.71966230148031,8,baixo-alto,0.304,False
101,SC,70,330,1272275973.9999993,25.937768750162707,8,baixo-baixo,0.3646,False
101,SC,80,590,979860406.8999999,60.21265844046016,8,alto-baixo,0.4425,False
101,SC,90,553,1496860254.9999995,36.94399648549692,8,baixo-alto,0.1838,False
101,SC,100,690,1239587942.75,55.66365855973473,8,alto-baixo,0.4048,False
101,SC,130,2207,1251441350.6,176.356646593295,8,alto-baixo,0.0001,True
101,SC,150,1015,1253001181.75,81.00551019292764,8,alto-baixo,0.442,False
101,SC,160,422,1432381888.1,29.461416924209153,8,baixo-alto,0.2599,False
101,SC,170,248,1410227103.5,17.585819999097755,8,baixo-baixo,0.4416,False
101,SC,230,276,375658766.49999994,73.47093282861005,8,alto-baixo,0.0001,True
101,SC,270,301,660237170.3999999,45.58967799671766,8,alto-baixo,0.0001,True
101,SC,300,245,780175710.5000001,31.403182219423886,8,baixo-alto,0.162,False
101,SC,310,331,530756446.25000006,62.36382098392647,8,alto-baixo,0.4892,False
101,SC,330,975,525911001.90000004,185.39258476767756,8,alto-baixo,0.3449,False
101,SC,340,343,840452704.7499998,40.81133870608798,8,baixo-alto,0.0352,False
101,SC,350,393,848607750.1,46.31114905015761,8,alto-alto,0.3117,False
101,SC,360,315,637272407.0,49.42941143221348,8,alto-alto,0.2822,False
101,SC,400,242,537935324.6499999,44.9868207032981,8,alto-baixo,0.0001,True
101,SC,430,259,445972848.2999998,58.07528440067147,8,alto-baixo,0.4502,False
101,SC,440,175,583968390.9999999,29.967375408851545,8,baixo-baixo,0.4076,False
101,SC,450,113,585440406.8000001,19.301708369884246,8,baixo-baixo,0.2884,False
101,SC,460,36,180342426.6,19.962024842799803,8,baixo-baixo,0.2582,False
101,SE,10,90,144658019.1,62.215700560495236,8,alto-alto,0.1684,False
101,SE,20,99,162077155.00000003,61.082019856530664,8,alto-alto,0.2184,False
101,SE,30,86,194134783.79999998,44.2991195687004,8,alto-alto,0.2133,False
101,SE,40,106,227545124.49999994,46.58416664954736,8,alto-alto,0.2801,False
101,SE,50,145,282658558.65,51.29864126263563,8,alto-alto,0.2588,False
101,SE,60,131,250876899.04999995,52.21684439502403,8,alto-alto,0.2417,False
101,SE,70,180,356042856.1999999,50.55571172558189,8,alto-alto,0.1502,False
101,SE,80,263,354867508.74999994,74.11216679892789,8,alto-alto,0.239,False
101,SE,100,172,417976235.0500002,41.15066493659014,8,baixo-baixo,0.4962,False
101,SE,110,145,451432102.2000001,32.12000194345062,8,baixo-baixo,0.4649,False
101,SE,120,79,334481846.3,23.61862112215924,8,baixo-baixo,0.4968,False
101,SE,140,116,239848989.79999995,48.363764257138435,8,alto-alto,0.0369,False
101,SE,150,179,130212968.89999999,137.46710601266386,8,alto-baixo,0.4041,False
101,SE,160,41,140254608.0,29.23255113300805,8,baixo-alto,0.0609,False
101,SE,170,55,112528707.94999997,48.87641651803042,8,alto-alto,0.0833,False
101,SE,180,138,102298327.35,134.8995663710625,8,alto-alto,0.2581,False
116,BA,30,9,105001119.5,8.571337184647826,8,baixo-baixo,0.2145,False
116,BA,40,14,85892873.10000001,16.299373271284832,8,baixo-baixo,0.074,False
116,BA,50,13,76307338.00000001,17.036369424916902,8,baixo-baixo,0.0813,False
116,BA,60,8,76307338.00000001,10.483919646102711,8,baixo-baixo,0.0569,False
116,BA,70,3,58529815.9,5.125592749387069,8,baixo-baixo,0.064,False
116,BA,80,6,46679229.49999999,12.853682599880962,8,baixo-baixo,0.0264,False
116,BA,90,4,46681784.49999999,8.568652725775728,8,baixo-baixo,0.0301,False
116,BA,100,1,46681784.49999999,2.142163181443932,8,baixo-baixo,0.0461,False
116,BA,110,5,46681784.49999999,10.710815907219658,8,baixo-baixo,0.0147,False
116,BA,120,3,46681784.49999999,6.426489544331795,8,baixo-baixo,0.226,False
116,BA,130,15,46681784.49999999,32.13244772165897,8,baixo-baixo,0.1082,False
116,BA,140,11,46681784.49999999,23.56379499588325,8,baixo-baixo,0.344,False
116,BA,150,10,46255793.0,21.618913765028307,8,baixo-baixo,0.3986,False
116,BA,160,16,45829801.50000001,34.91178114747016,8,baixo-baixo,0.1699,False
116,BA,170,7,45829801.50000001,15.273904252018196,8,baixo-baixo,0.378,False
116,BA,180,10,45829801.50000001,21.81986321716885,8,baixo-baixo,0.213,False
116,BA,190,12,45829801.50000001,26.183835860602624,8,baixo-baixo,0.3321,False
116,BA,200,7,22914900.749999996,30.547808504036404,8,baixo-baixo,0.4066,False
116,BA,210,29,57008229.44999999,50.86984858113324,8,alto-baixo,0.369,False
116,BA,220,21,83165067.5,25.250986539510716,8,baixo-baixo,0.4365,False
116,BA,230,18,77624236.1,23.1886339941708,8,baixo-baixo,0.3647,False
116,BA,270,39,81875000.55,47.63358746627819,8,alto-baixo,0.339,False
116,BA,280,33,136073496.50000003,24.251599943270357,8,baixo-baixo,0.413,False
116,BA,290,17,136073496.50000003,12.493248455624125,8,baixo-baixo,0.1937,False
116,BA,300,22,136073496.50000003,16.16773329551357,8,baixo-baixo,0.0553,False
116,BA,310,1,13607349.649999999,7.348969679778899,8,baixo-baixo,0.1992,False
116,BA,320,29,117215304.3,24.74079658214051,8,baixo-baixo,0.196,False
116,BA,330,40,130350913.35000001,30.68639794843447,8,baixo-baixo,0.4929,False
116,BA,340,56,127774710.49999999,43.82713901746622,8,alto-alto,0.3243,False
116,BA,350,84,146230534.00000003,57.443543220597135,8,alto-baixo,0.3715,False
116,BA,360,85,224248623.35000002,37.904357551990294,8,baixo-baixo,0.3769,False
116,BA,370,53,223746313.99999988,23.68754106045297,8,baixo-baixo,0.4248,False
116,BA,380,85,227104678.99999988,37.427674486618585,8,baixo-baixo,0.2429,False
116,BA,390,59,272426363.9999999,21.657228446509688,8,baixo-baixo,0.3698,False
116,BA,400,93,479632852.65000004,19.389831093964784,8,baixo-baixo,0.4571,False
116,BA,410,302,599643279.4999999,50.36327602167349,8,alto-alto,0.0187,False
116,BA,420,663,212876303.75000003,311.44847421750666,8,alto-alto,0.3342,False
116,BA,430,127,349687830.25,36.31810689814533,8,baixo-alto,0.0159,False
116,BA,440,130,369542461.50000006,35.178636704513046,8,baixo-baixo,0.4093,False
116,BA,450,130,318935992.59999996,40.76052970385256,8,baixo-baixo,0.3881,False
116,BA,460,134,300553099.75,44.584467806674155,8,alto-baixo,0.4471,False
116,BA,470,71,315150709.0,22.52890378234878,8,baixo-baixo,0.4774,False
116,BA,480,66,306157474.0,21.557533493368187,8,baixo-baixo,0.264,False
116,BA,490,77,306691717.20000005,25.106644777689482,8,baixo-baixo,0.2928,False
116,BA,500,60,208919576.00000003,28.71918522369584,8,baixo-baixo,0.41,False
116,BA,510,73,208919576.00000003,34.9416753554966,8,baixo-baixo,0.3907,False
116,BA,520,61,204869791.50000003,29.77500955771705,8,baixo-baixo,0.4083,False
116,BA,530,50,200820007.00000006,24.89791766614169,8,baixo-baixo,0.3989,False
116,BA,540,98,201613378.3,48.607885461934146,8,alto-baixo,0.2833,False
116,BA,550,50,203464577.99999994,24.57430206844162,8,baixo-baixo,0.3917,False
116,BA,560,64,209174159.84999993,30.596513472741947,8,baixo-baixo,0.4139,False
116,BA,570,97,186889745.49999994,51.902259131708234,8,alto-baixo,0.3654,False
116,BA,580,95,182933437.49999994,51.93145730943805,8,alto-alto,0.3109,False
116,BA,590,69,180766976.35000002,38.1706888023632,8,baixo-baixo,0.3498,False
116,BA,600,59,179882070.35,32.79926670023453,8,baixo-baixo,0.499,False
116,BA,610,54,180274266.49999997,29.954358460806723,8,baixo-baixo,0.3033,False
116,BA,620,32,175269623.75,18.257584694564052,8,baixo-alto,0.2146,False
116,BA,630,124,160230484.95000005,77.38851944353424,8,alto-baixo,0.414,False
116,BA,640,97,166875627.5,58.12712224857402,8,alto-alto,0.1717,False
116,BA,650,73,174690138.8,41.78827751895976,8,baixo-alto,0.3345,False
116,BA,660,59,205948184.0000001,28.647982640138245,8,baixo-alto,0.1196,False
116,BA,670,127,128446022.15000005,98.87421803665404,8,alto-baixo,0.442,False
116,BA,680,65,190415758.64999998,34.13583017541915,8,baixo-alto,0.1308,False
116,BA,690,76,209501750.99999997,36.27654644280277,8,baixo-baixo,0.4404,False
116,BA,700,58,203360990.99999997,28.52071073945544,8,baixo-baixo,0.4913,False
116,BA,710,62,199315071.85,31.106528685728186,8,baixo-baixo,0.2658,False
116,BA,720,38,197581106.5,19.232608154261953,8,baixo-baixo,0.4375,False
116,BA,730,62,197581106.5,31.379518567480037,8,baixo-baixo,0.4194,False
116,BA,740,56,134468168.10000002,41.64554391664981,8,baixo-baixo,0.3946,False
116,BA,750,91,192097383.00000006,47.37180620518915,8,alto-baixo,0.463,False
116,BA,760,57,191280797.70000002,29.79912290484974,8,baixo-alto,0.2461,False
116,BA,770,125,233094913.00000006,53.62622392364263,8,alto-baixo,0.4921,False
116,BA,780,87,222526520.5,39.096463560620855,8,baixo-baixo,0.3389,False
116,BA,790,74,227403497.2,32.541276150611466,8,baixo-alto,0.3253,False
116,BA,800,113,231264839.49999994,48.86172936807371,8,alto-alto,0.0467,False
116,BA,810,315,179707859.5,175.2844872096426,8,alto-alto,0.2577,False
116,BA,830,123,84306754.64999999,145.89578321527767,8,alto-baixo,0.3914,False
116,BA,840,87,232513030.00000018,37.417257862924906,8,baixo-alto,0.0654,False
116,BA,850,81,232513030.00000018,34.836757320654215,8,baixo-baixo,0.4461,False
116,BA,860,56,217446925.0000001,25.753410861064133,8,baixo-baixo,0.3398,False
116,BA,870,39,201134534.8,19.39000681249494,8,baixo-baixo,0.2151,False
116,BA,880,33,196852603.00000003,16.763811855716227,8,baixo-baixo,0.2059,False
116,BA,890,44,196852603.00000003,22.35174914095497,8,baixo-baixo,0.4149,False
116,BA,900,86,196737051.30000004,43.71316914212589,8,alto-baixo,0.4567,False
116,BA,910,88,176647360.05000004,49.81676486707279,8,alto-baixo,0.4409,False
116,BA,920,59,197098722.50000003,29.934237650880764,8,baixo-baixo,0.3956,False
116,BA,930,18,197098722.50000003,9.132479283319554,8,baixo-baixo,0.1005,False
116,BA,940,0,98549361.24999997,0.0,8,baixo-baixo,0.1347,False
116,CE,50,135,296973132.29999995,45.45865781003517,8,alto-alto,0.13,False
116,CE,60,205,293080188.2999999,69.94672727252376,8,alto-alto,0.3303,False
116,CE,70,64,153538523.85000002,41.683349816834905,8,baixo-alto,0.2304,False
116,CE,80,49,144511347.50000003,33.9073718761082,8,baixo-baixo,0.4266,False
116,CE,90,42,125540308.24999999,33.45539021328634,8,baixo-baixo,0.4451,False
116,CE,100,31,106569268.99999997,29.08906131278803,8,baixo-baixo,0.4934,False
116,CE,110,30,84997714.25,35.29506677292796,8,baixo-baixo,0.4542,False
116,CE,120,23,66333749.500000015,34.6731492993623,8,baixo-baixo,0.4034,False
116,CE,130,28,66333749.500000015,42.210790451397585,8,baixo-alto,0.299,False
116,CE,140,46,79992137.09999998,57.505652014890366,8,alto-baixo,0.3814,False
116,CE,150,59,154526509.50000003,38.181151047095895,8,baixo-alto,0.1081,False
116,CE,160,87,97672058.20000003,89.07358112783169,8,alto-alto,0.2533,False
116,CE,170,60,98156530.00000004,61.12685523826074,8,alto-alto,0.1913,False
116,CE,180,23,94529890.00000003,24.330928556036607,8,baixo-alto,0.1988,False
116,CE,190,47,93950919.69999999,50.026120180705384,8,alto-baixo,0.2844,False
116,CE,200,21,84257001.49999999,24.923744764403946,8,baixo-baixo,0.459,False
116,CE,210,14,97403242.99999999,14.373238065595006,8,baixo-baixo,0.2783,False
116,CE,220,23,96210072.59999998,23.906020833831075,8,baixo-baixo,0.2184,False
116,CE,230,23,81364120.99999997,28.267988048442152,8,baixo-baixo,0.2278,False
116,CE,240,15,76567721.69999999,19.590500627368154,8,baixo-baixo,0.2436,False
116,CE,250,11,66147928.00000005,16.629394650124176,8,baixo-baixo,0.1436,False
116,CE,260,10,66147928.00000005,15.117631500112886,8,baixo-baixo,0.1571,False
116,CE,270,13,66147928.00000005,19.652920950146754,8,baixo-baixo,0.1198,False
116,CE,280,13,77587057.20000005,16.75537192561544,8,baixo-baixo,0.3556,False
116,CE,290,31,86960373.99999997,35.64842073931284,8,baixo-baixo,0.4344,False
116,CE,300,50,86960373.99999997,57.497452805343286,8,alto-baixo,0.363,False
116,CE,310,40,85098655.0,47.00426816381528,8,alto-alto,0.1525,False
116,CE,320,46,67295232.5,68.35551091973716,8,alto-baixo,0.3626,False
116,CE,330,24,67295232.5,35.663744827688944,8,baixo-alto,0.238,False
116,CE,340,23,67295232.5,34.17775545986858,8,baixo-baixo,0.3931,False
116,CE,350,29,67295232.5,43.09369166679081,8,baixo-baixo,0.3701,False
116,CE,360,32,67295232.5,47.55165977025193,8,alto-alto,0.0869,False
116,CE,370,86,72651713.35,118.3729825967002,8,alto-baixo,0.4001,False
116,CE,380,25,82422402.00000001,30.331559616522696,8,baixo-alto,0.1097,False
116,CE,390,23,82422402.00000001,27.905034847200877,8,baixo-baixo,0.3055,False
116,CE,400,18,86930152.00000003,20.706279220586197,8,baixo-baixo,0.366,False
116,CE,410,25,88439328.45000003,28.267966795037317,8,baixo-baixo,0.3198,False
116,CE,420,31,98392363.79999998,31.506510061098872,8,baixo-baixo,0.3845,False
116,CE,430,25,84771771.94999999,29.4909489620501,8,baixo-baixo,0.414,False
116,CE,440,31,107486988.50000001,28.840700100180026,8,baixo-baixo,0.4135,False
116,CE,450,51,108371343.35000001,47.06041138134512,8,alto-baixo,0.4692,False
116,CE,460,46,109233258.0,42.11171656163547,8,baixo-alto,0.2429,False
116,CE,470,54,99003545.35,54.543501254523505,8,alto-alto,0.1888,False
116,CE,480,75,103660204.40000004,72.35177707212776,8,alto-alto,0.1315,False
116,CE,490,74,91417177.30000003,80.94758795402008,8,alto-alto,0.0688,False
116,CE,500,95,90428385.00000003,105.05550884271567,8,alto-alto,0.1722,False
116,CE,510,36,94923042.44999997,37.92545947835873,8,baixo-alto,0.0973,False
116,CE,520,43,88536881.99999996,48.56733039232172,8,alto-baixo,0.4761,False
116,CE,530,26,80440780.49999999,32.32191413160145,8,baixo-alto,0.2909,False
116,CE,540,27,60245206.39999999,44.81684371820827,8,alto-baixo,0.4925,False
116,MG,0,61,167610533.10000002,36.39389414960341,8,baixo-baixo,0.3809,False
116,MG,10,53,199675330.5000001,26.543088656612976,8,baixo-baixo,0.4265,False
116,MG,20,57,226884894.25,25.12287130812368,8,baixo-baixo,0.2157,False
116,MG,30,41,253564477.99999994,16.169457300718598,8,baixo-baixo,0.1929,False
116,MG,40,23,149089922.10000008,15.426931395519178,8,baixo-baixo,0.1609,False
116,MG,50,35,165655469.0000001,21.128188650384963,8,baixo-baixo,0.0625,False
116,MG,60,14,165655469.0000001,8.451275460153985,8,baixo-baixo,0.2971,False
116,MG,70,47,159901441.10000005,29.39310595118832,8,baixo-baixo,0.0921,False
116,MG,80,32,156065422.5,20.504221554905925,8,baixo-baixo,0.4009,False
116,MG,90,76,156065422.5,48.69752619290157,8,alto-baixo,0.2396,False
116,MG,100,38,156065422.5,24.348763096450785,8,baixo-alto,0.1075,False
116,MG,110,151,152868361.95,98.7777968402572,8,alto-baixo,0.3403,False
116,MG,170,65,129865769.95000005,50.05168030422937,8,alto-baixo,0.4951,False
116,MG,180,48,148442215.0,32.33581498362848,8,baixo-baixo,0.4169,False
116,MG,190,39,148442215.0,26.27284967419814,8,baixo-baixo,0.4823,False
116,MG,200,56,149118935.95,37.55391603570519,8,baixo-baixo,0.4992,False
116,MG,210,62,148079076.49999994,41.86952097854286,8,baixo-alto,0.1752,False
116,MG,220,117,145460201.49999997,80.434372284298,8,alto-baixo,0.4033,False
116,MG,230,52,145460201.49999997,35.748609904132444,8,baixo-alto,0.1671,False
116,MG,240,58,145460201.49999997,39.873449508455415,8,baixo-baixo,0.3831,False
116,MG,250,75,168558240.99999994,44.49500632840611,8,alto-alto,0.2915,False
116,MG,260,102,191656280.49999994,53.22027524164543,8,alto-alto,0.019,False
116,MG,270,456,161319064.6,282.66962812527987,8,alto-alto,0.2144,False
116,MG,280,114,211641381.0,53.86470238539976,8,alto-alto,0.0222,False
116,MG,290,59,211641381.0,27.877345971391104,8,baixo-alto,0.2075,False
116,MG,300,98,178072261.65000004,55.03383800033854,8,alto-baixo,0.4095,False
116,MG,310,55,170291443.50000003,32.29757107555436,8,baixo-baixo,0.4527,False
116,MG,320,30,170291443.50000003,17.616856950302378,8,baixo-baixo,0.4188,False
116,MG,330,48,167302137.3,28.690607767866215,8,baixo-baixo,0.178,False
116,MG,340,34,160327089.49999997,21.20664705261802,8,baixo-baixo,0.4133,False
116,MG,350,51,160326410.59999996,31.81010527781379,8,baixo-baixo,0.2045,False
116,MG,360,32,156303752.9,20.47295692284046,8,baixo-baixo,0.3418,False
116,MG,370,90,167463905.30000004,53.74292438646478,8,alto-baixo,0.2256,False
116,MG,380,24,103371876.29999998,23.21714653833753,8,baixo-alto,0.2127,False
116,MG,420,149,119304797.9,124.89019940747913,8,alto-baixo,0.0001,True
116,MG,480,50,43182952.9,115.78643108493861,8,alto-baixo,0.0001,True
116,MG,560,96,129573594.74999996,74.08916931356497,8,alto-alto,0.0474,False
116,MG,570,156,130301860.99999996,119.72200458441652,8,alto-alto,0.0301,False
116,MG,580,198,115366236.19999996,171.62733787790856,8,alto-alto,0.057,False
116,MG,590,88,123285725.14999998,71.37890448625066,8,alto-alto,0.0272,False
116,MG,600,87,91882373.44999999,94.68627848119655,8,alto-alto,0.16,False
116,MG,610,50,97828624.94999999,51.10978512225323,8,alto-alto,0.0989,False
116,MG,620,79,136328967.3,57.94806603805323,8,alto-alto,0.1277,False
116,MG,630,107,124212576.95000002,86.14264563810741,8,alto-alto,0.1165,False
116,MG,640,88,104843402.99999994,83.93470402710989,8,alto-alto,0.0705,False
116,MG,650,86,96700037.65000002,88.93481542506926,8,alto-alto,0.0904,False
116,MG,700,481,154466846.60000005,311.39368128979453,8,alto-alto,0.1007,False
116,MG,710,167,207746502.5000001,80.38643153571257,8,alto-alto,0.0159,False
116,MG,720,74,207907102.5000001,35.59281963443262,8,baixo-alto,0.158,False
116,MG,730,83,189707461.55000004,43.75157377672475,8,alto-alto,0.2598,False
116,MG,740,78,124309878.64999996,62.74642115902349,8,alto-alto,0.1502,False
116,MG,750,114,137686978.99999994,82.79650031394766,8,alto-alto,0.0258,False
116,MG,760,127,57292699.5,221.66873110944965,8,alto-alto,0.0312,False
116,MG,770,171,106842405.79999997,160.04881088141883,8,alto-alto,0.019,False
116,MG,780,157,143123836.49999997,109.69521488476872,8,alto-alto,0.0512,False
116,MG,790,59,142832201.49999997,41.307211805455516,8,baixo-alto,0.0667,False
116,MG,800,99,140207486.49999997,70.6096389510556,8,alto-alto,0.0856,False
116,MG,810,113,92710883.29999998,121.88428799059886,8,alto-alto,0.1278,False
116,PB,0,45,86779060.25,51.85582774273014,8,alto-baixo,0.3322,False
116,PB,10,14,33433164.150000002,41.874588768170774,8,baixo-alto,0.226,False
116,PE,0,26,87521086.99999999,29.707126466562286,8,baixo-baixo,0.4975,False
116,PE,10,28,87521086.99999999,31.992290040913232,8,baixo-alto,0.0779,False
116,PE,20,137,98042576.99999999,139.73520912246116,8,alto-baixo,0.3808,False
116,PE,30,55,113824812.0,48.31986895792105,8,alto-alto,0.0761,False
116,PE,40,32,102446710.8,31.235751494717586,8,baixo-baixo,0.4619,False
116,PE,50,19,113832112.0,16.691247896727067,8,baixo-baixo,0.3181,False
116,PE,60,24,113832112.0,21.083681553760506,8,baixo-baixo,0.2562,False
116,PE,70,34,113832112.0,29.868548867827382,8,baixo-baixo,0.1898,False
116,PE,80,21,110949842.04999997,18.927471740370997,8,baixo-baixo,0.1172,False
116,PE,90,0,18960501.700000003,0.0,8,baixo-baixo,0.254,False
116,PR,50,215,587956632.8500001,36.56732282410545,8,baixo-baixo,0.473,False
116,PR,60,200,648651683.5000002,30.833189073192305,8,baixo-alto,0.0736,False
116,PR,70,143,104000227.45,137.49969928551343,8,alto-baixo,0.4732,False
116,PR,90,384,739503767.7999998,51.92671311768807,8,alto-baixo,0.0001,True
116,PR,110,166,168443193.0,98.5495448308202,8,alto-alto,0.1105,False
116,PR,120,1174,1530198880.4999995,76.72205325469785,8,alto-alto,0.0662,False
116,PR,150,54,66004570.6,81.81251617747817,8,alto-alto,0.0945,False
116,PR,160,137,165011426.49999997,83.02455345418157,8,alto-alto,0.1484,False
116,PR,170,75,163726958.65,45.80797238182864,8,alto-alto,0.1774,False
116,PR,180,57,163584240.0,34.84443244654864,8,baixo-alto,0.2692,False
116,PR,190,94,183502600.25,51.225432158419785,8,alto-alto,0.1389,False
116,PR,200,198,203420960.5,97.33510229886069,8,alto-alto,0.1081,False
116,PR,210,99,101710480.24999999,97.33510229886072,8,alto-alto,0.0695,False
116,RJ,0,68,21296910.5,319.29513907662806,8,alto-alto,0.0982,False
116,RJ,10,87,106484552.49999996,81.7019914696078,8,alto-alto,0.0107,False
116,RJ,20,127,97929865.0,129.68464727282122,8,alto-alto,0.0906,False
116,RJ,30,85,110672088.0,76.80346647114852,8,alto-alto,0.0291,False
116,RJ,40,156,123562756.50000003,126.2516347310526,8,alto-alto,0.1151,False
116,RJ,50,59,88920172.15,66.35164842064466,8,alto-alto,0.0441,False
116,RJ,90,287,166648542.75,172.21872766721208,8,alto-alto,0.0223,False
116,RJ,100,343,196577593.75,174.48580657478925,8,alto-alto,0.0316,False
116,RJ,110,267,391812732.10000014,68.1447993200627,8,alto-alto,0.0369,False
116,RJ,120,328,615969196.6000001,53.24941601146293,8,alto-alto,0.1399,False
116,RJ,130,567,897124813.0000002,63.20190811621213,8,alto-alto,0.0517,False
116,RJ,140,591,401279605.7,147.27885285100598,8,alto-alto,0.1593,False
116,RJ,210,223,654524088.1999999,34.07055661057029,8,baixo-alto,0.0541,False
116,RJ,220,533,469011677.5,113.64322586616193,8,alto-baixo,0.4659,False
116,RJ,310,409,825139717.3999999,49.56736312351459,8,alto-baixo,0.3632,False
116,RJ,320,204,801095108.8000001,25.465141124826197,8,baixo-baixo,0.4369,False
116,RJ,330,85,638195681.8000001,13.318798986583804,8,baixo-baixo,0.3625,False
116,RS,40,154,25749837.5,598.0620266050223,8,alto-alto,0.0936,False
116,RS,50,88,105086861.65,83.74024936922264,8,alto-alto,0.003,False
116,RS,60,25,49874768.000000015,50.12554644865715,8,alto-alto,0.0807,False
116,RS,70,38,44887291.20000001,84.65647844662097,8,alto-baixo,0.3904,False
116,RS,80,22,76189735.0,28.875280902342027,8,baixo-alto,0.0979,False
116,RS,90,54,76189735.0,70.8756894875668,8,alto-baixo,0.3597,False
116,RS,100,41,76189735.0,53.81302349981923,8,alto-alto,0.0261,False
116,RS,110,143,68625256.0,208.37809333636585,8,alto-alto,0.2141,False
116,RS,170,44,131869609.0,33.36629291135609,8,baixo-alto,0.2012,False
116,RS,180,72,128690115.90000004,55.9483527514641,8,alto-baixo,0.4767,False
116,RS,210,91,354586969.75,25.663661601597813,8,baixo-alto,0.1977,False
116,RS,220,193,340627949.8999999,56.66005976804313,8,alto-baixo,0.3668,False
116,RS,290,166,606748070.2000002,27.358966291443174,8,baixo-alto,0.1548,False
116,RS,300,256,395973535.0000002,64.65078531068998,8,alto-baixo,0.2917,False
116,RS,310,78,340076449.50000006,22.936019272925275,8,baixo-alto,0.2412,False
116,RS,320,86,229168520.4,37.526969170936795,8,baixo-baixo,0.424,False
116,RS,330,82,212569791.35,38.575565925539024,8,baixo-baixo,0.4598,False
116,RS,340,57,209377906.50000003,27.223502686039126,8,baixo-baixo,0.4808,False
116,RS,350,66,209377906.50000003,31.521950478571622,8,baixo-baixo,0.4834,False
116,RS,360,85,199245210.85000005,42.66100030077585,8,baixo-baixo,0.3673,False
116,RS,370,49,194639097.00000003,25.174798257515544,8,baixo-baixo,0.4566,False
116,RS,380,42,192267327.00000003,21.844585169689278,8,baixo-alto,0.3334,False
116,RS,390,118,192267327.00000003,61.37288214341274,8,alto-baixo,0.3877,False
116,RS,400,83,143791089.35000002,57.72263105815325,8,alto-alto,0.3263,False
116,RS,410,50,190661071.5000001,26.224545790407966,8,baixo-alto,0.2477,False
116,RS,420,83,192216551.85000008,43.180464533965136,8,baixo-baixo,0.2348,False
116,RS,430,36,195586856.0000001,18.406144838280944,8,baixo-baixo,0.3939,False
116,RS,440,31,195586856.0000001,15.849735832964148,8,baixo-baixo,0.2115,False
116,RS,450,47,195586856.0000001,24.030244649977902,8,baixo-baixo,0.1147,False
116,RS,460,32,199088848.50000003,16.07322571861678,8,baixo-baixo,0.2558,False
116,RS,470,46,202590840.99999997,22.705863588374168,8,baixo-baixo,0.1906,False
116,RS,480,50,206087832.99999997,24.261500192493173,8,baixo-baixo,0.226,False
116,RS,490,44,206962080.99999997,21.259933117893226,8,baixo-baixo,0.209,False
116,RS,500,37,206962080.99999997,17.877671030955668,8,baixo-alto,0.1087,False
116,RS,510,168,132041472.89999998,127.23275218781662,8,alto-baixo,0.2366,False
116,RS,530,101,77286742.49999996,130.6821800647117,8,alto-baixo,0.1287,False
116,RS,540,7,86143102.49999994,8.126013339257202,8,baixo-alto,0.0922,False
116,RS,550,24,86143102.49999994,27.860617163167554,8,baixo-baixo,0.2837,False
116,RS,560,33,80025888.64999999,41.236655483237804,8,baixo-baixo,0.2722,False
116,RS,570,17,82896646.5,20.507464074556985,8,baixo-baixo,0.4336,False
116,RS,580,17,80921266.5,21.00807455849693,8,baixo-baixo,0.2091,False
116,RS,590,17,79604346.5,21.35561781164801,8,baixo-baixo,0.1659,False
116,RS,600,13,79604346.5,16.33076656184848,8,baixo-baixo,0.4603,False
116,RS,610,37,85629985.49999999,43.20916298648679,8,alto-baixo,0.2355,False
116,RS,620,24,85645826.49999999,28.022381219007798,8,baixo-baixo,0.469,False
116,RS,630,19,85645826.49999999,22.184385131714507,8,baixo-baixo,0.2113,False
116,RS,640,12,85645826.49999999,14.011190609503899,8,baixo-alto,0.1623,False
116,RS,650,73,71537178.55,102.04484085010088,8,alto-baixo,0.18,False
116,SC,10,71,87515524.4,81.12846319184028,8,alto-alto,0.1472,False
116,SC,20,70,104855039.2,66.75883251207635,8,alto-alto,0.1063,False
116,SC,30,70,101828795.0,68.74283448016841,8,alto-alto,0.1917,False
116,SC,40,48,101828795.0,47.13794364354405,8,alto-alto,0.065,False
116,SC,50,147,128424768.19999999,114.46390136447216,8,alto-alto,0.2229,False
116,SC,60,88,150544140.5,58.454616504984465,8,alto-alto,0.0908,False
116,SC,70,67,150544140.5,44.50521938447681,8,alto-alto,0.3043,False
116,SC,80,45,139226585.5,32.32141321170302,8,baixo-baixo,0.4259,False
116,SC,90,41,131896290.49999999,31.085028884872244,8,baixo-alto,0.2443,False
116,SC,100,91,131896290.49999999,68.99360069569205,8,alto-baixo,0.4098,False
116,SC,110,56,121791261.84999998,45.980310204003366,8,alto-alto,0.2295,False
116,SC,120,48,135752040.99999997,35.35858440610849,8,baixo-alto,0.1479,False
116,SC,130,81,98163508.8,82.51538783625877,8,alto-baixo,0.3923,False
116,SC,140,44,100793344.75,43.653675854426886,8,alto-alto,0.2076,False
116,SC,150,39,143990492.5,27.0851216096785,8,baixo-alto,0.2955,False
116,SC,160,68,140062596.10000002,48.549721262806145,8,alto-alto,0.2921,False
116,SC,170,88,134170751.50000001,65.58806522001183,8,alto-alto,0.2501,False
116,SC,180,42,81612014.4,51.46301106372397,8,alto-alto,0.2182,False
116,SC,190,56,136020023.99999997,41.170408850979186,8,baixo-alto,0.1324,False
116,SC,200,111,132856317.14999996,83.5489063532272,8,alto-alto,0.0691,False
116,SC,210,173,125474334.49999994,137.87680220770574,8,alto-alto,0.0945,False
116,SC,240,209,159405760.14999998,131.1119496581128,8,alto-baixo,0.3232,False
116,SC,250,93,216987536.0,42.85960461802746,8,baixo-alto,0.0873,False
116,SC,260,64,204910510.89999998,31.23314646911068,8,baixo-baixo,0.4715,False
116,SC,270,36,156602410.49999997,22.98815189693393,8,baixo-baixo,0.2778,False
116,SC,280,28,155557780.49999997,17.99974254582528,8,baixo-baixo,0.1374,False
116,SC,290,18,154861360.49999997,11.623299667446744,8,baixo-baixo,0.3348,False
116,SC,300,56,154861360.49999997,36.16137674316765,8,baixo-baixo,0.1529,False
116,SP,10,104,557838741.8,18.643380641584546,8,baixo-alto,0.2536,False
116,SP,20,286,576183499.4499999,49.63696466021733,8,alto-baixo,0.3208,False
116,SP,30,170,494271090.05,34.39408118787667,8,baixo-baixo,0.3626,False
116,SP,40,258,780712333.4999996,33.04674320224507,8,baixo-baixo,0.4371,False
116,SP,50,529,1317114628.9499998,40.163550565201554,8,baixo-baixo,0.3573,False
116,SP,60,503,998192510.0000001,50.39108137567571,8,alto-baixo,0.3591,False
116,SP,80,201,653478673.4499999,30.758463614249724,8,baixo-baixo,0.3793,False
116,SP,90,387,1006796790.05,38.43873995474108,8,baixo-baixo,0.4695,False
116,SP,110,699,1113799887.1000001,62.75813169814425,8,alto-baixo,0.4716,False
116,SP,120,436,1415529232.2,30.801200715747395,8,baixo-alto,0.1634,False
116,SP,320,341,575829183.0000001,59.21895070052396,8,alto-baixo,0.3587,False
116,SP,330,263,654813358.0000001,40.16411650539358,8,baixo-alto,0.2319,False
116,SP,340,292,654814088.0000001,44.59280967699643,8,alto-baixo,0.4816,False
116,SP,350,194,646452668.0000001,30.00993105963946,8,baixo-alto,0.3045,False
116,SP,360,299,645370282.3999999,46.32999196803427,8,alto-baixo,0.2502,False
116,SP,370,74,452545279.19999987,16.351954909532072,8,baixo-alto,0.2845,False
116,SP,400,168,539867083.5000001,31.118770737204976,8,baixo-baixo,0.4036,False
116,SP,410,176,638664834.55,27.557490326519808,8,baixo-baixo,0.3171,False
116,SP,420,148,687725334.9999998,21.52021926020801,8,baixo-baixo,0.2867,False
116,SP,430,155,688062229.9999998,22.527032184283687,8,baixo-alto,0.3247,False
116,SP,440,441,663118582.5999999,66.50394236742659,8,alto-baixo,0.2235,False
116,SP,450,133,621904994.5,21.385903180747007,8,baixo-alto,0.2825,False
116,SP,460,162,572420561.1499999,28.300870198397494,8,baixo-baixo,0.3416,False
116,SP,470,198,593085766.15,33.38471622499248,8,baixo-baixo,0.4136,False
116,SP,550,172,627908383.1000001,27.39253124012001,8,baixo-alto,0.0553,False
116,SP,560,142,127303218.1,111.54470571863729,8,alto-baixo,0.3979,False
135,BA,0,4,33210970.4,12.044212956812608,8,baixo-baixo,0.1754,False
135,BA,10,9,66483910.50000002,13.537109854571503,8,baixo-baixo,0.1209,False
135,BA,20,13,66497970.30000002,19.549468865518136,8,baixo-baixo,0.0819,False
135,BA,30,9,66519060.0,13.52995667707872,8,baixo-baixo,0.2132,False
135,BA,40,15,66519060.0,22.5499277951312,8,baixo-baixo,0.0922,False
135,BA,50,10,66519060.0,15.033285196754134,8,baixo-baixo,0.1293,False
135,BA,60,7,66519060.0,10.523299637727893,8,baixo-baixo,0.1355,False
135,BA,70,10,53215248.0,18.791606495942666,8,baixo-baixo,0.1455,False
135,BA,180,54,57989411.49999999,93.1204483770283,8,alto-alto,0.3101,False
135,BA,190,31,70508911.5,43.96607370686753,8,alto-alto,0.113,False
135,BA,200,22,42305346.9,52.00288287909064,8,alto-alto,0.3101,False
135,BA,220,0,8374260.699999999,0.0,8,baixo-baixo,0.0496,False
135,BA,230,0,41871303.49999999,0.0,8,baixo-baixo,0.0082,False
135,BA,240,0,41871303.49999999,0.0,8,baixo-baixo,0.0029,False
135,BA,250,0,41871303.49999999,0.0,8,baixo-baixo,0.006,False
135,BA,260,1,41871303.49999999,2.3882705251820027,8,baixo-baixo,0.006,False
135,BA,270,1,41871303.49999999,2.3882705251820027,8,baixo-baixo,0.006,False
135,BA,280,0,41871303.49999999,0.0,8,baixo-baixo,0.0161,False
135,BA,290,3,41871303.49999999,7.164811575546007,8,baixo-baixo,0.0095,False
135,BA,300,2,37676508.14999999,5.308347557150146,8,baixo-baixo,0.012,False
135,BA,310,0,41845753.49999999,0.0,8,baixo-baixo,0.0155,False
135,BA,320,1,29292027.44999999,3.413898207308966,8,baixo-baixo,0.003,False
135,BA,330,0,41845753.49999999,0.0,8,baixo-baixo,0.0086,False
135,BA,340,0,30533885.2,0.0,8,baixo-baixo,0.05,False
135,BA,390,0,60718071.19999999,0.0,8,baixo-baixo,0.0201,False
135,BA,400,0,71295369.7,0.0,8,baixo-baixo,0.0009,True
135,BA,410,0,69624042.0,0.0,8,baixo-baixo,0.0002,True
135,BA,420,0,76682777.00000001,0.0,8,baixo-baixo,0.0034,False
135,BA,430,1,76682777.00000001,1.3040737948235754,8,baixo-baixo,0.004,False
135,BA,440,1,54202080.25000001,1.8449476392559672,8,baixo-baixo,0.065,False
135,MA,20,337,206896103.6,162.88368612853859,8,alto-baixo,0.4879,False
135,MA,30,114,362357180.99999994,31.460670845653812,8,baixo-alto,0.056,False
135,MA,40,118,362357180.99999994,32.56455403322062,8,baixo-baixo,0.4543,False
135,MA,50,91,275757518.25,33.00000688195198,8,baixo-baixo,0.4916,False
135,MA,60,94,266135333.5,35.32037582675959,8,baixo-baixo,0.4743,False
135,MA,70,97,255805972.20000005,37.919364886509086,8,baixo-baixo,0.4673,False
135,MA,80,86,284228858.00000006,30.257307651709304,8,baixo-baixo,0.4342,False
135,MA,90,96,259508736.60000005,36.992974208792006,8,baixo-baixo,0.2509,False
135,MA,100,14,88971421.8,15.735389765345978,8,baixo-baixo,0.4088,False
135,MA,120,10,33007132.5,30.296482131551414,8,baixo-baixo,0.3322,False
135,MA,130,37,156222591.5,23.68415454175845,8,baixo-baixo,0.2234,False
135,MA,140,21,161495527.5,13.003456086423197,8,baixo-baixo,0.1963,False
135,MA,150,28,161495527.5,17.337941448564262,8,baixo-baixo,0.1381,False
135,MA,160,35,161495527.5,21.672426810705332,8,baixo-baixo,0.1749,False
135,MA,170,31,145345974.75,21.328420035932233,8,baixo-baixo,0.3303,False
135,MA,180,43,134247733.64999998,32.030335880459766,8,baixo-baixo,0.173,False
135,MA,190,24,140233368.64999998,17.114328943990607,8,baixo-baixo,0.1145,False
135,MA,200,0,189032003.49999997,0.0,8,baixo-baixo,0.0336,False
135,MA,210,0,189032003.49999997,0.0,8,baixo-baixo,0.0196,False
135,MA,220,16,126565560.39999999,12.641669621209214,8,baixo-baixo,0.0757,False
135,MA,230,20,75165180.00000001,26.608065064169335,8,baixo-baixo,0.1608,False
135,MA,290,10,81427474.05000001,12.280867258463115,8,baixo-baixo,0.2029,False
135,MA,300,13,83736073.50000001,15.524969653610517,8,baixo-baixo,0.0772,False
135,MA,310,12,84540861.99999999,14.194319428633223,8,baixo-baixo,0.0983,False
135,MA,320,12,85689637.45000002,14.004027041195044,8,baixo-baixo,0.0953,False
135,MA,330,14,92778740.45000002,15.089663787303547,8,baixo-baixo,0.0525,False
135,MA,340,5,67708930.80000001,7.384550222435353,8,baixo-baixo,0.0565,False
135,MA,350,6,82681982.70000002,7.256720030251523,8,baixo-baixo,0.0222,False
135,MA,360,5,88213309.5,5.668078919542181,8,baixo-baixo,0.0141,False
135,MA,370,2,85459107.10000001,2.3403006044279158,8,baixo-baixo,0.0202,False
135,MA,380,6,88293828.50000001,6.795491940866511,8,baixo-baixo,0.0081,False
135,MA,390,2,84107497.50000001,2.3779092939960553,8,baixo-baixo,0.0183,False
135,MA,400,4,83477288.50000001,4.791722481498664,8,baixo-baixo,0.0091,False
135,MA,410,3,82667448.40000002,3.6289979406210864,8,baixo-baixo,0.0091,False
135,MA,420,1,82539749.5,1.2115374786786821,8,baixo-baixo,0.0128,False
135,MA,430,3,61852498.50000002,4.850248692864039,8,baixo-baixo,0.0082,False
135,MA,440,2,59076454.500000015,3.385443518788013,8,baixo-baixo,0.0127,False
135,MA,450,2,59076454.500000015,3.385443518788013,8,baixo-baixo,0.007,False
135,MA,460,0,59076454.500000015,0.0,8,baixo-baixo,0.0067,False
135,MA,470,0,65321998.7,0.0,8,baixo-baixo,0.0052,False
135,MA,480,2,74690315.0,2.677723343381267,8,baixo-baixo,0.0054,False
135,MA,490,2,71072500.7,2.8140279015115617,8,baixo-baixo,0.0074,False
135,MA,500,1,76365665.0,1.3094890223243654,8,baixo-baixo,0.0051,False
135,MA,510,0,91085549.24999999,0.0,8,baixo-baixo,0.0032,False
135,MA,520,0,105805433.49999997,0.0,8,baixo-baixo,0.0004,True
135,MA,530,0,63483260.09999999,0.0,8,baixo-baixo,0.0094,False
135,MG,120,0,30272844.499999993,0.0,8,baixo-baixo,0.057,False
135,MG,130,0,30272844.499999993,0.0,8,baixo-baixo,0.057,False
135,PI,40,7,67759103.70000002,10.330715162632824,8,baixo-baixo,0.0821,False
135,PI,50,2,75287893.00000001,2.6564696132484404,8,baixo-baixo,0.0254,False
135,PI,60,3,75287893.00000001,3.984704419872661,8,baixo-baixo,0.0093,False
135,PI,70,3,80065060.45,3.7469527695835265,8,baixo-baixo,0.0083,False
135,PI,80,1,91283324.50000001,1.0954903378875074,8,baixo-baixo,0.008,False
135,PI,90,1,91569484.50000001,1.0920668664461028,8,baixo-baixo,0.0093,False
135,PI,100,5,91569484.50000001,5.460334332230515,8,baixo-baixo,0.0182,False
135,PI,110,9,84614946.05000001,10.636418765405569,8,baixo-baixo,0.1235,False
135,PI,120,16,59036023.450000025,27.10209642346768,8,baixo-baixo,0.1458,False
135,PI,170,10,52068487.35000001,19.205474383730103,8,baixo-baixo,0.1093,False
135,PI,180,3,56028813.99999999,5.35438783337445,8,baixo-baixo,0.1309,False
135,PI,190,7,50250133.99999999,13.930311111210173,8,baixo-baixo,0.1095,False
135,PI,210,11,59700275.999999985,18.425375453875628,8,baixo-baixo,0.2407,False
135,PI,220,11,61015137.399999976,18.02831308546722,8,baixo-baixo,0.283,False
135,PI,230,22,71588982.99999999,30.730985520495526,8,baixo-baixo,0.0784,False
135,PI,240,6,71588982.99999999,8.381177869226054,8,baixo-baixo,0.2235,False
135,PI,250,9,71401869.39999998,12.604711999319171,8,baixo-baixo,0.0889,False
135,PI,260,14,70653415.0,19.81503654140426,8,baixo-baixo,0.1223,False
135,PI,270,14,70653415.0,19.81503654140426,8,baixo-baixo,0.1731,False
135,PI,280,13,70653415.0,18.399676788446815,8,baixo-baixo,0.1739,False
135,PI,290,13,70427115.0,18.45879956888764,8,baixo-baixo,0.4836,False
135,PI,300,34,70200815.0,48.43248614706254,8,alto-baixo,0.455,False
135,PI,310,16,34966587.55,45.7579681663846,8,alto-baixo,0.3877,False
135,PI,320,21,66869693.60000002,31.40436103329176,8,baixo-alto,0.1697,False
135,PI,330,49,65633241.50000002,74.65729084857097,8,alto-alto,0.2852,False
135,PI,340,40,63827221.50000002,62.66918574859159,8,alto-alto,0.0378,False
135,PI,350,91,58509821.2,155.52944468748436,8,alto-alto,0.1535,False
135,PI,360,40,63197012.5,63.29413119014131,8,alto-alto,0.0674,False
135,PI,370,17,63197012.5,26.900005755810056,8,baixo-alto,0.1743,False
135,PI,380,35,62650972.5,55.865054608689434,8,alto-baixo,0.3088,False
135,PI,390,15,61831912.5,24.259317549008372,8,baixo-alto,0.1435,False
135,PI,400,45,60315731.699999996,74.60740130588519,8,alto-baixo,0.3362,False
135,PI,410,16,54251008.499999985,29.492539295375504,8,baixo-alto,0.2314,False
135,PI,420,16,54251008.499999985,29.492539295375504,8,baixo-baixo,0.3983,False
135,PI,430,16,54251008.499999985,29.492539295375504,8,baixo-baixo,0.1993,False
135,PI,440,6,54251008.499999985,11.059702235765814,8,baixo-baixo,0.3139,False
135,PI,450,12,54251008.499999985,22.119404471531627,8,baixo-baixo,0.2542,False
135,PI,460,19,54251008.499999985,35.022390413258414,8,baixo-baixo,0.1995,False
135,PI,470,10,54251008.499999985,18.43283705960969,8,baixo-baixo,0.499,False
135,PI,480,18,54251008.499999985,33.17910670729744,8,baixo-baixo,0.2367,False
135,PI,490,14,54251008.499999985,25.805971883453566,8,baixo-alto,0.3056,False
135,PI,500,32,55421278.79999999,57.73955544309816,8,alto-baixo,0.4282,False
135,PI,510,21,58644374.80000001,35.80906109344352,8,baixo-baixo,0.4462,False
135,PI,520,10,63709217.000000015,15.696315966338117,8,baixo-baixo,0.4224,False
135,PI,530,15,59143067.0,25.3622288475503,8,baixo-baixo,0.345,False
135,PI,540,38,54576916.999999985,69.62650528610844,8,alto-baixo,0.3686,False
135,PI,550,31,54576916.999999985,56.80057010182529,8,alto-baixo,0.397,False
135,PI,560,5,54576916.999999985,9.16138227448795,8,baixo-baixo,0.4308,False
135,PI,570,10,54576916.999999985,18.3227645489759,8,baixo-baixo,0.1142,False
135,PI,580,12,54576916.999999985,21.987317458771084,8,baixo-baixo,0.2607,False
135,PI,590,20,69840085.50000001,28.63684924898896,8,baixo-baixo,0.2416,False
135,PI,600,16,69840085.50000001,22.909479399191166,8,baixo-baixo,0.3266,False
135,PI,610,17,69852218.10000002,24.337094028514453,8,baixo-baixo,0.2061,False
135,PI,620,13,69900748.50000004,18.597797990675296,8,baixo-baixo,0.2205,False
135,PI,630,13,69900748.50000004,18.597797990675296,8,baixo-baixo,0.157,False
135,PI,640,1,6990074.850000001,14.30599845436562,8,baixo-baixo,0.2487,False
153,GO,0,17,126844836.50000003,13.402201042688874,8,baixo-baixo,0.2735,False
153,GO,10,26,126844836.50000003,20.497483947641808,8,baixo-baixo,0.1889,False
153,GO,20,34,126844836.50000003,26.80440208537775,8,baixo-baixo,0.341,False
153,GO,30,43,126735132.10000001,33.92902921825257,8,baixo-baixo,0.3225,False
153,GO,40,33,126707705.99999999,26.04419339736133,8,baixo-baixo,0.4452,False
153,GO,50,37,125066687.89999999,29.584216725707346,8,baixo-baixo,0.4685,False
153,GO,60,49,108177579.44999999,45.29589241054146,8,alto-alto,0.3014,False
153,GO,70,76,122970252.0,61.80356530455837,8,alto-alto,0.3213,False
153,GO,80,53,122970252.0,43.09985475186308,8,baixo-alto,0.2337,False
153,GO,90,51,122970252.0,41.47344513858523,8,baixo-baixo,0.3566,False
153,GO,100,47,115022347.79999998,40.86162463117451,8,baixo-baixo,0.4776,False
153,GO,110,42,144715856.99999994,29.022389716422033,8,baixo-baixo,0.4472,False
153,GO,120,48,147244485.74999997,32.598843858572145,8,baixo-baixo,0.39,False
153,GO,130,76,149773114.49999994,50.74341964091295,8,alto-baixo,0.4746,False
153,GO,140,44,130958707.69999997,33.59837675001737,8,baixo-alto,0.241,False
153,GO,170,73,139039015.65,52.50324857287638,8,alto-baixo,0.4526,False
153,GO,180,74,213384073.5,34.67925172962827,8,baixo-alto,0.3101,False
153,GO,190,80,213384073.5,37.491082950949476,8,baixo-alto,0.139,False
153,GO,200,62,63332912.95,97.89538663561503,8,alto-baixo,0.3935,False
153,GO,240,39,131279539.05000003,29.70759973886425,8,baixo-baixo,0.2612,False
153,GO,250,28,143863691.50000003,19.462867738243734,8,baixo-baixo,0.4081,False
153,GO,260,44,143863691.50000003,30.584506445811584,8,baixo-baixo,0.4243,False
153,GO,270,60,142400450.3,42.13469822152662,8,baixo-baixo,0.4999,False
153,GO,280,51,134222745.75000003,37.996540537914,8,baixo-alto,0.2523,False
153,GO,290,74,128239903.00000006,57.70434807643294,8,alto-alto,0.1515,False
153,GO,300,104,117197539.75000003,88.73906416623389,8,alto-alto,0.1733,False
153,GO,310,65,106155176.5,61.23111669453067,8,alto-alto,0.1054,False
153,GO,320,77,126239323.40000002,60.9952572036678,8,alto-alto,0.3102,False
153,GO,330,37,129115866.50000004,28.656431624536236,8,baixo-alto,0.2183,False
153,GO,340,59,129115866.50000004,45.69539096885508,8,alto-alto,0.2318,False
153,GO,350,112,149147044.60000002,75.09367704896513,8,alto-baixo,0.4548,False
153,GO,360,71,263557729.04999998,26.93906957535306,8,baixo-alto,0.2501,False
153,GO,370,61,242112756.29999998,25.194872394255587,8,baixo-baixo,0.2225,False
153,GO,380,25,150152130.5,16.64978040388178,8,baixo-baixo,0.3473,False
153,GO,390,45,150152130.5,29.969604726987207,8,baixo-baixo,0.4268,False
153,GO,400,68,150416496.35000002,45.20780742144975,8,alto-baixo,0.3579,False
153,GO,410,81,150529796.00000006,53.809944710215355,8,alto-alto,0.1526,False
153,GO,420,122,150529796.00000006,81.04707721785523,8,alto-alto,0.0192,False
153,GO,430,422,154090593.65000004,273.8648674159352,8,alto-alto,0.1026,False
153,GO,510,614,329438188.7,186.37790670927157,8,alto-baixo,0.3383,False
153,GO,520,183,438728430.50000006,41.71145229668447,8,baixo-alto,0.0395,False
153,GO,530,153,405267789.1499999,37.75281532265344,8,baixo-baixo,0.4527,False
153,GO,540,102,452316248.9999999,22.550593799251292,8,baixo-baixo,0.4176,False
153,GO,550,90,383340366.6999999,23.47783010038009,8,baixo-baixo,0.315,False
153,GO,560,104,349525514.74999994,29.754623228117286,8,baixo-baixo,0.3964,False
153,GO,570,110,306095423.9999999,35.93650586556957,8,baixo-baixo,0.4653,False
153,GO,580,109,306095423.9999999,35.60981035770075,8,baixo-baixo,0.4246,False
153,GO,590,123,306688848.29999995,40.105794743368904,8,baixo-baixo,0.4717,False
153,GO,600,94,309062545.50000006,30.41455568416652,8,baixo-baixo,0.4847,False
153,GO,610,92,309062545.50000006,29.76743747812042,8,baixo-baixo,0.4647,False
153,GO,620,95,272209283.9,34.89961791123172,8,baixo-baixo,0.4831,False
153,GO,630,90,241327980.75,37.29364482323917,8,baixo-baixo,0.4396,False
153,GO,640,76,269722115.50000006,28.177148121174355,8,baixo-baixo,0.4844,False
153,GO,650,88,269722115.50000006,32.626171508728206,8,baixo-baixo,0.3847,False
153,GO,660,83,274813829.0,30.20226467569796,8,baixo-baixo,0.3944,False
153,GO,670,69,259339135.70000002,26.606088515625448,8,baixo-baixo,0.2588,False
153,GO,680,52,305169090.50000006,17.039733583372197,8,baixo-baixo,0.4183,False
153,GO,690,74,213618363.35000002,34.641216625536885,8,baixo-baixo,0.223,False
153,MG,30,105,307875456.0,34.10469979133381,8,baixo-baixo,0.3735,False
153,MG,40,130,334752741.99999994,38.8346333545492,8,baixo-baixo,0.3484,False
153,MG,50,152,298909340.5,50.85153904717139,8,alto-baixo,0.4788,False
153,MG,60,49,155535734.49999997,31.504014275253258,8,baixo-alto,0.2242,False
153,MG,70,85,155535734.49999997,54.64982068156178,8,alto-baixo,0.4308,False
153,MG,80,68,155535734.49999997,43.71985654524942,8,alto-alto,0.2,False
153,MG,90,88,155535734.49999997,56.578637882087484,8,alto-alto,0.2233,False
153,MG,100,100,161525077.89999998,61.90989120705449,8,alto-alto,0.2899,False
153,MG,110,68,185482451.50000003,36.66115012502948,8,baixo-alto,0.3187,False
153,MG,120,50,185482451.50000003,26.95672803310991,8,baixo-baixo,0.447,False
153,MG,130,67,181806901.50000003,36.85228638033853,8,baixo-baixo,0.4053,False
153,MG,140,60,180744423.00000003,33.19604500328067,8,baixo-baixo,0.3913,False
153,MG,150,39,176494508.99999997,22.097004728911994,8,baixo-baixo,0.2839,False
153,MG,160,27,165254655.2,16.338420220188752,8,baixo-baixo,0.3904,False
153,MG,170,57,155040794.5,36.764517483171176,8,baixo-baixo,0.3008,False
153,MG,180,54,156702274.5,34.460252840809915,8,baixo-alto,0.3339,False
153,MG,190,66,132320675.99999999,49.87882619342121,8,alto-baixo,0.3489,False
153,MG,200,28,135710675.55000004,20.632127786943283,8,baixo-alto,0.2891,False
153,MG,210,66,151523727.50000006,43.55753457820656,8,alto-baixo,0.3701,False
153,MG,220,55,151523727.50000006,36.297945481838795,8,baixo-alto,0.2094,False
153,MG,230,99,151811373.05000004,65.21250550009432,8,alto-baixo,0.421,False
153,PA,30,0,48728978.25000001,0.0,8,baixo-baixo,0.2561,False
153,PA,40,8,42859971.70000001,18.66543462976668,8,baixo-baixo,0.1427,False
153,PA,50,10,29210475.500000004,34.23429378956874,8,baixo-baixo,0.1106,False
153,PA,60,3,26752565.500000004,11.213877786786465,8,baixo-baixo,0.3459,False
153,PA,70,5,25699175.500000004,19.455877096134852,8,baixo-baixo,0.0699,False
153,PA,80,3,25699175.500000004,11.673526257680912,8,baixo-baixo,0.0938,False
153,PA,90,2,25699175.500000004,7.78235083845394,8,baixo-baixo,0.037,False
153,PA,100,1,25699175.500000004,3.89117541922697,8,baixo-baixo,0.0369,False
153,PA,110,2,25699175.500000004,7.78235083845394,8,baixo-baixo,0.0514,False
153,PA,120,4,25699175.500000004,15.56470167690788,8,baixo-baixo,0.0514,False
153,PA,130,3,25699175.500000004,11.673526257680912,8,baixo-baixo,0.1557,False
153,PA,140,5,25740785.500000004,19.424426655511347,8,baixo-baixo,0.1653,False
153,PR,10,122,124369275.09999996,98.09496750857885,8,alto-alto,0.062,False
153,PR,20,168,159075778.25,105.6100443751876,8,alto-alto,0.0727,False
153,PR,30,159,201975122.5,78.72256643884447,8,alto-alto,0.0519,False
153,PR,40,213,220369480.00000006,96.65585270700822,8,alto-alto,0.1832,False
153,PR,50,45,121301384.40000002,37.09768047791547,8,baixo-alto,0.1239,False
153,PR,60,39,92038443.80000001,42.37359780305194,8,baixo-baixo,0.4945,False
153,PR,70,28,90854960.50000001,30.818350309007062,8,baixo-baixo,0.478,False
153,PR,80,28,100051350.85,27.98562914155796,8,baixo-baixo,0.4354,False
153,PR,90,47,106787465.99999999,44.012655942224534,8,alto-alto,0.1948,False
153,PR,100,76,89495740.64999999,84.92024251435704,8,alto-alto,0.2109,False
153,PR,110,44,68351856.39999998,64.3727944161587,8,alto-alto,0.1167,False
153,PR,120,49,85436170.5,57.3527578696894,8,alto-alto,0.1098,False
153,PR,130,71,85436170.5,83.10297568873362,8,alto-alto,0.2194,False
153,PR,140,42,85436170.5,49.15950674544805,8,alto-alto,0.2053,False
153,PR,150,23,85436170.5,26.920682265364412,8,baixo-baixo,0.3562,False
153,PR,160,25,71880420.90000002,34.77998554680138,8,baixo-baixo,0.3926,False
153,PR,200,34,117833738.4,28.85421481289437,8,baixo-baixo,0.1874,False
153,PR,210,22,149473413.0,14.718336564643772,8,baixo-baixo,0.1626,False
153,PR,220,13,149473413.0,8.697198879107685,8,baixo-baixo,0.0994,False
153,PR,230,23,149473413.0,15.387351863036672,8,baixo-baixo,0.1074,False
153,PR,240,20,89684047.8,22.300509946429962,8,baixo-baixo,0.1977,False
153,PR,300,22,26971474.25,81.56765846790893,8,alto-baixo,0.4026,False
153,PR,310,27,72808703.50000001,37.083478625601394,8,baixo-alto,0.1101,False
153,PR,320,47,70465987.50000001,66.69884531171863,8,alto-alto,0.0144,False
153,PR,330,243,75839313.09999998,320.4142944696582,8,alto-alto,0.0881,False
153,PR,340,100,104640167.34999998,95.56559639810249,8,alto-alto,0.0116,False
153,PR,350,99,105339182.5,93.98212293891687,8,alto-alto,0.0952,False
153,PR,360,42,69133993.0,60.75159003183861,8,alto-alto,0.0775,False
153,PR,390,40,94217957.35000001,42.454751859465986,8,baixo-baixo,0.4064,False
153,PR,400,36,97282384.19999999,37.00567198886559,8,baixo-baixo,0.3759,False
153,PR,410,15,100654732.35000001,14.90242897655472,8,baixo-baixo,0.1578,False
153,PR,420,0,120562784.99999994,0.0,8,baixo-baixo,0.0256,False
153,PR,430,0,123576557.15,0.0,8,baixo-baixo,0.0013,True
153,PR,440,1,124695935.50000003,0.801950758050169,8,baixo-baixo,0.0088,False
153,PR,480,29,99123433.25000001,29.256452333384036,8,baixo-alto,0.2421,False
153,PR,490,19,37555149.3,50.59226325589392,8,alto-baixo,0.4374,False
153,PR,520,8,26118075.05,30.630128693194028,8,baixo-baixo,0.0001,True
153,RS,0,74,44017087.39999999,168.11653012734325,8,alto-baixo,0.3901,False
153,RS,10,40,105898143.5,37.77214470242342,8,baixo-alto,0.0499,False
153,RS,20,43,113602709.5,37.851209878053126,8,baixo-baixo,0.493,False
153,RS,30,34,113602709.5,29.928863624507127,8,baixo-alto,0.009,False
153,RS,40,329,77429012.20000002,424.9053302529409,8,alto-baixo,0.45,False
153,RS,160,0,23597797.5,0.0,8,baixo-baixo,0.0035,False
153,RS,170,0,239118435.0,0.0,8,baixo-baixo,0.0029,False
153,RS,180,0,239819235.0,0.0,8,baixo-baixo,0.0002,True
153,RS,190,0,215698027.5,0.0,8,baixo-baixo,0.0031,False
153,RS,360,1,14343580.2,6.971760090970872,8,baixo-baixo,0.3815,False
153,RS,370,19,71717901.0,26.492688345689313,8,baixo-baixo,0.1024,False
153,RS,380,15,71717901.0,20.915280272912618,8,baixo-baixo,0.3879,False
153,RS,390,22,69379711.0,31.709558432723938,8,baixo-alto,0.1432,False
153,RS,400,61,55479927.00000001,109.94967603327956,8,alto-baixo,0.3649,False
153,RS,410,31,61225173.00000001,50.632768322271616,8,alto-alto,0.1783,False
153,RS,420,5,62623853.00000001,7.984178169299163,8,baixo-baixo,0.3668,False
153,RS,430,0,6262385.3,0.0,8,baixo-baixo,0.1298,False
153,RS,480,1,20436715.0,4.893154305865694,8,baixo-baixo,0.3793,False
153,RS,490,16,41858200.0,38.224290581057,8,baixo-baixo,0.089,False
153,RS,500,9,41858200.0,21.501163451844562,8,baixo-baixo,0.3934,False
153,RS,510,19,46398595.599999994,40.949515290932645,8,baixo-baixo,0.2444,False
153,RS,520,11,46903084.0,23.452615610521477,8,baixo-baixo,0.3874,False
153,RS,530,8,46903814.0,17.0561822541766,8,baixo-baixo,0.3574,False
153,RS,540,15,46906734.0,31.97835091225921,8,baixo-baixo,0.179,False
153,RS,550,10,46906734.0,21.318900608172804,8,baixo-baixo,0.4788,False
153,RS,560,16,46906734.0,34.110240973076486,8,baixo-baixo,0.3124,False
153,RS,570,14,46906734.0,29.84646085144193,8,baixo-baixo,0.3769,False
153,RS,580,22,46906734.0,46.90158133798017,8,alto-baixo,0.4075,False
153,RS,590,14,46906734.0,29.84646085144193,8,baixo-baixo,0.4074,False
153,RS,600,6,46906734.0,12.791340364903682,8,baixo-baixo,0.3572,False
153,RS,610,12,46906734.0,25.582680729807365,8,baixo-baixo,0.0952,False
153,RS,620,2,14072020.200000001,14.212600405448537,8,baixo-baixo,0.2005,False
153,RS,630,6,40161504.800000004,14.939679252257498,8,baixo-baixo,0.0767,False
153,RS,640,6,58616590.999999985,10.236009801388828,8,baixo-baixo,0.1211,False
153,RS,650,10,58616590.999999985,17.060016335648047,8,baixo-baixo,0.0722,False
153,RS,660,8,53838616.89999998,14.859222730144099,8,baixo-baixo,0.1131,False
153,RS,670,7,49615690.999999985,14.108440009431698,8,baixo-baixo,0.0442,False
153,RS,680,2,49615690.999999985,4.0309828598376285,8,baixo-baixo,0.0506,False
153,RS,690,1,18762591.400000002,5.329754183102873,8,baixo-baixo,0.101,False
153,SC,0,49,152997780.00000003,32.02660849065914,8,baixo-baixo,0.3849,False
153,SC,10,40,149426276.9,26.769053495704142,8,baixo-baixo,0.2378,False
153,SC,20,19,145364827.00000003,13.070562110599147,8,baixo-baixo,0.3093,False
153,SC,30,36,145364827.00000003,24.76527557797733,8,baixo-baixo,0.1785,False
153,SC,40,34,130827979.30000001,25.98832465495399,8,baixo-baixo,0.3695,False
153,SC,50,75,130825059.30000001,57.328466274962345,8,alto-baixo,0.3711,False
153,SC,90,114,139095674.60000002,81.95797628346955,8,alto-alto,0.1145,False
153,SC,100,79,102710415.99999999,76.91527605145716,8,alto-alto,0.1416,False
153,SC,110,57,116393667.39999996,48.97173641252584,8,alto-alto,0.1156,False
153,SP,0,64,145326064.0,44.038900000759675,8,alto-alto,0.2801,False
153,SP,10,85,181657580.00000006,46.79133125080713,8,alto-baixo,0.3649,False
153,SP,20,42,108994547.99999999,38.534037500664716,8,baixo-alto,0.2624,False
153,SP,30,145,284137819.7,51.03157339388848,8,alto-alto,0.2282,False
153,SP,40,165,250171328.49999985,65.95480025202012,8,alto-alto,0.0222,False
153,SP,50,450,175378448.49999988,256.58796953036125,8,alto-alto,0.1506,False
153,SP,70,398,236741087.79999998,168.11614903798716,8,alto-baixo,0.4622,False
153,SP,80,90,295322047.5,30.47520520796877,8,baixo-alto,0.0534,False
153,SP,90,90,291747967.5,30.848543957722686,8,baixo-alto,0.2852,False
153,SP,100,87,137211829.29999995,63.405611924160844,8,alto-alto,0.231,False
153,SP,110,117,159614682.4999999,73.301527257682,8,alto-baixo,0.3595,False
153,SP,120,32,160197952.4999999,19.97528651310323,8,baixo-alto,0.3121,False
153,SP,130,26,160197952.4999999,16.229920291896374,8,baixo-baixo,0.2291,False
153,SP,140,39,160197952.4999999,24.344880437844562,8,baixo-baixo,0.2972,False
153,SP,150,55,160197952.4999999,34.33252369439617,8,baixo-baixo,0.4578,False
153,SP,160,51,127106724.00000001,40.12376245335376,8,baixo-alto,0.2234,False
153,SP,170,87,121558753.20000003,71.57032933437489,8,alto-baixo,0.4192,False
153,SP,180,53,145949776.00000003,36.31386183148372,8,baixo-alto,0.2411,False
153,SP,190,44,144401300.0,30.470639807259353,8,baixo-baixo,0.4867,False
153,SP,200,44,142878377.64999998,30.795422459081937,8,baixo-baixo,0.4327,False
153,SP,210,51,160246205.49999997,31.82602660753799,8,baixo-baixo,0.3994,False
153,SP,220,46,160246205.49999997,28.705827920524463,8,baixo-baixo,0.4952,False
153,SP,250,109,50281991.20000001,216.77741354045654,8,alto-baixo,0.4756,False
153,SP,260,42,125704978.0,33.4115646557768,8,baixo-alto,0.026,False
153,SP,270,73,125704978.0,58.07248142551682,8,alto-baixo,0.3377,False
153,SP,280,36,68289883.04999998,52.71644699353458,8,alto-baixo,0.3597,False
153,SP,290,24,94796011.5,25.317520874810224,8,baixo-baixo,0.3863,False
153,SP,300,10,36698706.0,27.248917168905084,8,baixo-baixo,0.3632,False
153,SP,330,38,93812048.14999999,40.50652421450198,8,baixo-baixo,0.0001,True
153,TO,0,14,21140157.599999998,66.22467185391277,8,alto-baixo,0.1564,False
153,TO,10,4,35233595.999999985,11.352800889242193,8,baixo-baixo,0.461,False
153,TO,20,2,35233595.999999985,5.6764004446210965,8,baixo-baixo,0.1041,False
153,TO,30,6,33151530.14999999,18.098712104243553,8,baixo-baixo,0.0152,False
153,TO,40,1,36535193.29999999,2.737086928181109,8,baixo-baixo,0.2489,False
153,TO,90,27,96556808.00000001,27.96281335232208,8,baixo-baixo,0.4419,False
153,TO,100,38,128345238.35000004,29.60764301701107,8,baixo-baixo,0.3177,False
153,TO,110,35,143272902.5,24.4289041327965,8,baixo-baixo,0.3756,False
153,TO,120,40,143272902.5,27.918747580338856,8,baixo-alto,0.0377,False
153,TO,130,243,120469162.5,201.71137157195727,8,alto-alto,0.0052,False
153,TO,140,430,84178052.00000001,510.8219895608893,8,alto-alto,0.0244,False
153,TO,150,92,125893172.0,73.07783141725908,8,alto-alto,0.0051,False
153,TO,160,35,128098137.0,27.32280173598465,8,baixo-alto,0.2536,False
153,TO,170,34,128098137.0,26.542150257813663,8,baixo-baixo,0.3246,False
153,TO,180,33,128098137.0,25.76149877964267,8,baixo-baixo,0.3703,False
153,TO,190,39,127810279.75,30.5139774956169,8,baixo-baixo,0.4161,False
153,TO,200,44,125219564.49999996,35.138279050635106,8,baixo-baixo,0.2718,False
153,TO,210,23,126998815.39999996,18.11040514634596,8,baixo-baixo,0.3565,False
153,TO,220,28,134115819.00000003,20.87747754796919,8,baixo-baixo,0.309,False
153,TO,230,45,134115819.00000003,33.55308891637905,8,baixo-alto,0.2095,False
153,TO,240,90,102133237.85000001,88.12018682123862,8,alto-baixo,0.4738,False
153,TO,280,31,126688674.89999999,24.46943266591859,8,baixo-baixo,0.3245,False
153,TO,290,31,132677029.14999996,23.36500914936262,8,baixo-baixo,0.3127,False
153,TO,300,39,141357455.5,27.5896307428935,8,baixo-baixo,0.2313,False
153,TO,310,30,141357455.5,21.222792879148844,8,baixo-baixo,0.2914,False
153,TO,320,32,141357455.5,22.63764573775877,8,baixo-alto,0.0392,False
153,TO,330,260,130118207.59999998,199.8183073650025,8,alto-baixo,0.458,False
153,TO,340,66,157983884.4,41.77641298709579,8,baixo-alto,0.0315,False
153,TO,350,73,182271174.20000005,40.05021656353601,8,baixo-baixo,0.4846,False
153,TO,360,35,139285350.5,25.128270758093834,8,baixo-baixo,0.307,False
153,TO,370,16,139285350.5,11.487209489414324,8,baixo-baixo,0.3168,False
153,TO,380,38,139285350.5,27.282122537359015,8,baixo-baixo,0.3469,False
153,TO,390,66,151377829.7,43.59951528622028,8,alto-baixo,0.3864,False
153,TO,400,48,154400949.5,31.087891723101094,8,baixo-alto,0.1418,False
153,TO,410,75,85462362.9,87.75792928608575,8,alto-baixo,0.4793,False
153,TO,450,25,87961320.80000003,28.42158322843191,8,baixo-baixo,0.0001,True
153,TO,500,85,104044804.89999998,81.69557344232189,8,alto-baixo,0.4284,False
153,TO,510,43,120036308.99999997,35.82249434210778,8,baixo-alto,0.1962,False
153,TO,520,38,122850513.75,30.931901577009075,8,baixo-baixo,0.4138,False
153,TO,530,30,120683198.50000003,24.858472739268667,8,baixo-baixo,0.3633,False
153,TO,540,31,121034620.50000003,25.612506464627607,8,baixo-baixo,0.3504,False
153,TO,550,37,121053651.60000004,30.56495984297923,8,baixo-baixo,0.367,False
153,TO,620,67,111352900.59999995,60.16906577106266,8,alto-baixo,0.3647,False
153,TO,630,53,134366902.4999999,39.44423739320778,8,baixo-alto,0.2832,False
153,TO,640,46,134366902.4999999,34.2346211337275,8,baixo-baixo,0.4571,False
153,TO,650,45,136977382.4999999,32.85213892884837,8,baixo-baixo,0.4486,False
153,TO,660,54,138731572.4999999,38.924088458667214,8,baixo-alto,0.1844,False
153,TO,670,157,188691093.49999997,83.20477511038433,8,alto-baixo,0.4717,False
153,TO,680,68,212937934.0,31.934187921631665,8,baixo-alto,0.2134,False
153,TO,690,53,212937934.0,24.88988176244821,8,baixo-baixo,0.4246,False
153,TO,700,60,135798709.9,44.183041241100916,8,alto-baixo,0.3509,False
153,TO,710,39,127227685.00000001,30.653705598746054,8,baixo-alto,0.335,False
153,TO,720,53,125370926.35000002,42.27455403180084,8,baixo-baixo,0.3505,False
153,TO,730,31,125040532.00000001,24.791961057875213,8,baixo-baixo,0.3949,False
153,TO,740,21,125040532.00000001,16.79455426501224,8,baixo-baixo,0.3022,False
153,TO,750,32,121717207.00000001,26.290448810577782,8,baixo-baixo,0.3847,False
153,TO,760,35,84554567.75,41.39338764463142,8,baixo-baixo,0.3997,False
153,TO,770,33,99691574.0,33.10209546897113,8,baixo-baixo,0.3662,False
153,TO,780,41,99691574.0,41.1268458856914,8,baixo-baixo,0.4484,False
153,TO,790,37,92459372.75000001,40.01757626027156,8,baixo-baixo,0.3444,False
158,GO,10,10,66168951.99999998,15.112828143326198,8,baixo-baixo,0.2225,False
158,GO,20,11,66168951.99999998,16.624110957658818,8,baixo-baixo,0.1429,False
158,GO,30,14,70659911.99999997,19.81321459896526,8,baixo-baixo,0.1153,False
158,GO,40,12,79838785.99999997,15.030288661954359,8,baixo-baixo,0.0917,False
158,GO,50,7,79838785.99999997,8.767668386140043,8,baixo-baixo,0.0761,False
158,GO,60,9,79838785.99999997,11.27271649646577,8,baixo-baixo,0.0427,False
158,GO,70,8,79838785.99999997,10.020192441302907,8,baixo-baixo,0.135,False
158,GO,80,15,65489540.99999998,22.9044207226922,8,baixo-baixo,0.1383,False
158,GO,90,10,41204375.499999985,24.26926722867091,8,baixo-baixo,0.0889,False
158,GO,100,2,42824610.499999985,4.670211769935422,8,baixo-baixo,0.1778,False
158,GO,110,6,42824610.499999985,14.010635309806268,8,baixo-baixo,0.0362,False
158,GO,120,5,42824610.499999985,11.675529424838555,8,baixo-baixo,0.0924,False
158,GO,130,6,42824610.499999985,14.010635309806268,8,baixo-baixo,0.1025,False
158,GO,140,8,44818240.499999985,17.84987520873338,8,baixo-baixo,0.3607,False
158,GO,150,21,50211852.800000004,41.8227944777214,8,baixo-baixo,0.0931,False
158,GO,160,7,66337363.00000002,10.552122790892364,8,baixo-baixo,0.3887,False
158,GO,170,11,66337363.00000002,16.58190724283086,8,baixo-baixo,0.0577,False
158,GO,180,8,66337363.00000002,12.059568903876984,8,baixo-baixo,0.3411,False
158,GO,190,25,66337363.00000002,37.68615282461558,8,baixo-baixo,0.1986,False
158,GO,200,19,66064781.00000002,28.75965031958555,8,baixo-baixo,0.2709,False
158,GO,210,7,65963603.000000015,10.611912754371525,8,baixo-baixo,0.2191,False
158,GO,220,9,63384513.00000001,14.199052061818318,8,baixo-baixo,0.0657,False
158,GO,230,8,60142845.8,13.301665216513584,8,baixo-baixo,0.1699,False
158,GO,240,14,59193181.49999999,23.6513727514376,8,baixo-baixo,0.1197,False
158,GO,250,11,59193181.49999999,18.583221447558113,8,baixo-alto,0.105,False
158,GO,260,57,44759132.39999999,127.348312944511,8,alto-baixo,0.2498,False
158,MS,10,27,42590718.50000001,63.394093715512206,8,alto-baixo,0.3843,False
158,MS,20,22,57932778.10000001,37.975047497333804,8,baixo-alto,0.2602,False
158,MS,30,29,81261592.5,35.68721595014274,8,baixo-baixo,0.475,False
158,MS,40,28,86395317.5,32.40916384154732,8,baixo-baixo,0.4291,False
158,MS,50,31,77755785.75,39.86841583682408,8,baixo-baixo,0.4278,False
158,MS,60,32,109342867.49999993,29.265740630041574,8,baixo-baixo,0.4513,False
158,MS,70,36,109342867.49999993,32.92395820879677,8,baixo-baixo,0.4434,False
158,MS,80,37,109342867.49999993,33.83851260348557,8,baixo-alto,0.1664,False
158,MS,90,105,117990713.94999994,88.99005394991937,8,alto-baixo,0.3226,False
158,MS,100,38,198976464.99999994,19.0977360061151,8,baixo-alto,0.205,False
158,MS,110,43,198976464.99999994,21.61059600691972,8,baixo-baixo,0.1234,False
158,MS,120,28,198976464.99999994,14.072016004505864,8,baixo-baixo,0.1769,False
158,MS,130,35,198976464.99999994,17.59002000563233,8,baixo-baixo,0.1579,False
158,MS,140,30,129259435.60000001,23.209137391591703,8,baixo-baixo,0.1588,False
158,MS,150,19,96516512.00000001,19.68575076563065,8,baixo-baixo,0.2046,False
158,MS,160,18,96516512.00000001,18.64965862007114,8,baixo-baixo,0.1337,False
158,MS,170,14,96516512.00000001,14.505290037833111,8,baixo-baixo,0.0684,False
158,MS,180,6,96516512.00000001,6.216552873357047,8,baixo-baixo,0.3075,False
158,MS,190,21,56957209.75,36.86978363612695,8,baixo-baixo,0.1143,False
158,MS,240,9,35064506.099999994,25.66698066224866,8,baixo-alto,0.0869,False
158,MS,250,36,40561099.5,88.75499048047256,8,alto-alto,0.0946,False
158,MS,260,54,40519489.5,133.2692012321626,8,alto-alto,0.0869,False
158,MS,280,42,56769983.000000015,73.98275951571095,8,alto-alto,0.2712,False
158,MS,290,28,58463583.000000015,47.89306190829939,8,alto-alto,0.2377,False
158,MS,300,17,58463583.000000015,29.077930444324622,8,baixo-baixo,0.4133,False
158,MS,310,17,58463583.000000015,29.077930444324622,8,baixo-baixo,0.4074,False
158,MS,320,18,58463583.000000015,30.7883969410496,8,baixo-baixo,0.4407,False
158,MS,330,21,46770866.400000006,44.899745539030675,8,alto-baixo,0.2211,False
158,MS,340,9,72400816.0,12.430799122485029,8,baixo-baixo,0.4059,False
158,MS,350,11,73570203.0,14.951705379962046,8,baixo-baixo,0.1628,False
158,MT,190,0,61373837.50000003,0.0,8,baixo-baixo,0.1136,False
158,MT,200,0,6137383.75,0.0,8,baixo-baixo,0.0325,False
158,MT,330,5,54604792.05000001,9.156705505666327,8,baixo-baixo,0.034,False
158,MT,340,0,60601424.500000015,0.0,8,baixo-baixo,0.0169,False
158,MT,350,1,60601424.500000015,1.650126227643378,8,baixo-baixo,0.0148,False
158,MT,360,6,60601424.500000015,9.900757365860267,8,baixo-baixo,0.0151,False
158,MT,370,5,60601424.500000015,8.250631138216889,8,baixo-baixo,0.0339,False
158,MT,380,4,60601424.500000015,6.600504910573512,8,baixo-baixo,0.0522,False
158,MT,390,8,60045149.9,13.323307566594984,8,baixo-baixo,0.0708,False
158,MT,400,11,59430467.99999998,18.50902469756759,8,baixo-baixo,0.1869,False
158,MT,410,16,60309387.99999998,26.5298662954431,8,baixo-baixo,0.1455,False
158,MT,420,7,42118043.49999999,16.61995529303255,8,baixo-baixo,0.2901,False
158,MT,430,14,60145174.499999985,23.277012854954812,8,baixo-baixo,0.0469,False
158,MT,440,2,60145174.499999985,3.3252875507078303,8,baixo-baixo,0.3303,False
158,MT,450,18,60145174.499999985,29.92758795637047,8,baixo-baixo,0.0225,False
158,MT,460,6,60145174.499999985,9.97586265212349,8,baixo-baixo,0.2202,False
158,MT,470,8,60145174.499999985,13.301150202831321,8,baixo-baixo,0.0268,False
158,MT,480,3,60145174.499999985,4.987931326061745,8,baixo-baixo,0.0625,False
158,MT,490,6,60145174.499999985,9.97586265212349,8,baixo-baixo,0.0268,False
158,MT,500,6,60145174.499999985,9.97586265212349,8,baixo-baixo,0.1539,False
158,MT,510,15,56736603.749999985,26.437958934050585,8,baixo-baixo,0.48,False
158,MT,520,30,53331682.999999985,56.251740639799436,8,alto-baixo,0.445,False
158,MT,530,25,53152497.19999998,47.03447874881786,8,alto-alto,0.2282,False
158,MT,540,26,53074138.999999985,48.98807684850056,8,alto-alto,0.0758,False
158,MT,550,68,53074138.999999985,128.12266252684762,8,alto-alto,0.1778,False
158,MT,560,40,57783916.49999999,69.22341444266763,8,alto-alto,0.0607,False
158,MT,570,42,66997647.999999985,62.6887678206256,8,alto-alto,0.2583,False
158,MT,580,20,66997647.999999985,29.851794200297903,8,baixo-alto,0.2944,False
158,MT,590,20,66997647.999999985,29.851794200297903,8,baixo-baixo,0.4382,False
158,MT,600,22,66997647.999999985,32.8369736203277,8,baixo-baixo,0.2342,False
158,MT,610,10,66997647.999999985,14.925897100148951,8,baixo-alto,0.2611,False
158,MT,620,44,66997647.999999985,65.6739472406554,8,alto-baixo,0.359,False
158,MT,630,46,66994362.999999985,68.66249329066687,8,alto-alto,0.1434,False
158,MT,640,33,50333704.4,65.56243056888935,8,alto-alto,0.2764,False
158,MT,650,12,44427004.3,27.010599046850434,8,baixo-alto,0.236,False
158,MT,660,24,63467148.99999999,37.81483866559061,8,baixo-baixo,0.447,False
158,MT,670,23,63467148.99999999,36.239220387857664,8,baixo-baixo,0.442,False
158,MT,680,16,63467148.99999999,25.20989244372707,8,baixo-alto,0.3117,False
158,MT,690,34,63467148.99999999,53.57102144292003,8,alto-baixo,0.2601,False
158,MT,700,14,63467148.99999999,22.05865588826119,8,baixo-baixo,0.3486,False
158,MT,710,20,63467148.99999999,31.51236555465884,8,baixo-baixo,0.3336,False
158,MT,720,20,63467148.99999999,31.51236555465884,8,baixo-baixo,0.4826,False
158,MT,730,20,57120434.099999994,35.01373950517649,8,baixo-baixo,0.4244,False
158,MT,740,19,63467148.99999999,29.936747276925896,8,baixo-baixo,0.4822,False
158,MT,750,22,63467148.99999999,34.66360211012472,8,baixo-baixo,0.4243,False
158,MT,760,20,63467148.99999999,31.51236555465884,8,baixo-baixo,0.4736,False
158,MT,770,20,64490360.79999999,31.012386582895353,8,baixo-baixo,0.4234,False
158,MT,780,20,66877854.99999999,29.90526535278382,8,baixo-alto,0.2996,False
158,MT,790,28,45913021.49999999,60.984877677893635,8,alto-baixo,0.4495,False
158,PA,590,1,85808346.4,1.165387799618523,8,baixo-baixo,0.0131,False
158,PA,600,0,86432609.55,0.0,8,baixo-baixo,0.0033,False
158,PA,610,0,81814677.00000001,0.0,8,baixo-baixo,0.0033,False
158,PA,620,1,81814677.00000001,1.2222745803909973,8,baixo-baixo,0.0004,True
158,PA,630,0,81814677.00000001,0.0,8,baixo-baixo,0.0033,False
158,PA,640,0,81814677.00000001,0.0,8,baixo-baixo,0.0033,False
158,PA,650,1,81814677.00000001,1.2222745803909973,8,baixo-baixo,0.0004,True
158,PA,660,0,81814677.00000001,0.0,8,baixo-baixo,0.0033,False
158,PA,670,0,81814677.00000001,0.0,8,baixo-baixo,0.0033,False
158,PA,680,1,81814677.00000001,1.2222745803909973,8,baixo-baixo,0.0004,True
158,PA,690,0,81591297.00000001,0.0,8,baixo-baixo,0.0032,False
158,PA,700,0,79580877.00000001,0.0,8,baixo-baixo,0.0004,True
158,PA,710,0,79580877.00000001,0.0,8,baixo-baixo,0.0004,True
158,PA,720,0,79580877.00000001,0.0,8,baixo-baixo,0.0049,False
158,PA,730,2,79580877.00000001,2.513166573924537,8,baixo-baixo,0.0004,True
158,PA,740,0,79580877.00000001,0.0,8,baixo-baixo,0.0067,False
158,PA,750,1,79580877.00000001,1.2565832869622684,8,baixo-baixo,0.0004,True
158,PA,760,0,73265639.7,0.0,8,baixo-baixo,0.0032,False
158,PA,770,0,68000164.3,0.0,8,baixo-baixo,0.0008,True
158,PA,780,0,63778895.500000015,0.0,8,baixo-baixo,0.0011,True
158,PA,790,0,63778895.500000015,0.0,8,baixo-baixo,0.0011,True
158,PA,800,0,63778895.500000015,0.0,8,baixo-baixo,0.0011,True
158,PA,810,0,63778895.500000015,0.0,8,baixo-baixo,0.0011,True
158,PA,820,0,63778895.500000015,0.0,8,baixo-baixo,0.0011,True
158,PA,830,0,63778895.500000015,0.0,8,baixo-baixo,0.0011,True
158,PA,840,0,63778895.500000015,0.0,8,baixo-baixo,0.0011,True
158,PA,850,0,63778895.500000015,0.0,8,baixo-baixo,0.0011,True
158,PA,860,0,63778895.500000015,0.0,8,baixo-baixo,0.0042,False
158,PA,870,1,63778895.500000015,1.5679167727199035,8,baixo-baixo,0.0043,False
158,PA,880,1,63778895.500000015,1.5679167727199035,8,baixo-baixo,0.0744,False
158,PR,330,13,35892114.4,36.21965497803049,8,baixo-baixo,0.2364,False
158,PR,340,16,89730286.0,17.831214758415012,8,baixo-baixo,0.2702,False
158,PR,350,11,89730286.0,12.258960146410322,8,baixo-baixo,0.0667,False
158,PR,360,6,87329180.94999999,6.870555677643741,8,baixo-baixo,0.0791,False
158,PR,370,12,81726602.5,14.68310150296533,8,baixo-baixo,0.0839,False
158,PR,380,17,81726602.5,20.801060462534217,8,baixo-baixo,0.214,False
158,PR,390,23,81726602.5,28.142611214016878,8,baixo-baixo,0.3052,False
158,PR,400,20,65505159.35,30.53194618325892,8,baixo-baixo,0.4113,False
158,PR,500,38,41938105.8,90.60971943086662,8,alto-alto,0.0922,False
158,PR,510,118,139793686.00000006,84.41010704875465,8,alto-alto,0.0378,False
158,PR,520,187,139696596.00000006,133.8615294534449,8,alto-alto,0.0298,False
158,PR,530,260,159850092.9,162.6523921776213,8,alto-alto,0.0389,False
158,RS,0,47,61387269.49999999,76.56310564521851,8,alto-baixo,0.0679,False
158,RS,10,2,122774539.00000001,1.6290022477706063,8,baixo-baixo,0.395,False
158,RS,20,4,122774539.00000001,3.2580044955412126,8,baixo-baixo,0.0053,False
158,RS,30,0,24554907.799999997,0.0,8,baixo-baixo,0.0859,False
158,RS,50,0,125197438.20000002,0.0,8,baixo-baixo,0.0361,False
158,RS,60,1,150793216.50000003,0.6631598046719825,8,baixo-baixo,0.0318,False
158,RS,70,17,100660678.19999999,16.88842187832587,8,baixo-baixo,0.1466,False
158,RS,80,31,87555762.0,35.40600788786465,8,baixo-baixo,0.4398,False
158,RS,90,43,74842636.8,57.453881689000035,8,alto-baixo,0.4946,False
158,RS,100,22,67794804.35000001,32.45086435594972,8,baixo-alto,0.288,False
158,RS,110,33,90977089.50000001,36.2728684566239,8,baixo-baixo,0.3279,False
158,RS,120,19,90977089.50000001,20.884378808359216,8,baixo-baixo,0.4081,False
158,RS,130,22,90977089.50000001,24.181912304415935,8,baixo-alto,0.2642,False
158,RS,140,70,90977089.50000001,76.94244824132342,8,alto-alto,0.3056,False
158,RS,150,60,90365871.45000002,66.39674806123942,8,alto-alto,0.2271,False
158,RS,160,24,84864909.0,28.28024006954394,8,baixo-alto,0.2902,False
158,RS,170,23,85449113.39999999,26.916604613945594,8,baixo-baixo,0.4824,False
158,RS,180,33,85838582.99999999,38.44425064658862,8,baixo-alto,0.2291,False
158,RS,190,48,61483450.65,78.06978868711235,8,alto-baixo,0.4571,False
158,RS,200,54,159195312.1,33.92059683646929,8,baixo-alto,0.208,False
158,RS,210,38,119525893.0,31.79227449904934,8,baixo-baixo,0.4502,False
158,RS,220,36,119525893.0,30.118996893836215,8,baixo-baixo,0.3287,False
158,RS,230,26,119525893.0,21.7526088677706,8,baixo-baixo,0.3907,False
158,RS,240,42,144873018.70000005,28.990905537057046,8,baixo-baixo,0.1576,False
158,RS,250,23,147689366.00000003,15.573226849656864,8,baixo-baixo,0.4154,False
158,RS,260,69,143712654.50000006,48.01247339008687,8,alto-baixo,0.1598,False
158,RS,270,31,141061513.50000003,21.976228122633884,8,baixo-baixo,0.4909,False
158,RS,280,30,141061513.50000003,21.267317538032792,8,baixo-baixo,0.1611,False
158,RS,290,23,145797231.54999995,15.775333835548405,8,baixo-baixo,0.4027,False
158,RS,300,49,125850937.84999995,38.93495021737736,8,baixo-baixo,0.204,False
158,RS,330,232,56703005.500000015,409.14938803376117,8,alto-baixo,0.3378,False
158,RS,340,25,59952235.50000001,41.69986288501285,8,baixo-alto,0.0105,False
158,RS,350,14,59952235.50000001,23.351923215607194,8,baixo-baixo,0.4171,False
158,RS,360,21,59952235.50000001,35.027884823410794,8,baixo-baixo,0.2369,False
158,RS,370,13,59952235.50000001,21.683928700206682,8,baixo-baixo,0.33,False
158,RS,380,11,59952235.50000001,18.34793966940565,8,baixo-baixo,0.1563,False
158,RS,390,9,59952235.50000001,15.011950638604626,8,baixo-baixo,0.142,False
158,RS,400,10,59952235.50000001,16.67994515400514,8,baixo-baixo,0.142,False
158,RS,410,12,59952235.50000001,20.015934184806166,8,baixo-baixo,0.1153,False
158,RS,420,9,59952235.50000001,15.011950638604626,8,baixo-baixo,0.2546,False
158,RS,430,16,59952235.50000001,26.68791224640822,8,baixo-baixo,0.0722,False
158,RS,440,12,111511350.75000004,10.761236339879952,8,baixo-baixo,0.0762,False
158,RS,450,0,146763419.40000004,0.0,8,baixo-baixo,0.1895,False
158,RS,460,10,33717021.0,29.65861070585091,8,baixo-baixo,0.0308,False
158,RS,470,14,84292552.5,16.60882199527651,8,baixo-baixo,0.2747,False
158,RS,480,16,84292552.5,18.981510851744584,8,baixo-baixo,0.0889,False
158,RS,490,10,84292552.5,11.863444282340364,8,baixo-baixo,0.1655,False
158,RS,500,16,84292552.5,18.981510851744584,8,baixo-baixo,0.0971,False
158,RS,510,15,84292552.5,17.795166423510548,8,baixo-baixo,0.1155,False
158,RS,520,11,84292552.5,13.0497887105744,8,baixo-baixo,0.2687,False
158,RS,530,30,97944603.70000002,30.629558818665163,8,baixo-baixo,0.1366,False
158,RS,540,22,101357616.50000003,21.705324927406902,8,baixo-baixo,0.2102,False
158,RS,550,12,101357616.50000003,11.839268142221949,8,baixo-alto,0.0869,False
158,RS,560,58,39684588.5,146.15245411956332,8,alto-baixo,0.1543,False
158,SC,100,95,173365900.54999998,54.79739654604183,8,alto-alto,0.2457,False
158,SC,110,69,137212566.59999996,50.28693924307077,8,alto-alto,0.3263,False
158,SC,120,38,115713395.0,32.83975895789766,8,baixo-alto,0.2153,False
158,SC,130,66,115136238.74999999,57.32339419503576,8,alto-baixo,0.2664,False
158,SC,140,16,104132196.84999998,15.365084463787536,8,baixo-alto,0.1975,False
158,SP,0,9,74617351.5,12.06153772423831,8,baixo-baixo,0.1021,False
158,SP,10,0,7956682.45,0.0,8,baixo-baixo,0.1578,False
163,MS,0,113,90981480.44999999,124.20110053287226,8,alto-alto,0.0626,False
163,MS,10,113,111431616.5,101.40748519070438,8,alto-alto,0.0906,False
163,MS,20,20,52402188.6,38.1663448308722,8,baixo-alto,0.1011,False
163,MS,30,69,131005471.50000004,52.669555866603616,8,alto-alto,0.1939,False
163,MS,40,64,84980942.5,75.31100281689628,8,alto-alto,0.3319,False
163,MS,50,29,84980942.5,34.12529815140612,8,baixo-alto,0.1777,False
163,MS,60,36,84980942.5,42.36243908450415,8,baixo-alto,0.1479,False
163,MS,70,83,87459168.39999999,94.90142831040228,8,alto-alto,0.2361,False
163,MS,80,59,97372071.99999997,60.59232261176492,8,alto-alto,0.1194,False
163,MS,90,45,97372071.99999997,46.214483347956296,8,alto-alto,0.216,False
163,MS,100,59,125633124.1,46.96213711364677,8,alto-baixo,0.3735,False
163,MS,110,51,142633495.5,35.7559771084766,8,baixo-baixo,0.3878,False
163,MS,120,30,89697202.4,33.44585917653993,8,baixo-baixo,0.4829,False
163,MS,130,37,118627773.99999999,31.18999771503763,8,baixo-baixo,0.4687,False
163,MS,140,38,118627773.99999999,32.032970626254865,8,baixo-baixo,0.4977,False
163,MS,150,44,118627773.99999999,37.09080809355826,8,baixo-baixo,0.2941,False
163,MS,160,22,118627773.99999999,18.54540404677913,8,baixo-alto,0.2897,False
163,MS,170,62,110100790.0,56.312039177920525,8,alto-baixo,0.4696,False
163,MS,180,53,112410181.50000001,47.14875404769273,8,alto-alto,0.2779,False
163,MS,190,44,112410181.50000001,39.14236185091472,8,baixo-alto,0.2145,False
163,MS,200,69,113615163.3,60.73133021672998,8,alto-baixo,0.4793,False
163,MS,210,47,150702550.5,31.18726248763786,8,baixo-alto,0.2859,False
163,MS,220,53,158591678.74999997,33.41915566928824,8,baixo-baixo,0.3731,False
163,MS,230,42,158444966.99999994,26.50762646187431,8,baixo-baixo,0.3869,False
163,MS,240,75,158444966.99999994,47.33504725334698,8,alto-alto,0.0189,False
163,MS,250,390,132270196.49999994,294.8510022059279,8,alto-alto,0.2755,False
163,MS,270,120,275728701.5,43.52104055442339,8,alto-baixo,0.3682,False
163,MS,280,81,314050927.5,25.791995153397533,8,baixo-baixo,0.4868,False
163,MS,290,21,88092476.25,23.83858519359081,8,baixo-baixo,0.3012,False
163,MS,300,42,163829702.5,25.63637689569753,8,baixo-baixo,0.3078,False
163,MS,310,46,164226822.5,28.010040808041573,8,baixo-baixo,0.4498,False
163,MS,320,57,148131344.49999997,38.47936450748951,8,baixo-baixo,0.3827,False
163,MS,330,43,141233282.49999994,30.446081291072463,8,baixo-alto,0.3114,False
163,MS,340,29,56493313.00000001,51.333509153552384,8,alto-baixo,0.4608,False
163,MS,360,51,137998951.79999995,36.956802450147315,8,baixo-baixo,0.4583,False
163,MS,370,70,229998252.99999988,30.435013782474265,8,baixo-baixo,0.2949,False
163,MS,380,32,229998252.99999988,13.913149157702522,8,baixo-baixo,0.225,False
163,MS,390,32,229998252.99999988,13.913149157702522,8,baixo-baixo,0.1247,False
163,MS,400,46,229998252.99999988,20.000151914197374,8,baixo-baixo,0.1291,False
163,MS,410,47,228960295.1999999,20.527576608400537,8,baixo-baixo,0.2037,False
163,MS,420,49,219472163.99999988,22.326293734452822,8,baixo-baixo,0.1438,False
163,MS,430,34,219472163.99999988,15.491714019824409,8,baixo-baixo,0.2318,False
163,MS,440,50,219472163.99999988,22.78193238209472,8,baixo-baixo,0.3118,False
163,MS,450,81,219472163.99999988,36.906730458993444,8,baixo-alto,0.0996,False
163,MS,460,178,135209329.79999998,131.64772006731744,8,alto-baixo,0.4122,False
163,MS,570,10,63971316.2,15.63200602084845,8,baixo-baixo,0.3397,False
163,MS,580,39,159928290.50000003,24.38592939252358,8,baixo-baixo,0.1236,False
163,MS,590,28,159227632.85,17.584887433688934,8,baixo-baixo,0.3379,False
163,MS,600,48,158927350.99999997,30.20247911890258,8,baixo-alto,0.1496,False
163,MS,610,159,144450166.19999996,110.07256286562863,8,alto-baixo,0.4681,False
163,MS,620,50,121516748.99999997,41.14659124068569,8,baixo-alto,0.1385,False
163,MS,630,26,118676318.99999997,21.908330338422452,8,baixo-baixo,0.4841,False
163,MS,640,34,118682888.99999997,28.647769098374415,8,baixo-baixo,0.4007,False
163,MS,650,45,118682888.99999997,37.916164983142615,8,baixo-baixo,0.3544,False
163,MS,660,66,118682888.99999997,55.61037530860916,8,alto-baixo,0.3542,False
163,MS,670,55,118679238.99999997,46.34340467922954,8,alto-alto,0.0969,False
163,MS,680,125,125100297.09999998,99.91982664923664,8,alto-alto,0.33,False
163,MS,690,51,125813747.99999999,40.53611056877505,8,baixo-alto,0.1603,False
163,MS,700,26,115022698.19999999,22.604234126721263,8,baixo-baixo,0.4226,False
163,MS,710,27,127802997.99999999,21.126264972281795,8,baixo-alto,0.2931,False
163,MS,720,89,127802997.99999999,69.63842898270666,8,alto-baixo,0.4605,False
163,MS,730,64,125654345.19999996,50.93337591957784,8,alto-alto,0.2946,False
163,MS,740,28,125415605.99999996,22.325770207576888,8,baixo-baixo,0.4804,False
163,MS,750,24,125415605.99999996,19.13637446363733,8,baixo-baixo,0.1915,False
163,MS,760,23,123218546.89999998,18.666021129648627,8,baixo-baixo,0.2189,False
163,MS,770,28,114430310.50000006,24.46904135596135,8,baixo-baixo,0.1317,False
163,MS,780,18,114430310.50000006,15.730098014546583,8,baixo-baixo,0.222,False
163,MS,790,22,113315965.50000006,19.41473992912322,8,baixo-baixo,0.1652,False
163,MS,800,23,103286860.50000004,22.268079297463,8,baixo-baixo,0.3469,False
163,MS,810,37,103286860.50000004,35.82256234809265,8,baixo-baixo,0.2108,False
163,MS,820,21,103286860.50000004,20.33172457594448,8,baixo-baixo,0.4263,False
163,MS,830,49,121812712.90000005,40.22568649318702,8,baixo-baixo,0.4652,False
163,MS,840,34,75866505.6,44.81556087380938,8,alto-baixo,0.3553,False
163,MT,50,38,116998209.60000002,32.47912949259353,8,baixo-baixo,0.44,False
163,MT,60,43,146247762.0,29.402159330137305,8,baixo-baixo,0.4315,False
163,MT,70,41,136496819.85000002,30.037329840399202,8,baixo-baixo,0.4404,False
163,MT,100,109,239878602.24999997,45.43965113086698,8,alto-alto,0.077,False
163,MT,110,235,250113333.65000004,93.95740585699876,8,alto-baixo,0.2675,False
163,MT,120,5,166938889.30000004,2.995107982906652,8,baixo-alto,0.2824,False
163,MT,130,1,312574794.50000006,0.31992342875874463,8,baixo-baixo,0.0053,False
163,MT,140,1,313217194.50000006,0.3192672744535421,8,baixo-baixo,0.0002,True
163,MT,150,0,250573755.60000008,0.0,8,baixo-baixo,0.0002,True
163,MT,160,0,295008804.50000006,0.0,8,baixo-baixo,0.0001,True
163,MT,170,0,307117059.00000006,0.0,8,baixo-baixo,0.0001,True
163,MT,180,0,256484905.05000004,0.0,8,baixo-baixo,0.0002,True
163,MT,190,0,200087408.1999999,0.0,8,baixo-baixo,0.0028,False
163,MT,200,5,274162084.9999999,1.8237386836330787,8,baixo-baixo,0.0002,True
163,MT,210,1,261429424.99999985,0.38251241228870875,8,baixo-baixo,0.0044,False
163,MT,220,2,259478536.49999988,0.7707766611362866,8,baixo-baixo,0.0002,True
163,MT,230,0,247741348.29999986,0.0,8,baixo-baixo,0.0365,False
163,MT,360,1,173642227.45000005,0.5758967819552695,8,baixo-baixo,0.0609,False
163,MT,370,3,195189955.00000006,1.5369643381494702,8,baixo-baixo,0.0029,False
163,MT,380,2,195189955.00000006,1.024642892099647,8,baixo-baixo,0.0052,False
163,MT,390,3,195189955.00000006,1.5369643381494702,8,baixo-baixo,0.0052,False
163,MT,400,4,195189955.00000006,2.049285784199294,8,baixo-baixo,0.0029,False
163,MT,410,0,156151964.00000006,0.0,8,baixo-baixo,0.0035,False
163,MT,420,0,213424179.69999996,0.0,8,baixo-baixo,0.0051,False
163,MT,430,6,196392337.99999997,3.0551090032850476,8,baixo-baixo,0.0009,True
163,MT,440,2,207698869.99999994,0.9629325378611837,8,baixo-baixo,0.0053,False
163,MT,450,1,207701424.99999994,0.4814603462638739,8,baixo-baixo,0.0024,False
163,MT,460,1,207702519.99999994,0.48145780802274346,8,baixo-baixo,0.0002,True
163,MT,470,0,218024603.20000002,0.0,8,baixo-baixo,0.0002,True
163,MT,480,0,258433724.00000003,0.0,8,baixo-baixo,0.0032,False
163,MT,490,5,255987161.85000008,1.953222952223609,8,baixo-baixo,0.0077,False
163,MT,500,15,255404260.5000001,5.873042200092819,8,baixo-baixo,0.154,False
163,MT,510,80,227032544.05,35.237238931869335,8,baixo-baixo,0.2488,False
163,MT,520,84,205794920.50000003,40.81733397302194,8,baixo-baixo,0.3447,False
163,MT,530,103,205794920.50000003,50.04982618120547,8,alto-alto,0.334,False
163,MT,540,94,205794920.50000003,45.6765403983817,8,alto-alto,0.2996,False
163,MT,550,85,206140940.50000003,41.233924611884646,8,baixo-baixo,0.3911,False
163,MT,560,71,206371620.50000003,34.403955266707804,8,baixo-baixo,0.3613,False
163,MT,570,87,206371620.50000003,42.156959270472946,8,baixo-baixo,0.4165,False
163,MT,580,88,206371620.50000003,42.64152202070826,8,baixo-alto,0.3044,False
163,MT,590,100,206371620.50000003,48.456275023532115,8,alto-alto,0.1315,False
163,MT,600,158,172366377.24999997,91.66520902788193,8,alto-baixo,0.3711,False
163,MT,610,68,201661328.35000002,33.71990086367989,8,baixo-alto,0.1697,False
163,MT,620,58,213783894.50000006,27.13020086739976,8,baixo-baixo,0.4221,False
163,MT,630,60,213783894.50000006,28.06572503524113,8,baixo-baixo,0.4425,False
163,MT,640,78,213783894.50000006,36.48544254581346,8,baixo-baixo,0.3838,False
163,MT,650,65,212499459.50000006,30.588313096391655,8,baixo-baixo,0.4507,False
163,MT,660,78,211214294.50000006,36.929318720897456,8,baixo-baixo,0.3772,False
163,MT,670,54,196535031.10000005,27.476017734733492,8,baixo-alto,0.194,False
163,MT,680,154,205188984.00000003,75.0527620917505,8,alto-alto,0.2543,False
163,MT,690,146,205188984.00000003,71.15391730776345,8,alto-alto,0.1988,False
163,MT,700,70,196551288.20000002,35.614114077325084,8,baixo-alto,0.1983,False
163,MT,710,77,194489045.5,39.59091875948355,8,baixo-baixo,0.4592,False
163,MT,720,57,194489045.5,29.30756323753977,8,baixo-baixo,0.441,False
163,MT,730,68,194489045.5,34.96340877460885,8,baixo-alto,0.1002,False
163,MT,740,239,194489045.5,122.88609848722817,8,alto-alto,0.0484,False
163,MT,750,314,182938985.5,171.64192702927176,8,alto-alto,0.0472,False
163,MT,770,91,267103933.9999999,34.06913505062791,8,baixo-baixo,0.3971,False
163,MT,780,100,267103933.9999999,37.43860994574495,8,baixo-baixo,0.4617,False
163,MT,790,82,263652493.9999999,31.101545354621233,8,baixo-baixo,0.3971,False
163,MT,830,780,166271676.6,469.11176692855935,8,alto-baixo,0.0001,True
163,MT,850,152,94692968.35000001,160.51878259659603,8,alto-baixo,0.4001,False
163,MT,860,54,144497875.34999996,37.37079169448149,8,baixo-alto,0.0646,False
163,MT,870,36,137530978.0,26.1759208896195,8,baixo-baixo,0.4764,False
163,MT,880,40,137530978.0,29.084356544021666,8,baixo-baixo,0.4126,False
163,MT,890,48,137530978.0,34.901227852826004,8,baixo-baixo,0.4221,False
163,MT,900,45,137530978.0,32.719901112024374,8,baixo-baixo,0.3699,False
163,MT,910,31,137530978.0,22.540376321616794,8,baixo-baixo,0.3793,False
163,MT,920,67,137530978.0,48.716297211236295,8,alto-baixo,0.3866,False
163,MT,930,80,137456518.0,58.20022299706442,8,alto-alto,0.2587,False
163,MT,940,68,137272558.0,49.53648492512247,8,alto-alto,0.1574,False
163,MT,950,90,136644429.5,65.86437539336355,8,alto-baixo,0.4769,False
163,MT,960,23,135549429.5,16.967979935319462,8,baixo-alto,0.1742,False
163,MT,970,62,119605134.5,51.83723947904594,8,alto-baixo,0.4952,False
163,MT,980,61,117347244.5,51.982473265488565,8,alto-alto,0.2618,False
163,MT,990,54,117363932.30000001,46.010728289137255,8,alto-baixo,0.4008,False
163,MT,1000,35,129389058.04999997,27.05020078782466,8,baixo-baixo,0.4578,False
163,MT,1010,37,138732119.99999994,26.670103505950905,8,baixo-alto,0.2666,False
163,MT,1020,97,138732119.99999994,69.9189200020875,8,alto-alto,0.0887,False
163,MT,1030,190,138732119.99999994,136.95458557109924,8,alto-alto,0.0915,False
163,MT,1040,100,111281732.89999999,89.86200825059223,8,alto-alto,0.0394,False
163,MT,1080,20,55429973.1,36.08156180036104,8,baixo-baixo,0.2491,False
163,MT,1090,10,54356420.49999999,18.397090735582932,8,baixo-alto,0.1006,False
163,MT,1100,64,54356420.49999999,117.74138070773076,8,alto-alto,0.1541,False
163,MT,1110,58,54356420.49999999,106.703126266381,8,alto-alto,0.169,False
163,MT,1120,1,54356420.49999999,1.839709073558293,8,baixo-alto,0.0609,False
163,PA,50,3,46886385.25,6.398445911332011,8,baixo-baixo,0.1223,False
163,PA,60,4,54352770.49999999,7.359330468720083,8,baixo-baixo,0.0299,False
163,PA,70,5,54352770.49999999,9.199163085900102,8,baixo-baixo,0.04,False
163,PA,80,6,54352770.49999999,11.038995703080122,8,baixo-baixo,0.0205,False
163,PA,90,2,54352770.49999999,3.6796652343600416,8,baixo-baixo,0.37,False
163,PA,100,25,54352770.49999999,45.99581542950051,8,alto-baixo,0.04,False
163,PA,110,8,54352770.49999999,14.718660937440166,8,baixo-baixo,0.3084,False
163,PA,120,3,54352770.49999999,5.519497851540061,8,baixo-baixo,0.0734,False
163,PA,130,6,54352770.49999999,11.038995703080122,8,baixo-baixo,0.0735,False
163,PA,140,11,54352770.49999999,20.238158788980225,8,baixo-baixo,0.0652,False
163,PA,150,7,54352040.49999999,12.87900129526876,8,baixo-baixo,0.1261,False
163,PA,160,7,54349120.49999999,12.879693241770125,8,baixo-baixo,0.0548,False
163,PA,170,5,54349120.49999999,9.19978088697866,8,baixo-baixo,0.0333,False
163,PA,180,2,54349120.49999999,3.6799123547914636,8,baixo-baixo,0.0163,False
163,PA,190,1,54349120.49999999,1.8399561773957318,8,baixo-baixo,0.0163,False
163,PA,200,4,54349120.49999999,7.359824709582927,8,baixo-baixo,0.0087,False
163,PA,210,2,54349120.49999999,3.6799123547914636,8,baixo-baixo,0.0163,False
163,PA,220,1,32609472.300000004,3.066593628992886,8,baixo-baixo,0.0955,False
163,PA,270,0,5149482.05,0.0,8,baixo-baixo,0.2065,False
163,PA,280,8,51494820.5,15.535543035828233,8,baixo-baixo,0.1333,False
163,PA,290,14,51494820.5,27.18720031269941,8,baixo-baixo,0.2546,False
163,PA,300,16,51494820.5,31.071086071656467,8,baixo-alto,0.3004,False
163,PA,310,32,49747430.45000001,64.3249303743687,8,alto-baixo,0.3068,False
163,PA,320,10,49553276.00000001,20.180300491132005,8,baixo-baixo,0.4407,False
163,PA,330,5,49553276.00000001,10.090150245566003,8,baixo-baixo,0.1539,False
163,PA,340,7,43655985.6,16.034456452633613,8,baixo-baixo,0.142,False
163,PA,640,18,63519344.00000002,28.33782414377578,8,baixo-baixo,0.3345,False
163,PA,650,28,66767004.50000002,41.93688216160722,8,baixo-baixo,0.2345,False
163,PA,660,11,66767004.50000002,16.475203706345695,8,baixo-baixo,0.4278,False
163,PA,670,9,26706801.800000004,33.69928030843438,8,baixo-baixo,0.2201,False
163,PA,830,0,25826429.099999994,0.0,8,baixo-baixo,0.1047,False
163,PA,840,2,43044048.49999997,4.646403091010367,8,baixo-baixo,0.0067,False
163,PA,850,1,43044048.49999997,2.3232015455051833,8,baixo-baixo,0.0267,False
163,PA,860,4,40099604.44999999,9.97516074002072,8,baixo-baixo,0.0719,False
163,PA,870,9,39772443.99999999,22.62873259687034,8,baixo-baixo,0.105,False
163,PA,880,8,39772443.99999999,20.114428974995857,8,baixo-baixo,0.146,False
163,PA,890,5,40214823.99999999,12.433226115822366,8,baixo-baixo,0.0872,False
163,PA,900,3,41247044.0,7.273248478121244,8,baixo-baixo,0.0576,False
163,PA,910,4,41247044.0,9.697664637494993,8,baixo-baixo,0.1362,False
163,PA,920,11,41247044.0,26.66857775311123,8,baixo-baixo,0.0823,False
163,PA,930,7,41247044.0,16.970913115616234,8,baixo-baixo,0.157,False
163,PA,940,4,41247044.0,9.697664637494993,8,baixo-baixo,0.1156,False
163,PA,950,6,41247044.0,14.546496956242487,8,baixo-baixo,0.4714,False
163,PA,960,25,40835042.949999996,61.22192654630232,8,alto-alto,0.2322,False
163,PA,970,35,39247705.39999999,89.17718792294036,8,alto-alto,0.0141,False
163,PA,980,64,20981331.5,305.0330719001318,8,alto-alto,0.0867,False
163,PR,10,106,99626385.00000004,106.3975170834513,8,alto-alto,0.1476,False
163,PR,20,66,97919280.00000004,67.40245639061068,8,alto-alto,0.0227,False
163,PR,30,146,78186416.4,186.73320344171702,8,alto-alto,0.1602,False
163,PR,40,44,80156299.49999997,54.892753625683554,8,alto-alto,0.0278,False
163,PR,50,54,80156299.49999997,67.36837944970253,8,alto-alto,0.1503,False
163,PR,60,54,74823547.29999998,72.16979406695413,8,alto-alto,0.1284,False
163,PR,70,46,66824418.99999999,68.83711177496359,8,alto-alto,0.0289,False
163,PR,80,107,59847411.150000006,178.78801763340766,8,alto-alto,0.0872,False
163,PR,90,53,55335160.70000001,95.77996942547956,8,alto-alto,0.0421,False
163,PR,100,21,56185362.500000015,37.37628283523132,8,baixo-alto,0.1314,False
163,PR,110,22,56185362.500000015,39.15610582738519,8,baixo-baixo,0.4353,False
163,PR,120,48,127344353.6,37.69307287135187,8,baixo-baixo,0.3975,False
163,PR,130,70,174783680.99999997,40.049505537075866,8,baixo-alto,0.248,False
163,PR,140,126,200379864.45,62.88056953518915,8,alto-alto,0.1943,False
163,PR,150,144,199447351.49999997,72.19950473997646,8,alto-alto,0.1667,False
163,PR,160,104,181579181.64999998,57.27528841960723,8,alto-alto,0.2284,False
163,PR,170,84,258520302.00000006,32.492612514432224,8,baixo-alto,0.2554,False
163,PR,180,102,243656042.00000003,41.86229044958384,8,baixo-baixo,0.4339,False
163,PR,190,48,157741896.70000002,30.42945533442416,8,baixo-baixo,0.3373,False
163,PR,210,81,399329315.79999995,20.284010413241997,8,baixo-baixo,0.1186,False
163,PR,220,36,490112619.49999994,7.3452505745977845,8,baixo-baixo,0.115,False
163,PR,230,58,459946099.49999994,12.610173249224392,8,baixo-baixo,0.0954,False
163,PR,240,72,314417657.6000001,22.899477258875166,8,baixo-baixo,0.279,False
163,PR,250,109,293459160.50000006,37.1431581192709,8,baixo-baixo,0.2298,False
163,PR,260,65,293459160.50000006,22.149589704152373,8,baixo-baixo,0.4588,False
163,PR,270,95,267637001.90000004,35.49583926197762,8,baixo-baixo,0.2971,False
163,PR,330,26,97009889.79999998,26.801391129917565,8,baixo-baixo,0.4032,False
163,PR,340,15,40425852.400000006,37.10496899751209,8,baixo-alto,0.1494,False
163,PR,350,38,37479057.75,101.3899555679198,8,alto-baixo,0.4032,False
163,SC,70,345,136782238.90000004,252.22572957898842,8,alto-alto,0.1238,False
163,SC,80,119,159433193.54999995,74.63941312991409,8,alto-alto,0.0216,False
163,SC,90,76,137587406.99999994,55.237613424897255,8,alto-alto,0.0719,False
163,SC,100,25,23615266.400000002,105.86372212172037,8,alto-alto,0.1791,False
163,SC,110,72,117867329.35,61.085629408129115,8,alto-alto,0.1063,False
163,SC,120,16,35285849.400000006,45.34395592585621,8,alto-alto,0.1765,False
364,AC,0,7,20377975.55,34.350811653613945,8,baixo-baixo,0.3363,False
364,AC,10,11,46091871.50000001,23.865379386905555,8,baixo-baixo,0.2447,False
364,AC,20,5,46091871.50000001,10.84789972132071,8,baixo-baixo,0.2428,False
364,AC,30,11,51005443.099999994,21.566325732008004,8,baixo-baixo,0.1187,False
364,AC,40,11,51551395.5,21.33792866965163,8,baixo-baixo,0.2361,False
364,AC,50,12,51551395.5,23.277740366892687,8,baixo-baixo,0.3616,False
364,AC,60,18,51551395.5,34.91661055033903,8,baixo-baixo,0.2538,False
364,AC,70,12,51551395.5,23.277740366892687,8,baixo-baixo,0.4743,False
364,AC,80,16,51551395.5,31.036987155856917,8,baixo-alto,0.3281,False
364,AC,90,31,48451289.89999999,63.98178472437326,8,alto-baixo,0.4851,False
364,AC,150,40,48449370.00000002,82.56041306625862,8,alto-baixo,0.432,False
364,AC,160,14,48449370.00000002,28.896144573190515,8,baixo-alto,0.1836,False
364,AC,170,16,48449370.00000002,33.02416522650345,8,baixo-baixo,0.2215,False
364,AC,180,7,48449370.00000002,14.448072286595258,8,baixo-baixo,0.3566,False
364,AC,190,11,48449370.00000002,22.70411359322112,8,baixo-baixo,0.1088,False
364,AC,200,8,48449370.00000002,16.512082613251724,8,baixo-baixo,0.248,False
364,AC,210,9,38824320.00000001,23.18134612531526,8,baixo-baixo,0.2298,False
364,AC,220,8,29199269.999999993,27.397945222603173,8,baixo-baixo,0.303,False
364,AC,230,8,29199269.999999993,27.397945222603173,8,baixo-baixo,0.1423,False
364,AC,240,2,29199269.999999993,6.849486305650793,8,baixo-baixo,0.3525,False
364,AC,250,8,29199269.999999993,27.397945222603173,8,baixo-baixo,0.4952,False
364,AC,260,16,26279342.999999993,60.884322716895944,8,alto-baixo,0.4052,False
364,AC,490,0,39497190.199999996,0.0,8,baixo-baixo,0.0521,False
364,AC,500,0,40362320.5,0.0,8,baixo-baixo,0.0115,False
364,AC,510,3,40362320.5,7.43267473930296,8,baixo-baixo,0.0066,False
364,AC,520,1,35048380.400000006,2.8531988884713195,8,baixo-baixo,0.0195,False
364,AC,530,1,24365421.7,4.104176863066565,8,baixo-baixo,0.0091,False
364,AC,540,1,42558740.849999994,2.349693576519429,8,baixo-baixo,0.0087,False
364,AC,550,0,43355356.999999985,0.0,8,baixo-baixo,0.0059,False
364,AC,560,0,43355356.999999985,0.0,8,baixo-baixo,0.0027,False
364,AC,570,0,43355356.999999985,0.0,8,baixo-baixo,0.0083,False
364,AC,580,2,43355356.999999985,4.613040090985759,8,baixo-baixo,0.0027,False
364,AC,590,0,43355356.999999985,0.0,8,baixo-baixo,0.0083,False
364,AC,600,0,43355356.999999985,0.0,8,baixo-baixo,0.0027,False
364,AC,610,0,43355356.999999985,0.0,8,baixo-baixo,0.0027,False
364,AC,620,0,42558740.84999999,0.0,8,baixo-baixo,0.0027,False
364,AC,630,0,43355356.999999985,0.0,8,baixo-baixo,0.0027,False
364,AC,640,0,43355356.999999985,0.0,8,baixo-baixo,0.0027,False
364,AC,650,0,43355356.999999985,0.0,8,baixo-baixo,0.0027,False
364,AC,660,0,43355356.999999985,0.0,8,baixo-baixo,0.0027,False
364,AC,670,0,43355356.999999985,0.0,8,baixo-baixo,0.0027,False
364,AC,680,0,42558740.849999994,0.0,8,baixo-baixo,0.0027,False
364,AC,690,0,43355356.999999985,0.0,8,baixo-baixo,0.0083,False
364,AC,700,2,43355356.999999985,4.613040090985759,8,baixo-baixo,0.0026,False
364,AC,710,0,43355356.999999985,0.0,8,baixo-baixo,0.008,False
364,AC,720,0,43582109.599999994,0.0,8,baixo-baixo,0.0459,False
364,GO,0,59,71269060.49999999,82.78487128366174,8,alto-alto,0.2236,False
364,GO,10,41,77910162.5,52.62471375284322,8,alto-alto,0.1434,False
364,GO,20,30,63803525.70000002,47.01934520211003,8,alto-alto,0.3053,False
364,GO,30,24,62687947.000000015,38.28487157188286,8,baixo-baixo,0.416,False
364,GO,40,19,62687947.000000015,30.308856661073932,8,baixo-baixo,0.3379,False
364,GO,50,30,62422672.30000001,48.05946124161684,8,alto-baixo,0.3959,False
364,GO,60,30,60944163.15000001,49.225386730082604,8,alto-baixo,0.4566,False
364,GO,70,15,60765273.00000001,24.685151994626928,8,baixo-alto,0.2435,False
364,GO,80,32,60765273.00000001,52.661657588537444,8,alto-baixo,0.1892,False
364,GO,90,15,93747512.50000003,16.000424544597912,8,baixo-baixo,0.4571,False
364,GO,100,19,93747512.50000003,20.267204423157356,8,baixo-baixo,0.4244,False
364,GO,110,38,62835206.25000001,60.47565094130648,8,alto-baixo,0.3628,False
364,GO,120,18,49587075.00000001,36.299781747562236,8,baixo-alto,0.2386,False
364,GO,130,21,49587075.00000001,42.349745372155944,8,baixo-baixo,0.3506,False
364,GO,140,24,49587075.00000001,48.399708996749645,8,alto-baixo,0.3667,False
364,GO,150,18,44628367.5,40.33309083062471,8,baixo-baixo,0.4203,False
364,GO,160,14,49587075.00000001,28.233163581437296,8,baixo-alto,0.1513,False
364,GO,170,43,49588900.00000001,86.71295390702353,8,alto-baixo,0.3657,False
364,GO,180,27,49590725.00000001,54.44566499078204,8,alto-alto,0.0554,False
364,GO,190,17,14877217.499999998,114.26867961028333,8,alto-alto,0.2142,False
364,GO,230,17,68021330.64999999,24.992160308466417,8,baixo-baixo,0.1534,False
364,GO,240,17,139019594.00000003,12.228492049832916,8,baixo-baixo,0.1352,False
364,GO,250,14,141625821.75000003,9.88520301383529,8,baixo-baixo,0.1068,False
364,GO,260,32,165081871.50000003,19.384321070045534,8,baixo-baixo,0.1213,False
364,GO,270,39,165081871.50000003,23.624641304117997,8,baixo-baixo,0.1456,False
364,GO,280,28,165081871.50000003,16.961280936289842,8,baixo-baixo,0.3409,False
364,GO,290,46,146811314.70000002,31.33273487401036,8,baixo-baixo,0.3585,False
364,GO,300,42,106316287.5,39.5047654386916,8,baixo-baixo,0.4498,False
364,GO,310,35,106305337.5,32.924028861674046,8,baixo-baixo,0.4502,False
364,GO,320,24,96867514.25000001,24.77610805420249,8,baixo-baixo,0.2714,False
364,GO,330,14,87429691.00000001,16.01286684176889,8,baixo-baixo,0.1001,False
364,GO,340,5,87429691.00000001,5.71888101491746,8,baixo-baixo,0.1715,False
364,GO,350,20,87429691.00000001,22.87552405966984,8,baixo-baixo,0.0558,False
364,GO,360,15,87429691.00000001,17.156643044752382,8,baixo-baixo,0.1496,False
364,GO,370,12,87429691.00000001,13.725314435801902,8,baixo-alto,0.2277,False
364,GO,380,48,54337122.949999996,88.33739696554913,8,alto-baixo,0.1751,False
364,MG,0,66,74903274.25000003,88.11363810307661,8,alto-alto,0.2425,False
364,MG,10,55,108352111.50000004,50.76043211211439,8,alto-alto,0.0871,False
364,MG,20,84,108352111.50000004,77.52502358941105,8,alto-alto,0.0508,False
364,MG,30,91,58891709.75,154.5209001170152,8,alto-alto,0.1848,False
364,MG,40,2,5583025.4,35.822871233937065,8,baixo-alto,0.0318,False
364,MG,60,0,25026181.2,0.0,8,baixo-baixo,0.0335,False
364,MG,70,0,62591732.999999985,0.0,8,baixo-baixo,0.0037,False
364,MG,80,0,62631152.999999985,0.0,8,baixo-baixo,0.0015,False
364,MG,90,0,62631152.999999985,0.0,8,baixo-baixo,0.0014,True
364,MG,100,0,65854102.999999985,0.0,8,baixo-baixo,0.0014,True
364,MG,110,0,69077052.99999999,0.0,8,baixo-baixo,0.001,True
364,MG,120,0,69077052.99999999,0.0,8,baixo-baixo,0.0233,False
364,MT,10,63,106158972.50000001,59.34496021991922,8,alto-baixo,0.4589,False
364,MT,20,36,105172049.00000003,34.229626923024,8,baixo-alto,0.3317,False
364,MT,30,29,105172049.00000003,27.573866132435995,8,baixo-baixo,0.4441,False
364,MT,40,42,105172049.00000003,39.93456474352799,8,baixo-alto,0.2229,False
364,MT,50,81,103264456.80000004,78.43938031541552,8,alto-baixo,0.4289,False
364,MT,60,22,97827256.20000005,22.48862009890449,8,baixo-alto,0.2338,False
364,MT,70,27,106599929.00000001,25.328347076103586,8,baixo-baixo,0.1408,False
364,MT,80,14,106599929.00000001,13.133217002424079,8,baixo-baixo,0.2805,False
364,MT,90,26,106599929.00000001,24.390260147359005,8,baixo-baixo,0.1821,False
364,MT,100,29,106599929.00000001,27.20452093359274,8,baixo-baixo,0.4544,False
364,MT,110,43,106607594.00000001,40.33483768520279,8,baixo-baixo,0.2595,False
364,MT,120,22,106610879.00000001,20.63579271304948,8,baixo-alto,0.1322,False
364,MT,130,100,106610879.00000001,93.79905778658855,8,alto-baixo,0.4328,False
364,MT,140,45,106610879.00000001,42.20957600396484,8,baixo-alto,0.1288,False
364,MT,150,45,106610879.00000001,42.20957600396484,8,baixo-alto,0.328,False
364,MT,160,52,114859514.00000003,45.27269721862134,8,alto-baixo,0.4546,False
364,MT,170,43,138993905.30000004,30.936608268679237,8,baixo-alto,0.3217,False
364,MT,180,72,166437262.5,43.25954351718564,8,alto-alto,0.1745,False
364,MT,190,145,166437262.5,87.11991402766553,8,alto-alto,0.0347,False
364,MT,200,33,16643726.25,198.27290778710088,8,alto-alto,0.0888,False
364,MT,590,5,15770766.7,31.704229065794244,8,baixo-alto,0.227,False
364,MT,600,41,78853833.50000004,51.99493566790253,8,alto-baixo,0.4929,False
364,MT,610,29,78853833.50000004,36.7769057163213,8,baixo-alto,0.2699,False
364,MT,620,23,51079713.30000001,45.02766071711682,8,alto-baixo,0.4441,False
364,MT,630,15,40391447.5,37.136574518652736,8,baixo-baixo,0.4025,False
364,MT,640,4,28098886.25,14.235439669784066,8,baixo-baixo,0.4026,False
364,MT,690,0,30256547.249999996,0.0,8,baixo-baixo,0.145,False
364,MT,700,4,38414899.5,10.41262648624136,8,baixo-baixo,0.015,False
364,MT,710,3,33355269.499999996,8.994081130119486,8,baixo-baixo,0.145,False
364,MT,810,2,71044625.64999998,2.8151320127337467,8,baixo-baixo,0.0205,False
364,MT,820,0,72331283.49999999,0.0,8,baixo-baixo,0.0068,False
364,MT,830,1,72331283.49999999,1.382527658312603,8,baixo-baixo,0.0036,False
364,MT,840,1,71850012.74999999,1.3917882011788512,8,baixo-baixo,0.0054,False
364,MT,850,1,71428602.00000001,1.399999400800256,8,baixo-baixo,0.0054,False
364,MT,860,1,71428602.00000001,1.399999400800256,8,baixo-baixo,0.0054,False
364,MT,870,1,71428602.00000001,1.399999400800256,8,baixo-baixo,0.009,False
364,MT,880,2,49912903.2,4.006979902543517,8,baixo-baixo,0.0072,False
364,MT,890,1,38569550.0,2.5927188676041073,8,baixo-baixo,0.0077,False
364,MT,900,0,39444528.0,0.0,8,baixo-baixo,0.0094,False
364,MT,910,1,39444528.0,2.5352058972539866,8,baixo-baixo,0.0059,False
364,MT,920,1,39444528.0,2.5352058972539866,8,baixo-baixo,0.0059,False
364,MT,930,0,39444528.0,0.0,8,baixo-baixo,0.0059,False
364,MT,940,0,39444528.0,0.0,8,baixo-baixo,0.0059,False
364,MT,950,1,39444528.0,2.5352058972539866,8,baixo-baixo,0.0032,False
364,MT,960,0,39444528.0,0.0,8,baixo-baixo,0.0058,False
364,MT,970,0,39444528.0,0.0,8,baixo-baixo,0.006,False
364,MT,980,1,37563683.0,2.662145775215918,8,baixo-baixo,0.0557,False
364,MT,1070,0,19508228.0,0.0,8,baixo-baixo,0.0727,False
364,MT,1080,0,22163603.0,0.0,8,baixo-baixo,0.0057,False
364,MT,1090,0,22163603.0,0.0,8,baixo-baixo,0.0056,False
364,MT,1100,0,22163603.0,0.0,8,baixo-baixo,0.0056,False
364,MT,1110,0,22163603.0,0.0,8,baixo-baixo,0.1008,False
364,MT,1120,5,17696827.900000002,28.2536510399132,8,baixo-baixo,0.0128,False
364,MT,1130,5,67505786.4,7.406772465952637,8,baixo-baixo,0.1497,False
364,MT,1140,6,78565958.00000001,7.636895358674298,8,baixo-baixo,0.0298,False
364,MT,1150,7,78565958.00000001,8.909711251786682,8,baixo-baixo,0.0563,False
364,MT,1160,12,78565958.00000001,15.273790717348597,8,baixo-baixo,0.0501,False
364,MT,1170,10,78565958.00000001,12.728158931123831,8,baixo-baixo,0.119,False
364,MT,1180,13,74172453.00000001,17.526722488199223,8,baixo-baixo,0.0442,False
364,MT,1190,6,79055459.5,7.5896086594753145,8,baixo-baixo,0.2331,False
364,RO,30,28,93695762.8,29.88395543538923,8,baixo-baixo,0.427,False
364,RO,40,45,124771599.99999994,36.06589961177065,8,baixo-baixo,0.312,False
364,RO,50,28,124771599.99999994,22.441004202879512,8,baixo-baixo,0.4124,False
364,RO,60,52,124771599.99999994,41.67615066249052,8,baixo-baixo,0.4289,False
364,RO,70,50,124771599.99999994,40.07322179085627,8,baixo-baixo,0.4982,False
364,RO,80,34,124771599.99999994,27.249790817782262,8,baixo-baixo,0.4417,False
364,RO,90,43,124771599.99999994,34.46297074013639,8,baixo-baixo,0.3747,False
364,RO,100,37,121243181.49999994,30.5171800527191,8,baixo-baixo,0.4538,False
364,RO,190,279,104295132.84999995,267.5100864018892,8,alto-alto,0.0937,False
364,RO,200,103,121994997.54999998,84.42969143696664,8,alto-alto,0.0217,False
364,RO,210,59,137594925.99999997,42.879488157870014,8,baixo-alto,0.0929,False
364,RO,220,96,126696106.29999997,75.7718629274087,8,alto-alto,0.0021,False
364,RO,230,559,91584617.39999998,610.3645086581976,8,alto-alto,0.0495,False
364,RO,240,154,118621131.00000006,129.82509836295517,8,alto-alto,0.0024,False
364,RO,250,47,141221931.00000006,33.28094982641186,8,baixo-alto,0.0921,False
364,RO,260,44,141221931.00000006,31.156633880045145,8,baixo-baixo,0.4289,False
364,RO,270,48,163693316.60000002,29.323127539343897,8,baixo-baixo,0.4809,False
364,RO,370,111,211223215.09999996,52.551041772301865,8,alto-alto,0.1239,False
364,RO,380,160,213476878.4,74.94956887096771,8,alto-alto,0.2242,False
364,RO,420,678,136456111.4,496.8630521886614,8,alto-alto,0.0808,False
364,RO,430,146,162632290.80000004,89.77306983860056,8,alto-alto,0.0051,False
364,RO,440,58,168588244.00000003,34.4033478396038,8,baixo-alto,0.188,False
364,RO,450,42,168588244.00000003,24.91276912523034,8,baixo-baixo,0.4459,False
364,RO,460,50,168588244.00000003,29.658058482417072,8,baixo-baixo,0.2808,False
364,RO,470,42,168588244.00000003,24.91276912523034,8,baixo-baixo,0.3413,False
364,RO,480,42,165847444.40000004,25.324478258888377,8,baixo-baixo,0.4221,False
364,RO,490,61,164672816.00000003,37.043151068722835,8,baixo-baixo,0.4127,False
364,RO,500,59,164672816.00000003,35.82862152548602,8,baixo-alto,0.0525,False
364,RO,510,238,144692497.00000006,164.48675980759384,8,alto-alto,0.2978,False
364,RO,520,90,159403493.50000003,56.46049407317412,8,alto-alto,0.051,False
364,RO,530,65,159403493.50000003,40.77702349729242,8,baixo-alto,0.3093,False
364,RO,540,54,157967784.24999997,34.184185247885445,8,baixo-baixo,0.3519,False
364,RO,570,51,181387041.99999994,28.1166721931548,8,baixo-baixo,0.1722,False
364,RO,580,25,181387041.99999994,13.782682447624902,8,baixo-baixo,0.2637,False
364,RO,590,37,181387041.99999994,20.398370022484855,8,baixo-baixo,0.3356,False
364,RO,600,81,198777740.75,40.749029390505335,8,baixo-baixo,0.1213,False
364,RO,610,32,243896759.50000006,13.120305520090353,8,baixo-baixo,0.3125,False
364,RO,620,29,243896759.50000006,11.890276877581883,8,baixo-baixo,0.0893,False
364,RO,630,40,246259039.50000006,16.243058561917273,8,baixo-baixo,0.1002,False
364,RO,640,47,246849609.50000006,19.03993289485029,8,baixo-baixo,0.0992,False
364,RO,650,36,246849609.50000006,14.583778387544903,8,baixo-baixo,0.2175,False
364,RO,660,62,246849609.50000006,25.116507222994002,8,baixo-baixo,0.1124,False
364,RO,670,44,246849609.50000006,17.82461802922155,8,baixo-baixo,0.422,False
364,RO,680,91,246849609.50000006,36.86455092407184,8,baixo-alto,0.2234,False
364,RO,690,123,138679899.45,88.69345917311307,8,alto-baixo,0.4168,False
364,RO,720,54,106063035.89999996,50.91311929908657,8,alto-baixo,0.3413,False
364,RO,730,37,88878704.49999996,41.629769704845344,8,baixo-baixo,0.3611,False
364,RO,740,26,79697494.49999999,32.62335932028579,8,baixo-baixo,0.409,False
364,RO,750,29,79697494.49999999,36.38759308801107,8,baixo-baixo,0.406,False
364,RO,760,22,79697494.49999999,27.604380963318743,8,baixo-baixo,0.3481,False
364,RO,770,15,79697494.49999999,18.821168838626416,8,baixo-baixo,0.2468,False
364,RO,780,15,79697494.49999999,18.821168838626416,8,baixo-baixo,0.2205,False
364,RO,790,20,79697494.49999999,25.094891784835227,8,baixo-baixo,0.4061,False
364,RO,800,33,79697494.49999999,41.40657144497812,8,baixo-baixo,0.338,False
364,RO,810,21,71727745.05,29.277373748974423,8,baixo-baixo,0.3621,False
364,RO,820,12,79697494.49999999,15.056935070901133,8,baixo-baixo,0.264,False
364,RO,830,15,79697494.49999999,18.821168838626416,8,baixo-baixo,0.0896,False
364,RO,840,11,79697494.49999999,13.802190481659371,8,baixo-baixo,0.1473,False
364,RO,850,14,79697494.49999999,17.566424249384657,8,baixo-baixo,0.0733,False
364,RO,860,10,79697494.49999999,12.547445892417613,8,baixo-baixo,0.0986,False
364,RO,870,9,71727745.05,12.54744589241761,8,baixo-baixo,0.0674,False
364,RO,880,10,79697494.49999999,12.547445892417613,8,baixo-baixo,0.0295,False
364,RO,890,3,79697494.49999999,3.7642337677252833,8,baixo-baixo,0.0802,False
364,RO,900,12,79697494.49999999,15.056935070901133,8,baixo-baixo,0.0293,False
364,RO,910,6,49455718.800000004,12.13206509901136,8,baixo-baixo,0.086,False
364,RO,920,6,46095521.50000001,13.016448897318579,8,baixo-baixo,0.0789,False
364,RO,930,6,41485969.35000001,14.462720997020645,8,baixo-baixo,0.1383,False
364,RO,940,10,46095521.50000001,21.694081495530966,8,baixo-baixo,0.1345,False
364,RO,950,9,46095521.50000001,19.52467334597787,8,baixo-baixo,0.1385,False
364,RO,960,6,46095521.50000001,13.016448897318579,8,baixo-baixo,0.3658,False
364,RO,970,17,46092236.50000001,36.882566980667114,8,baixo-baixo,0.0437,False
364,RO,980,3,46091871.50000001,6.508739832792425,8,baixo-baixo,0.3149,False
364,RO,990,7,46091871.50000001,15.187059609848994,8,baixo-baixo,0.0532,False
364,RO,1000,7,46091871.50000001,15.187059609848994,8,baixo-baixo,0.1382,False
364,RO,1010,9,46091871.50000001,19.526219498377277,8,baixo-baixo,0.1575,False
364,RO,1020,10,46091871.50000001,21.69579944264142,8,baixo-baixo,0.4379,False
364,RO,1030,20,46091871.50000001,43.39159888528284,8,alto-baixo,0.4653,False
364,RO,1040,20,46091871.50000001,43.39159888528284,8,alto-baixo,0.4653,False
364,RO,1050,10,46091871.50000001,21.69579944264142,8,baixo-baixo,0.4649,False
364,RO,1060,10,46091871.50000001,21.69579944264142,8,baixo-baixo,0.1758,False
364,RO,1070,8,46091871.50000001,17.356639554113134,8,baixo-baixo,0.1039,False
364,RO,1080,4,46091871.50000001,8.678319777056567,8,baixo-baixo,0.0506,False
364,RO,1090,0,9218374.3,0.0,8,baixo-baixo,0.1315,False
376,MS,0,29,123689637.8,23.445779707829335,8,baixo-baixo,0.2417,False
376,MS,10,24,129178025.99999997,18.579011263107557,8,baixo-baixo,0.1515,False
376,MS,20,13,95043233.29999998,13.677985847731048,8,baixo-baixo,0.322,False
376,MS,30,34,98194563.0,34.62513499856402,8,baixo-baixo,0.2048,False
376,MS,40,22,76459137.85000002,28.773539198362794,8,baixo-baixo,0.3491,False
376,MS,50,17,82317150.60000001,20.65183242627934,8,baixo-baixo,0.2548,False
376,MS,60,18,97129551.39999999,18.53195010226311,8,baixo-baixo,0.1493,False
376,MS,70,12,74726815.0,16.05849252373462,8,baixo-baixo,0.0992,False
376,MS,80,13,108628577.1,11.967384961723852,8,baixo-baixo,0.0767,False
376,MS,90,11,100881437.5,10.903889033103836,8,baixo-baixo,0.0416,False
376,MS,100,8,100881437.5,7.930101114984607,8,baixo-baixo,0.2088,False
376,MS,110,30,93812449.65,31.978698042664316,8,baixo-baixo,0.1038,False
376,MS,120,18,77936260.0,23.095796488053185,8,baixo-baixo,0.392,False
376,MS,130,21,77936260.0,26.945095902728717,8,baixo-baixo,0.1561,False
376,MS,140,11,77949035.0,14.11178470650727,8,baixo-baixo,0.1345,False
376,MS,150,6,77954510.0,7.696796503499285,8,baixo-baixo,0.4652,False
376,MS,160,40,77954510.0,51.311976689995234,8,alto-baixo,0.2181,False
376,MS,170,11,30759663.25,35.76111971902033,8,baixo-alto,0.2355,False
376,PR,30,34,75898698.60000001,44.796552018877435,8,alto-alto,0.3196,False
376,PR,40,45,103627719.40000004,43.424674653218304,8,alto-baixo,0.4968,False
376,PR,50,25,105459669.0,23.70574479993864,8,baixo-baixo,0.4285,False
376,PR,60,20,105459669.0,18.96459583995091,8,baixo-baixo,0.4963,False
376,PR,70,60,133950871.85,44.792541602259085,8,alto-baixo,0.2529,False
376,PR,80,55,194232888.49999997,28.31652271906568,8,baixo-baixo,0.4125,False
376,PR,90,64,194232888.49999997,32.950135527640064,8,baixo-alto,0.1486,False
376,PR,100,165,164747210.29999998,100.15344095935811,8,alto-baixo,0.414,False
376,PR,110,94,332122336.6499999,28.30282387753399,8,baixo-alto,0.1301,False
376,PR,120,89,248326300.94999996,35.83994110149452,8,baixo-baixo,0.4335,False
376,PR,130,166,353072665.04999995,47.01581754466665,8,alto-baixo,0.4071,False
376,PR,140,122,491707866.5999999,24.8114802074635,8,baixo-baixo,0.3554,False
376,PR,150,133,356768432.4,37.27908299097597,8,baixo-alto,0.2847,False
376,PR,160,503,723142526.0,69.55751901112782,8,alto-baixo,0.404,False
376,PR,190,215,422613954.2500001,50.8738525639916,8,alto-alto,0.1832,False
376,PR,200,167,277008391.4999999,60.28698231692381,8,alto-alto,0.0812,False
376,PR,210,77,63569531.5,121.1272101321055,8,alto-alto,0.1822,False
376,PR,240,200,104310086.89999998,191.7360112946086,8,alto-alto,0.1105,False
376,PR,250,151,190381153.0,79.3145737487996,8,alto-alto,0.0352,False
376,PR,260,94,206857103.35,45.4419976291329,8,alto-alto,0.2295,False
376,PR,270,53,209015753.49999997,25.35694038009437,8,baixo-baixo,0.3399,False
376,PR,280,81,199347677.29999998,40.63252760056111,8,baixo-baixo,0.3472,False
376,PR,290,117,195154236.10000005,59.95258024532318,8,alto-alto,0.0621,False
376,PR,300,292,196165892.00000003,148.85360396903246,8,alto-alto,0.1198,False
376,PR,310,154,190388672.00000003,80.88716538765497,8,alto-alto,0.0417,False
376,PR,320,129,181147237.00000003,71.21278918540722,8,alto-alto,0.1269,False
376,PR,330,109,190388672.00000003,57.25130537178177,8,alto-alto,0.1038,False
376,PR,340,130,158399940.6,82.07073784723377,8,alto-alto,0.2847,False
376,PR,350,68,183123200.99999997,37.1334705972074,8,baixo-alto,0.1814,False
376,PR,360,65,189847230.99999997,34.2380553340807,8,baixo-baixo,0.4272,False
376,PR,370,74,189847230.99999997,38.9787091495688,8,baixo-baixo,0.348,False
376,PR,380,131,257049096.49999988,50.96302682394376,8,alto-baixo,0.4055,False
376,PR,390,108,272568896.4999999,39.623009590164315,8,baixo-alto,0.3064,False
376,PR,400,112,279300781.29999995,40.1001384524233,8,baixo-baixo,0.44,False
376,PR,410,99,282120654.49999994,35.09136903693098,8,baixo-baixo,0.4195,False
376,PR,420,98,265595524.04999995,36.89821217828615,8,baixo-alto,0.2607,False
376,PR,430,203,320507266.5,63.33709753816143,8,alto-baixo,0.4366,False
376,PR,440,133,348793014.50000006,38.13149761346496,8,baixo-alto,0.2122,False
376,PR,450,157,348793014.50000006,45.01236936326315,8,alto-baixo,0.4689,False
376,PR,460,106,313913713.0500001,33.767240994379996,8,baixo-alto,0.2994,False
376,PR,500,211,435988649.2500001,48.39575533972457,8,alto-baixo,0.0001,True
376,PR,610,57,106856589.7,53.34252212243304,8,alto-baixo,0.4914,False
376,PR,620,348,1068565896.9999996,32.56701350632755,8,baixo-baixo,0.4124,False
376,PR,630,263,1068565896.9999996,24.6124268740349,8,baixo-baixo,0.3032,False
376,PR,640,200,1032712877.7499999,19.366467128379917,8,baixo-baixo,0.3622,False
376,PR,650,562,953642398.5,58.93194355494042,8,alto-alto,0.2786,False
376,PR,660,725,953642398.5,76.02430440806371,8,alto-alto,0.2482,False
376,PR,670,399,953642398.5,41.839582701817136,8,baixo-alto,0.3283,False
376,PR,680,45,386228279.54999995,11.651140629171467,8,baixo-baixo,0.3382,False
381,MG,150,145,176291499.65000004,82.25013701050558,8,alto-alto,0.2544,False
381,MG,160,114,229550033.00000015,49.662375783670626,8,alto-alto,0.1802,False
381,MG,170,79,229550033.00000015,34.415155148333156,8,baixo-baixo,0.3753,False
381,MG,180,74,229550033.00000015,32.23698077185637,8,baixo-baixo,0.499,False
381,MG,190,70,203661615.95000005,34.37073779144783,8,baixo-baixo,0.4132,False
381,MG,200,48,165445666.99999997,29.01254585289321,8,baixo-baixo,0.3431,False
381,MG,210,88,171271067.0,51.380540532278,8,alto-baixo,0.4372,False
381,MG,220,71,206647330.55,34.35805331287401,8,baixo-alto,0.332,False
381,MG,230,77,215191407.5,35.7820978516533,8,baixo-alto,0.2881,False
381,MG,240,103,172778801.7,59.613794624436274,8,alto-baixo,0.4336,False
381,MG,260,109,157097543.95,69.38364360087758,8,alto-baixo,0.0001,True
381,MG,340,375,115312351.25000001,325.20367153644344,8,alto-alto,0.0373,False
381,MG,350,361,258116564.55000007,139.85929211066588,8,alto-alto,0.008,False
381,MG,360,396,277772701.5,142.56260527458636,8,alto-alto,0.0482,False
381,MG,370,187,272589365.70000005,68.60135556638113,8,alto-alto,0.0537,False
381,MG,380,171,298416269.29999995,57.302505792032576,8,alto-alto,0.251,False
381,MG,390,128,404432541.4,31.649283105882144,8,baixo-alto,0.2474,False
381,MG,400,202,460975034.4999999,43.820160503724644,8,alto-baixo,0.4398,False
381,MG,410,171,534050589.4999999,32.01943848804609,8,baixo-alto,0.2695,False
381,MG,420,282,528768535.79999983,53.331463751591876,8,alto-alto,0.2752,False
381,MG,430,361,563904738.8500001,64.01790499867155,8,alto-alto,0.1054,False
381,MG,440,506,516022838.00000006,98.05767550156374,8,alto-alto,0.161,False
381,MG,490,897,677865714.1,132.32709389808036,8,alto-alto,0.0672,False
381,MG,500,881,883230237.55,99.7474908064531,8,alto-alto,0.0525,False
381,MG,510,581,839345933.5000001,69.22056530104103,8,alto-alto,0.0696,False
381,MG,520,635,773437653.5500001,82.10099380155785,8,alto-alto,0.0974,False
381,MG,530,473,535383715.5000001,88.34784964616652,8,alto-alto,0.1524,False
381,MG,540,230,518844981.5000002,44.32923285391745,8,alto-alto,0.1605,False
381,MG,550,163,465017953.35000014,35.05241008992109,8,baixo-alto,0.2763,False
381,MG,560,231,447594776.9000001,51.60918132241949,8,alto-baixo,0.3697,False
381,MG,570,193,405824885.00000006,47.55745818790781,8,alto-alto,0.252,False
381,MG,580,209,432809408.0,48.2891536405789,8,alto-baixo,0.3393,False
381,MG,590,178,457979589.0000001,38.86636091985312,8,baixo-baixo,0.3856,False
381,MG,600,149,457979589.0000001,32.53420099470851,8,baixo-alto,0.3201,False
381,MG,610,207,412865654.70000005,50.13737462623577,8,alto-baixo,0.4802,False
381,MG,620,164,428877518.5,38.23935574277485,8,baixo-alto,0.2232,False
381,MG,630,238,428134780.0,55.589970989976564,8,alto-baixo,0.4337,False
381,MG,640,159,429417101.6500001,37.02693707098658,8,baixo-alto,0.2299,False
381,MG,650,221,453983277.00000024,48.68020722269906,8,alto-baixo,0.4788,False
381,MG,660,154,453884727.00000024,33.929319679443616,8,baixo-alto,0.174,False
381,MG,670,332,475538381.20000005,69.81560545380431,8,alto-alto,0.2848,False
381,MG,680,109,179919895.30000004,60.58251635721132,8,alto-alto,0.2311,False
381,MG,690,163,476608094.0,34.20000668305897,8,baixo-alto,0.1534,False
381,MG,700,322,491302884.5,65.54001821660381,8,alto-baixo,0.487,False
381,MG,710,169,503978013.2,33.53320890467767,8,baixo-alto,0.139,False
381,MG,720,362,540796920.9999999,66.93825092987171,8,alto-baixo,0.4791,False
381,MG,730,205,546974253.9999999,37.478912124445266,8,baixo-alto,0.2548,False
381,MG,740,176,538701565.5,32.671150646581886,8,baixo-baixo,0.4461,False
381,MG,750,204,553239654.2000002,36.87371258573098,8,baixo-baixo,0.4801,False
381,MG,760,188,544788557.3500001,34.50880116030395,8,baixo-baixo,0.461,False
381,MG,770,185,513807762.5,36.00568412977218,8,baixo-baixo,0.4276,False
381,MG,780,148,523023694.95,28.29699713970865,8,baixo-baixo,0.4495,False
381,MG,790,209,550408568.1999998,37.971792605535256,8,baixo-baixo,0.3132,False
381,MG,800,136,557926892.95,24.375953501884332,8,baixo-baixo,0.4916,False
381,MG,810,189,593700459.0,31.834235115523132,8,baixo-baixo,0.2477,False
381,MG,820,150,657783348.4,22.80386093154559,8,baixo-baixo,0.385,False
381,MG,830,179,661992214.5,27.039592925605323,8,baixo-baixo,0.3442,False
381,MG,840,212,651000637.3499999,32.56525229575492,8,baixo-baixo,0.3864,False
381,SP,0,207,879708863.5499997,23.53051203379569,8,baixo-baixo,0.0001,True
381,SP,60,680,1372279696.0000005,49.55258042380886,8,alto-baixo,0.0001,True
