tamanho_km,br,uf,km_inicial,km_final,n_bins_painel,sinistros,exposicao_veic_km,km_com_exposicao,anos_utilizaveis,anos_lista,taxa_por_100M_veic_km
5,050,GO,125,130,5,23,64600875.499999985,5,8,2017;2018;2019;2020;2022;2023;2024;2025,35.60323265278348
5,050,GO,130,135,5,26,64600875.499999985,5,8,2017;2018;2019;2020;2022;2023;2024;2025,40.24713256401611
5,050,GO,135,140,5,8,64600875.499999985,5,8,2017;2018;2019;2020;2022;2023;2024;2025,12.383733096620341
5,050,GO,140,145,5,20,64600875.499999985,5,8,2017;2018;2019;2020;2022;2023;2024;2025,30.959332741550853
5,050,GO,145,150,5,30,64600875.499999985,5,8,2017;2018;2019;2020;2022;2023;2024;2025,46.438999112326286
5,050,GO,150,155,5,32,51680700.39999999,4,8,2017;2018;2019;2020;2022;2023;2024;2025,61.918665483101705
5,050,GO,155,160,5,12,56230221.0,5,8,2017;2018;2019;2020;2022;2023;2024;2025,21.340837340831367
5,050,GO,160,165,5,22,44985271.8,4,8,2017;2018;2019;2020;2022;2023;2024;2025,48.904895135033954
5,050,GO,165,170,5,26,56235696.0,5,8,2017;2018;2019;2020;2022;2023;2024;2025,46.23397921491004
5,050,GO,170,175,5,19,56235696.0,5,8,2017;2018;2019;2020;2022;2023;2024;2025,33.786369426280416
5,050,GO,175,180,5,25,56235696.0,5,8,2017;2018;2019;2020;2022;2023;2024;2025,44.455749245105814
5,050,GO,180,185,5,25,56235696.0,5,8,2017;2018;2019;2020;2022;2023;2024;2025,44.455749245105814
5,050,GO,185,190,5,17,56235696.0,5,8,2017;2018;2019;2020;2022;2023;2024;2025,30.229909486671954
5,050,GO,190,195,5,13,56235696.0,5,8,2017;2018;2019;2020;2022;2023;2024;2025,23.11698960745502
5,050,GO,195,200,5,23,56235696.0,5,8,2017;2018;2019;2020;2022;2023;2024;2025,40.89928930549735
5,050,GO,200,205,5,22,56235696.0,5,8,2017;2018;2019;2020;2022;2023;2024;2025,39.12105933569312
5,050,GO,205,210,5,26,53770172.099999994,5,8,2017;2018;2019;2020;2022;2023;2024;2025,48.35394603470128
5,050,GO,210,215,5,13,59496478.25,5,8,2017;2018;2019;2020;2022;2023;2024;2025,21.850032779041
5,050,GO,215,220,5,16,59496478.25,5,8,2017;2018;2019;2020;2022;2023;2024;2025,26.89234803574277
5,050,GO,220,225,5,16,59496478.25,5,8,2017;2018;2019;2020;2022;2023;2024;2025,26.89234803574277
5,050,GO,225,230,5,6,59496478.25,5,8,2017;2018;2019;2020;2022;2023;2024;2025,10.084630513403539
5,050,GO,230,235,5,32,59496478.25,5,8,2017;2018;2019;2020;2022;2023;2024;2025,53.78469607148554
5,050,GO,235,240,5,28,59496478.25,5,8,2017;2018;2019;2020;2022;2023;2024;2025,47.06160906254985
5,050,GO,240,245,5,34,59496478.25,5,8,2017;2018;2019;2020;2022;2023;2024;2025,57.146239575953395
5,050,GO,245,250,5,30,63991453.25,5,8,2017;2018;2019;2020;2022;2023;2024;2025,46.88126066272765
5,050,GO,250,255,5,33,63991453.25,5,8,2017;2018;2019;2020;2022;2023;2024;2025,51.569386729000406
5,050,GO,255,260,5,39,63991453.25,5,8,2017;2018;2019;2020;2022;2023;2024;2025,60.94563886154594
5,050,GO,260,265,5,56,63991453.25,5,8,2017;2018;2019;2020;2022;2023;2024;2025,87.51168657042493
5,050,GO,265,270,5,50,87464621.49999999,5,8,2017;2018;2019;2020;2022;2023;2024;2025,57.1659708148397
5,050,GO,280,285,5,167,73995793.0,5,8,2017;2018;2019;2020;2022;2023;2024;2025,225.6885063722474
5,050,GO,285,290,5,34,86321678.75,5,8,2017;2018;2019;2020;2022;2023;2024;2025,39.38755651227416
5,050,GO,290,295,5,14,86321678.75,5,8,2017;2018;2019;2020;2022;2023;2024;2025,16.218405622701123
5,050,GO,295,300,5,28,86321678.75,5,8,2017;2018;2019;2020;2022;2023;2024;2025,32.43681124540225
5,050,GO,300,305,5,18,86321678.75,5,8,2017;2018;2019;2020;2022;2023;2024;2025,20.85223580061573
5,050,GO,305,310,5,36,86321678.75,5,8,2017;2018;2019;2020;2022;2023;2024;2025,41.70447160123146
5,050,GO,310,315,4,20,73502386.0,4,8,2017;2018;2019;2020;2022;2023;2024;2025,27.21000104676874
5,050,MG,0,5,5,0,0.0,0,0,,
5,050,MG,5,10,5,0,0.0,0,0,,
5,050,MG,10,15,5,0,0.0,0,0,,
5,050,MG,15,20,5,62,7435838.4,1,3,2018;2022;2023,833.7997232430441
5,050,MG,20,25,5,100,52646906.5,5,7,2017;2018;2020;2022;2023;2024;2025,189.94468364442267
5,050,MG,25,30,5,52,54054328.25,5,3,2017;2024;2025,96.19951201595036
5,050,MG,30,35,3,14,32432596.95,3,3,2017;2024;2025,43.166447699464904
5,050,MG,40,45,3,10,12426096.5,2,1,2017,80.47579543583942
5,050,MG,45,50,5,0,0.0,0,0,,
5,050,MG,50,55,5,0,0.0,0,0,,
5,050,MG,55,60,5,0,0.0,0,0,,
5,050,MG,60,65,5,128,143959310.55,3,8,2017;2018;2019;2020;2022;2023;2024;2025,88.91401293252441
5,050,MG,65,70,4,139,81491224.94999999,4,8,2017;2018;2019;2020;2022;2023;2024;2025,170.5705124512305
5,050,MG,70,75,1,15,10687356.95,1,2,2017;2018,140.35275578589147
5,050,MG,75,80,2,15,21374713.9,2,2,2017;2018,70.17637789294574
5,050,MG,80,85,4,88,152457521.60000002,4,8,2017;2018;2019;2020;2022;2023;2024;2025,57.720996036446124
5,050,MG,85,90,5,54,190571902.0,5,8,2017;2018;2019;2020;2022;2023;2024;2025,28.33576169061901
5,050,MG,90,95,5,49,190571902.0,5,8,2017;2018;2019;2020;2022;2023;2024;2025,25.71208005259873
5,050,MG,95,100,5,40,190571902.0,5,8,2017;2018;2019;2020;2022;2023;2024;2025,20.989453104162227
5,050,MG,100,105,5,48,190571902.0,5,8,2017;2018;2019;2020;2022;2023;2024;2025,25.187343724994673
5,050,MG,105,110,5,47,190571902.0,5,8,2017;2018;2019;2020;2022;2023;2024;2025,24.662607397390616
5,050,MG,110,115,5,49,190571902.0,5,8,2017;2018;2019;2020;2022;2023;2024;2025,25.71208005259873
5,050,MG,115,120,5,120,190706222.0,5,8,2017;2018;2019;2020;2022;2023;2024;2025,62.924008845395726
5,050,MG,120,125,5,57,190739802.0,5,8,2017;2018;2019;2020;2022;2023;2024;2025,29.883642219571982
5,050,MG,125,130,5,56,190739802.0,5,8,2017;2018;2019;2020;2022;2023;2024;2025,29.35936779466721
5,050,MG,130,135,5,54,181898370.5,5,8,2017;2018;2019;2020;2022;2023;2024;2025,29.686906953352832
5,050,MG,135,140,5,55,168636223.25,5,7,2018;2019;2020;2022;2023;2024;2025,32.61458240704522
5,050,MG,140,145,5,59,168636223.25,5,7,2018;2019;2020;2022;2023;2024;2025,34.98655203664851
5,050,MG,145,150,5,64,168636223.25,5,7,2018;2019;2020;2022;2023;2024;2025,37.95151407365262
5,050,MG,150,155,5,64,168636223.25,5,7,2018;2019;2020;2022;2023;2024;2025,37.95151407365262
5,050,MG,155,160,5,68,168636223.25,5,7,2018;2019;2020;2022;2023;2024;2025,40.3234837032559
5,050,MG,160,165,5,45,168636223.25,5,7,2018;2019;2020;2022;2023;2024;2025,26.684658333037
5,050,MG,165,170,5,88,137004958.25,5,7,2018;2019;2020;2022;2023;2024;2025,64.23125201018044
5,050,MG,170,175,5,206,124707557.1,5,6,2017;2018;2019;2020;2022;2023,165.18646086124
5,050,MG,175,180,4,204,127894393.99999997,4,5,2017;2018;2019;2020;2022,159.50660042222026
5,050,MG,180,185,5,162,223269021.75,5,8,2017;2018;2019;2020;2022;2023;2024;2025,72.55820746211515
5,050,MG,185,190,5,79,223269021.75,5,8,2017;2018;2019;2020;2022;2023;2024;2025,35.383323392019115
5,050,MG,190,195,5,104,223269021.75,5,8,2017;2018;2019;2020;2022;2023;2024;2025,46.58057762999985
5,050,MG,195,200,5,63,221640753.1,5,8,2017;2018;2019;2020;2022;2023;2024;2025,28.42437553511453
5,050,MG,200,205,5,61,215127678.5,5,8,2017;2018;2019;2020;2022;2023;2024;2025,28.355254156661204
5,050,MG,205,210,2,49,88318451.4,2,8,2017;2018;2019;2020;2022;2023;2024;2025,55.48104526660666
5,101,AL,0,5,5,5,9321760.549999999,3,1,2017,53.637936451821865
5,101,AL,5,10,5,25,75986400.8,5,8,2017;2018;2019;2020;2022;2023;2024;2025,32.9006239758628
5,101,AL,10,15,5,35,79562627.0,5,8,2017;2018;2019;2020;2022;2023;2024;2025,43.99050322961307
5,101,AL,15,20,5,35,79562627.0,5,8,2017;2018;2019;2020;2022;2023;2024;2025,43.99050322961307
5,101,AL,20,25,5,33,79562627.0,5,8,2017;2018;2019;2020;2022;2023;2024;2025,41.476760187920895
5,101,AL,25,30,5,31,79562627.0,5,8,2017;2018;2019;2020;2022;2023;2024;2025,38.96301714622872
5,101,AL,30,35,5,46,64195776.599999994,4,8,2017;2018;2019;2020;2022;2023;2024;2025,71.65580422310835
5,101,AL,35,40,5,43,67077071.99999999,4,8,2017;2018;2019;2020;2022;2023;2024;2025,64.1053622614893
5,101,AL,40,45,5,52,85401677.99999999,5,8,2017;2018;2019;2020;2022;2023;2024;2025,60.88873335720641
5,101,AL,45,50,5,52,85401677.99999999,5,8,2017;2018;2019;2020;2022;2023;2024;2025,60.88873335720641
5,101,AL,50,55,5,74,97854499.79999998,5,8,2017;2018;2019;2020;2022;2023;2024;2025,75.62248046972287
5,101,AL,55,60,5,65,106156381.0,5,8,2017;2018;2019;2020;2022;2023;2024;2025,61.23042193761297
5,101,AL,60,65,5,25,106156381.0,5,8,2017;2018;2019;2020;2022;2023;2024;2025,23.550162283697293
5,101,AL,65,70,5,42,106156381.0,5,8,2017;2018;2019;2020;2022;2023;2024;2025,39.564272636611456
5,101,AL,70,75,5,78,276569946.2,5,8,2017;2018;2019;2020;2022;2023;2024;2025,28.202630499698163
5,101,AL,75,80,5,66,258613793.10000002,5,8,2017;2018;2019;2020;2022;2023;2024;2025,25.520680551821652
5,101,AL,80,85,5,22,33308713.75,5,5,2017;2018;2019;2024;2025,66.04878280537027
5,101,AL,85,90,5,26,47004732.85,5,8,2017;2018;2019;2020;2022;2023;2024;2025,55.31357891761745
5,101,AL,90,95,5,24,56135412.24999999,5,8,2017;2018;2019;2020;2022;2023;2024;2025,42.75376101829554
5,101,AL,95,100,5,29,56135412.24999999,5,8,2017;2018;2019;2020;2022;2023;2024;2025,51.660794563773784
5,101,AL,100,105,5,37,55211126.39999999,5,8,2017;2018;2019;2020;2022;2023;2024;2025,67.01547751795191
5,101,AL,105,110,5,67,109093463.00000001,5,8,2017;2018;2019;2020;2022;2023;2024;2025,61.4152288849791
5,101,AL,110,115,5,62,93723955.39999999,5,8,2017;2018;2019;2020;2022;2023;2024;2025,66.15171087839087
5,101,AL,115,120,5,37,73632464.69999999,5,8,2017;2018;2019;2020;2022;2023;2024;2025,50.2495742207581
5,101,AL,120,125,5,42,73753177.5,5,8,2017;2018;2019;2020;2022;2023;2024;2025,56.94669900832408
5,101,AL,125,130,5,49,73753177.5,5,8,2017;2018;2019;2020;2022;2023;2024;2025,66.43781550971143
5,101,AL,130,135,5,53,42936559.65,5,5,2017;2018;2019;2020;2022,123.43792896317906
5,101,AL,135,140,5,163,71659475.45,5,8,2017;2018;2019;2020;2022;2023;2024;2025,227.4646848534809
5,101,AL,140,145,5,43,98747702.24999999,5,8,2017;2018;2019;2020;2022;2023;2024;2025,43.54531702533869
5,101,AL,145,150,5,59,98747702.24999999,5,8,2017;2018;2019;2020;2022;2023;2024;2025,59.74822568592983
5,101,AL,150,155,5,25,98747702.24999999,5,8,2017;2018;2019;2020;2022;2023;2024;2025,25.31704478217366
5,101,AL,155,160,5,25,98747702.24999999,5,8,2017;2018;2019;2020;2022;2023;2024;2025,25.31704478217366
5,101,AL,160,165,5,20,98353166.45,5,8,2017;2018;2019;2020;2022;2023;2024;2025,20.334881653421334
5,101,AL,165,170,5,24,77155744.00000001,5,8,2017;2018;2019;2020;2022;2023;2024;2025,31.105914810438474
5,101,AL,170,175,5,72,76876884.00000001,5,8,2017;2018;2019;2020;2022;2023;2024;2025,93.65624132216388
5,101,AL,175,180,5,49,76876884.00000001,5,8,2017;2018;2019;2020;2022;2023;2024;2025,63.73827534425041
5,101,AL,180,185,5,61,76876884.00000001,5,8,2017;2018;2019;2020;2022;2023;2024;2025,79.3476488979444
5,101,AL,185,190,5,60,76876884.00000001,5,8,2017;2018;2019;2020;2022;2023;2024;2025,78.0468677684699
5,101,AL,190,195,5,86,76876884.00000001,5,8,2017;2018;2019;2020;2022;2023;2024;2025,111.86717713480685
5,101,AL,195,200,5,23,76876884.00000001,5,8,2017;2018;2019;2020;2022;2023;2024;2025,29.917965977913457
5,101,AL,200,205,5,67,115723761.0,5,8,2017;2018;2019;2020;2022;2023;2024;2025,57.89649370279281
5,101,AL,205,210,5,39,121015823.0,5,8,2017;2018;2019;2020;2022;2023;2024;2025,32.2271906542337
5,101,AL,210,215,5,29,121015823.0,5,8,2017;2018;2019;2020;2022;2023;2024;2025,23.96380843519942
5,101,AL,215,220,5,33,121015823.0,5,8,2017;2018;2019;2020;2022;2023;2024;2025,27.269161322813133
5,101,AL,220,225,5,17,121015823.0,5,8,2017;2018;2019;2020;2022;2023;2024;2025,14.047749772358282
5,101,AL,225,230,5,12,101416363.25,5,8,2017;2018;2019;2020;2022;2023;2024;2025,11.83241009186947
5,101,AL,230,235,5,34,88350056.75000001,5,8,2017;2018;2019;2020;2022;2023;2024;2025,38.48328031775712
5,101,AL,235,240,5,32,88350056.75000001,5,8,2017;2018;2019;2020;2022;2023;2024;2025,36.21955794612435
5,101,AL,240,245,5,25,88350056.75000001,5,8,2017;2018;2019;2020;2022;2023;2024;2025,28.296529645409645
5,101,AL,245,250,3,45,50536352.400000006,3,8,2017;2018;2019;2020;2022;2023;2024;2025,89.0448120272329
5,101,BA,0,5,5,31,62981972.74999999,5,7,2017;2018;2019;2022;2023;2024;2025,49.22043347713335
5,101,BA,5,10,5,30,63424100.9,5,7,2017;2018;2019;2022;2023;2024;2025,47.30063110756687
5,101,BA,10,15,5,24,68993730.80000001,5,8,2017;2018;2019;2020;2022;2023;2024;2025,34.78576926006731
5,101,BA,15,20,5,14,70312450.25,5,8,2017;2018;2019;2020;2022;2023;2024;2025,19.911125199338365
5,101,BA,20,25,5,47,70312450.25,5,8,2017;2018;2019;2020;2022;2023;2024;2025,66.84449174063593
5,101,BA,25,30,5,17,70312450.25,5,8,2017;2018;2019;2020;2022;2023;2024;2025,24.17779488491087
5,101,BA,30,35,5,26,65657970.25000001,5,8,2017;2018;2019;2020;2022;2023;2024;2025,39.59915285379995
5,101,BA,35,40,5,28,75358151.85000001,5,8,2017;2018;2019;2020;2022;2023;2024;2025,37.15590060612666
5,101,BA,40,45,5,18,75377664.75,5,7,2018;2019;2020;2022;2023;2024;2025,23.879752788441223
5,101,BA,45,50,5,18,75377664.75,5,7,2018;2019;2020;2022;2023;2024;2025,23.879752788441223
5,101,BA,50,55,5,17,75377664.75,5,7,2018;2019;2020;2022;2023;2024;2025,22.55309985575004
5,101,BA,55,60,5,11,75377664.75,5,7,2018;2019;2020;2022;2023;2024;2025,14.593182259602969
5,101,BA,60,65,5,42,57096924.45000001,5,7,2018;2019;2020;2022;2023;2024;2025,73.5591284549478
5,101,BA,65,70,5,32,70166289.65,5,8,2017;2018;2019;2020;2022;2023;2024;2025,45.60594576059359
5,101,BA,70,75,5,8,76480421.00000001,5,8,2017;2018;2019;2020;2022;2023;2024;2025,10.46019346572373
5,101,BA,75,80,5,27,76480421.00000001,5,8,2017;2018;2019;2020;2022;2023;2024;2025,35.30315294681758
5,101,BA,80,85,5,22,76480421.00000001,5,8,2017;2018;2019;2020;2022;2023;2024;2025,28.765532030740253
5,101,BA,85,90,5,14,76480421.00000001,5,8,2017;2018;2019;2020;2022;2023;2024;2025,18.305338565016523
5,101,BA,90,95,5,14,76480421.00000001,5,8,2017;2018;2019;2020;2022;2023;2024;2025,18.305338565016523
5,101,BA,95,100,2,10,30592168.4,2,8,2017;2018;2019;2020;2022;2023;2024;2025,32.688104580386664
5,101,BA,105,110,3,47,91565995.10000001,3,7,2018;2019;2020;2022;2023;2024;2025,51.32909869943628
5,101,BA,110,115,5,41,97204456.7,5,8,2017;2018;2019;2020;2022;2023;2024;2025,42.179136010746305
5,101,BA,115,120,5,41,95369306.05,5,8,2017;2018;2019;2020;2022;2023;2024;2025,42.99077103329725
5,101,BA,120,125,5,44,90717118.25,5,8,2017;2018;2019;2020;2022;2023;2024;2025,48.502422529278256
5,101,BA,125,130,5,27,88061378.25,5,8,2017;2018;2019;2020;2022;2023;2024;2025,30.660433139427955
5,101,BA,130,135,5,15,88807803.25,5,8,2017;2018;2019;2020;2022;2023;2024;2025,16.890407656829414
5,101,BA,135,140,5,24,90923343.25,5,8,2017;2018;2019;2020;2022;2023;2024;2025,26.395861768974274
5,101,BA,140,145,5,20,90300937.94999999,5,8,2017;2018;2019;2020;2022;2023;2024;2025,22.14816418747952
5,101,BA,145,150,5,30,90014037.0,5,8,2017;2018;2019;2020;2022;2023;2024;2025,33.32813525517137
5,101,BA,150,155,5,15,90014037.0,5,8,2017;2018;2019;2020;2022;2023;2024;2025,16.664067627585684
5,101,BA,155,160,5,37,104662217.0,5,8,2017;2018;2019;2020;2022;2023;2024;2025,35.35182137408765
5,101,BA,160,165,5,58,70089176.1,5,8,2017;2018;2019;2020;2022;2023;2024;2025,82.75172177405578
5,101,BA,165,170,5,45,63245791.1,5,6,2017;2018;2019;2020;2022;2023,71.15097972108377
5,101,BA,170,175,5,78,80847481.75,5,8,2017;2018;2019;2020;2022;2023;2024;2025,96.47795863474747
5,101,BA,175,180,5,53,83478766.74999999,5,8,2017;2018;2019;2020;2022;2023;2024;2025,63.48919858713654
5,101,BA,180,185,5,42,71357631.4,5,8,2017;2018;2019;2020;2022;2023;2024;2025,58.8584558875927
5,101,BA,185,190,5,48,86322865.0,5,8,2017;2018;2019;2020;2022;2023;2024;2025,55.6051979970776
5,101,BA,190,195,5,55,87434589.30000001,5,8,2017;2018;2019;2020;2022;2023;2024;2025,62.90416692104253
5,101,BA,195,200,5,37,91999710.00000001,5,8,2017;2018;2019;2020;2022;2023;2024;2025,40.217518076959145
5,101,BA,200,205,5,47,89160010.00000001,5,8,2017;2018;2019;2020;2022;2023;2024;2025,52.71421571172995
5,101,BA,205,210,5,80,108962712.7,5,8,2017;2018;2019;2020;2022;2023;2024;2025,73.41961118411106
5,101,BA,210,215,5,58,129403066.75,5,8,2017;2018;2019;2020;2022;2023;2024;2025,44.82119431686498
5,101,BA,215,220,5,61,122642536.75,5,8,2017;2018;2019;2020;2022;2023;2024;2025,49.7380449039024
5,101,BA,220,225,5,68,114855115.75000003,5,8,2017;2018;2019;2020;2022;2023;2024;2025,59.20502500560145
5,101,BA,225,230,5,48,114855115.75000003,5,8,2017;2018;2019;2020;2022;2023;2024;2025,41.79178235689513
5,101,BA,230,235,5,60,107365531.10000001,5,8,2017;2018;2019;2020;2022;2023;2024;2025,55.883857123676066
5,101,BA,235,240,5,45,123323717.99999999,5,8,2017;2018;2019;2020;2022;2023;2024;2025,36.48933127364844
5,101,BA,240,245,5,31,123323717.99999999,5,8,2017;2018;2019;2020;2022;2023;2024;2025,25.13709487740226
5,101,BA,245,250,5,37,121269508.94999999,5,8,2017;2018;2019;2020;2022;2023;2024;2025,30.51055481329217
5,101,BA,250,255,5,53,112362476.0,5,8,2017;2018;2019;2020;2022;2023;2024;2025,47.16877189498744
5,101,BA,255,260,5,72,83681681.2,5,8,2017;2018;2019;2020;2022;2023;2024;2025,86.04033638846157
5,101,BA,260,265,5,179,44991013.25,5,8,2017;2018;2019;2020;2022;2023;2024;2025,397.85723207734156
5,101,BA,265,270,5,56,61629264.5,5,8,2017;2018;2019;2020;2022;2023;2024;2025,90.86592295775328
5,101,BA,270,275,5,29,61629264.5,5,8,2017;2018;2019;2020;2022;2023;2024;2025,47.05556724597938
5,101,BA,275,280,5,27,61629264.5,5,8,2017;2018;2019;2020;2022;2023;2024;2025,43.81035571177391
5,101,BA,280,285,5,37,61629264.5,5,8,2017;2018;2019;2020;2022;2023;2024;2025,60.036413382801285
5,101,BA,285,290,5,37,58531677.400000006,5,8,2017;2018;2019;2020;2022;2023;2024;2025,63.213633443554784
5,101,BA,290,295,5,23,61470124.500000015,5,8,2017;2018;2019;2020;2022;2023;2024;2025,37.41655021375464
5,101,BA,295,300,5,13,61470124.500000015,5,8,2017;2018;2019;2020;2022;2023;2024;2025,21.148484903426535
5,101,BA,300,305,5,20,58363762.800000004,5,8,2017;2018;2019;2020;2022;2023;2024;2025,34.26783853627751
5,101,BA,305,310,5,13,56292855.0,5,8,2017;2018;2019;2020;2022;2023;2024;2025,23.09351693034578
5,101,BA,310,315,5,10,56292855.0,5,8,2017;2018;2019;2020;2022;2023;2024;2025,17.764243792573676
5,101,BA,315,320,5,19,56292855.0,5,8,2017;2018;2019;2020;2022;2023;2024;2025,33.75206320588998
5,101,BA,320,325,5,21,56292855.0,5,8,2017;2018;2019;2020;2022;2023;2024;2025,37.30491196440472
5,101,BA,325,330,5,36,49454258.800000004,5,8,2017;2018;2019;2020;2022;2023;2024;2025,72.79453958776143
5,101,BA,330,335,5,27,46928159.49999999,5,7,2018;2019;2020;2022;2023;2024;2025,57.53475160260655
5,101,BA,335,340,5,16,46928159.49999999,5,7,2018;2019;2020;2022;2023;2024;2025,34.09466761635943
5,101,BA,340,345,5,18,46928159.49999999,5,7,2018;2019;2020;2022;2023;2024;2025,38.35650106840436
5,101,BA,345,350,5,25,45674420.99999999,5,7,2018;2019;2020;2022;2023;2024;2025,54.73523134535193
5,101,BA,350,355,5,39,46828477.99999999,5,7,2018;2019;2020;2022;2023;2024;2025,83.28265548156403
5,101,BA,355,360,5,44,46981869.25,5,7,2018;2019;2020;2022;2023;2024;2025,93.653148975123
5,101,BA,360,365,5,41,39343992.4,5,7,2018;2019;2020;2022;2023;2024;2025,104.20904819003574
5,101,BA,365,370,5,43,41264523.85000001,5,8,2017;2018;2019;2020;2022;2023;2024;2025,104.20573409815316
5,101,BA,370,375,5,45,41167419.25000001,5,7,2018;2019;2020;2022;2023;2024;2025,109.30974255812743
5,101,BA,375,380,5,23,41167419.25000001,5,7,2018;2019;2020;2022;2023;2024;2025,55.86942397415402
5,101,BA,380,385,5,16,41167419.25000001,5,7,2018;2019;2020;2022;2023;2024;2025,38.86568624288975
5,101,BA,385,390,5,38,41167419.25000001,5,7,2018;2019;2020;2022;2023;2024;2025,92.30600482686316
5,101,BA,390,395,5,13,41167419.25000001,5,7,2018;2019;2020;2022;2023;2024;2025,31.578370072347923
5,101,BA,395,400,5,29,45094038.15,5,8,2017;2018;2019;2020;2022;2023;2024;2025,64.31005336788628
5,101,BA,400,405,5,23,47846225.75,5,8,2017;2018;2019;2020;2022;2023;2024;2025,48.07066730859121
5,101,BA,405,410,5,16,47846225.75,5,8,2017;2018;2019;2020;2022;2023;2024;2025,33.44046421467215
5,101,BA,410,415,5,13,47846225.75,5,8,2017;2018;2019;2020;2022;2023;2024;2025,27.17037717442112
5,101,BA,415,420,5,10,47846225.75,5,8,2017;2018;2019;2020;2022;2023;2024;2025,20.900290134170092
5,101,BA,420,425,5,69,44106096.300000004,5,8,2017;2018;2019;2020;2022;2023;2024;2025,156.44095893383334
5,101,BA,425,430,5,22,44249424.49999999,5,8,2017;2018;2019;2020;2022;2023;2024;2025,49.71816074127699
5,101,BA,430,435,5,23,44249424.49999999,5,8,2017;2018;2019;2020;2022;2023;2024;2025,51.97807713860776
5,101,BA,435,440,5,28,50286396.75,5,8,2017;2018;2019;2020;2022;2023;2024;2025,55.681062493307394
5,101,BA,440,445,4,34,59547428.599999994,4,8,2017;2018;2019;2020;2022;2023;2024;2025,57.097343746594625
5,101,BA,445,450,5,51,51213956.64999999,5,8,2017;2018;2019;2020;2022;2023;2024;2025,99.58222979829075
5,101,BA,450,455,5,11,50539414.75,5,7,2018;2019;2020;2022;2023;2024;2025,21.76519070197583
5,101,BA,455,460,5,8,50539414.75,5,7,2018;2019;2020;2022;2023;2024;2025,15.829229601436966
5,101,BA,460,465,5,10,50539414.75,5,7,2018;2019;2020;2022;2023;2024;2025,19.78653700179621
5,101,BA,465,470,5,23,50539414.75,5,7,2018;2019;2020;2022;2023;2024;2025,45.50903510413127
5,101,BA,470,475,5,25,41833708.5,5,7,2018;2019;2020;2022;2023;2024;2025,59.76042023623126
5,101,BA,475,480,5,38,58482052.0,5,8,2017;2018;2019;2020;2022;2023;2024;2025,64.97720018442581
5,101,BA,480,485,5,27,58484972.0,5,8,2017;2018;2019;2020;2022;2023;2024;2025,46.16570561066525
5,101,BA,485,490,5,29,58485702.0,5,8,2017;2018;2019;2020;2022;2023;2024;2025,49.584768598656815
5,101,BA,490,495,5,46,92903464.60000001,5,8,2017;2018;2019;2020;2022;2023;2024;2025,49.513761621329245
5,101,BA,495,500,5,46,95578407.25,5,8,2017;2018;2019;2020;2022;2023;2024;2025,48.12802527633667
5,101,BA,500,505,5,106,87799527.25,5,8,2017;2018;2019;2020;2022;2023;2024;2025,120.72957944087335
5,101,BA,505,510,3,42,31421174.650000006,3,5,2017;2018;2019;2020;2022,133.66782263183146
5,101,BA,510,515,3,24,39120627.0,3,8,2017;2018;2019;2020;2022;2023;2024;2025,61.34870997849804
5,101,BA,515,520,5,32,65201045.0,5,8,2017;2018;2019;2020;2022;2023;2024;2025,49.07896798279843
5,101,BA,520,525,5,38,65201045.0,5,8,2017;2018;2019;2020;2022;2023;2024;2025,58.28127447957315
5,101,BA,525,530,5,51,59719584.5,5,8,2017;2018;2019;2020;2022;2023;2024;2025,85.39912061846312
5,101,BA,530,535,5,24,59719584.5,5,8,2017;2018;2019;2020;2022;2023;2024;2025,40.18782146751205
5,101,BA,535,540,5,60,59719584.5,5,8,2017;2018;2019;2020;2022;2023;2024;2025,100.46955366878014
5,101,BA,540,545,4,27,46630356.0,4,8,2017;2018;2019;2020;2022;2023;2024;2025,57.90219572846495
5,101,BA,545,550,5,20,58287945.0,5,8,2017;2018;2019;2020;2022;2023;2024;2025,34.31241228353478
5,101,BA,550,555,5,22,58287945.0,5,8,2017;2018;2019;2020;2022;2023;2024;2025,37.74365351188827
5,101,BA,555,560,5,30,58287945.0,5,8,2017;2018;2019;2020;2022;2023;2024;2025,51.468618425302175
5,101,BA,560,565,5,26,62017916.500000015,5,8,2017;2018;2019;2020;2022;2023;2024;2025,41.92336903159266
5,101,BA,565,570,5,23,66026295.39999999,5,8,2017;2018;2019;2020;2022;2023;2024;2025,34.8346062135723
5,101,BA,570,575,5,15,68692707.99999999,5,8,2017;2018;2019;2020;2022;2023;2024;2025,21.83637890647724
5,101,BA,575,580,5,18,68691247.99999999,5,8,2017;2018;2019;2020;2022;2023;2024;2025,26.204211634064364
5,101,BA,580,585,5,30,63257766.75,5,8,2017;2018;2019;2020;2022;2023;2024;2025,47.42500651115699
5,101,BA,585,590,5,24,63790666.75000002,5,8,2017;2018;2019;2020;2022;2023;2024;2025,37.623058705527626
5,101,BA,590,595,5,19,49022237.49999999,5,8,2017;2018;2019;2020;2022;2023;2024;2025,38.75792083133701
5,101,BA,595,600,5,11,57353968.400000006,5,8,2017;2018;2019;2020;2022;2023;2024;2025,19.17914367020504
5,101,BA,600,605,5,12,58189760.000000015,5,8,2017;2018;2019;2020;2022;2023;2024;2025,20.622185071737704
5,101,BA,605,610,5,14,58189760.000000015,5,8,2017;2018;2019;2020;2022;2023;2024;2025,24.059215917027323
5,101,BA,610,615,5,41,58189760.000000015,5,8,2017;2018;2019;2020;2022;2023;2024;2025,70.45913232843715
5,101,BA,615,620,5,26,58189760.000000015,5,8,2017;2018;2019;2020;2022;2023;2024;2025,44.68140098876503
5,101,BA,620,625,5,32,58189760.000000015,5,8,2017;2018;2019;2020;2022;2023;2024;2025,54.99249352463387
5,101,BA,625,630,5,10,58189760.000000015,5,8,2017;2018;2019;2020;2022;2023;2024;2025,17.185154226448084
5,101,BA,630,635,5,6,58189760.000000015,5,8,2017;2018;2019;2020;2022;2023;2024;2025,10.311092535868852
5,101,BA,635,640,5,6,68085658.25,5,8,2017;2018;2019;2020;2022;2023;2024;2025,8.812428570447139
5,101,BA,640,645,5,7,68085658.25,5,8,2017;2018;2019;2020;2022;2023;2024;2025,10.281166665521663
5,101,BA,645,650,5,20,58612178.15,5,8,2017;2018;2019;2020;2022;2023;2024;2025,34.12260153310818
5,101,BA,650,655,5,23,68310133.25,5,8,2017;2018;2019;2020;2022;2023;2024;2025,33.66996799116916
5,101,BA,655,660,5,27,68542273.25,5,8,2017;2018;2019;2020;2022;2023;2024;2025,39.391748653448694
5,101,BA,660,665,5,42,68600308.25,5,8,2017;2018;2019;2020;2022;2023;2024;2025,61.224214688568836
5,101,BA,665,670,5,71,72143034.75,5,8,2017;2018;2019;2020;2022;2023;2024;2025,98.4155992966459
5,101,BA,670,675,5,37,72143034.75,5,8,2017;2018;2019;2020;2022;2023;2024;2025,51.28700245036476
5,101,BA,675,680,5,33,72143034.75,5,8,2017;2018;2019;2020;2022;2023;2024;2025,45.74246164491992
5,101,BA,680,685,5,25,155232200.5,5,8,2017;2018;2019;2020;2022;2023;2024;2025,16.10490601787224
5,101,BA,685,690,5,28,148795790.5,5,8,2017;2018;2019;2020;2022;2023;2024;2025,18.81773664826896
5,101,BA,690,695,5,58,150218925.5,5,8,2017;2018;2019;2020;2022;2023;2024;2025,38.61031478353904
5,101,BA,695,700,5,19,150218925.5,5,8,2017;2018;2019;2020;2022;2023;2024;2025,12.648206567021411
5,101,BA,700,705,5,35,150218925.5,5,8,2017;2018;2019;2020;2022;2023;2024;2025,23.299327886618386
5,101,BA,705,710,5,37,136925625.5,5,8,2017;2018;2019;2020;2022;2023;2024;2025,27.02196894473927
5,101,BA,710,715,5,84,128063425.50000001,5,6,2017;2018;2019;2020;2022;2023,65.59249814850533
5,101,BA,715,720,5,249,107401286.5,5,8,2017;2018;2019;2020;2022;2023;2024;2025,231.84079829434816
5,101,BA,720,725,5,40,76408077.99999999,5,8,2017;2018;2019;2020;2022;2023;2024;2025,52.3504857693188
5,101,BA,725,730,5,44,76408077.99999999,5,8,2017;2018;2019;2020;2022;2023;2024;2025,57.585534346250675
5,101,BA,730,735,5,36,76408077.99999999,5,8,2017;2018;2019;2020;2022;2023;2024;2025,47.11543719238691
5,101,BA,735,740,5,82,76408077.99999999,5,8,2017;2018;2019;2020;2022;2023;2024;2025,107.31849582710353
5,101,BA,740,745,5,37,76408077.99999999,5,8,2017;2018;2019;2020;2022;2023;2024;2025,48.424199336619886
5,101,BA,745,750,5,72,63194676.499999985,5,8,2017;2018;2019;2020;2022;2023;2024;2025,113.93364755969597
5,101,BA,750,755,5,49,63194676.499999985,5,8,2017;2018;2019;2020;2022;2023;2024;2025,77.53817681145976
5,101,BA,755,760,5,18,62535486.499999985,5,8,2017;2018;2019;2020;2022;2023;2024;2025,28.783657100037118
5,101,BA,760,765,5,17,62096026.499999985,5,8,2017;2018;2019;2020;2022;2023;2024;2025,27.37695301647039
5,101,BA,765,770,5,21,60465571.49999999,5,8,2017;2018;2019;2020;2022;2023;2024;2025,34.73050775679843
5,101,BA,770,775,5,18,59378601.49999999,5,8,2017;2018;2019;2020;2022;2023;2024;2025,30.31395072516149
5,101,BA,775,780,5,10,59378601.49999999,5,8,2017;2018;2019;2020;2022;2023;2024;2025,16.84108373620083
5,101,BA,780,785,5,20,59378601.49999999,5,8,2017;2018;2019;2020;2022;2023;2024;2025,33.68216747240166
5,101,BA,785,790,5,17,59378601.49999999,5,8,2017;2018;2019;2020;2022;2023;2024;2025,28.62984235154141
5,101,BA,790,795,5,29,56062339.24999999,5,8,2017;2018;2019;2020;2022;2023;2024;2025,51.728130484672924
5,101,BA,795,800,5,28,59376776.49999999,5,8,2017;2018;2019;2020;2022;2023;2024;2025,47.15648381484637
5,101,BA,800,805,5,32,59376776.49999999,5,8,2017;2018;2019;2020;2022;2023;2024;2025,53.89312435982442
5,101,BA,805,810,5,59,47843185.29999999,5,8,2017;2018;2019;2020;2022;2023;2024;2025,123.31954829102905
5,101,BA,810,815,5,40,47802630.150000006,5,8,2017;2018;2019;2020;2022;2023;2024;2025,83.67740409781614
5,101,BA,815,820,5,62,61123173.75,5,8,2017;2018;2019;2020;2022;2023;2024;2025,101.43452343228495
5,101,BA,820,825,5,19,61123173.75,5,8,2017;2018;2019;2020;2022;2023;2024;2025,31.084773309893777
5,101,BA,825,830,5,31,61123173.75,5,8,2017;2018;2019;2020;2022;2023;2024;2025,50.717261716142474
5,101,BA,830,835,5,28,61123173.75,5,8,2017;2018;2019;2020;2022;2023;2024;2025,45.8091396145803
5,101,BA,835,840,5,41,61123173.75,5,8,2017;2018;2019;2020;2022;2023;2024;2025,67.07766872134974
5,101,BA,840,845,5,49,61123173.75,5,8,2017;2018;2019;2020;2022;2023;2024;2025,80.16599432551554
5,101,BA,845,850,5,15,61123173.75,5,8,2017;2018;2019;2020;2022;2023;2024;2025,24.540610507810875
5,101,BA,850,855,5,29,61123173.75,5,8,2017;2018;2019;2020;2022;2023;2024;2025,47.44518031510103
5,101,BA,855,860,5,42,66255803.75,5,8,2017;2018;2019;2020;2022;2023;2024;2025,63.39067315291606
5,101,BA,860,865,5,34,73954748.75,5,8,2017;2018;2019;2020;2022;2023;2024;2025,45.974059238488046
5,101,BA,865,870,5,31,73954748.75,5,8,2017;2018;2019;2020;2022;2023;2024;2025,41.91752459979793
5,101,BA,870,875,5,46,73954748.75,5,8,2017;2018;2019;2020;2022;2023;2024;2025,62.200197793248535
5,101,BA,875,880,5,211,87939741.99999997,5,8,2017;2018;2019;2020;2022;2023;2024;2025,239.93702415001405
5,101,BA,880,885,5,86,87939741.99999997,5,8,2017;2018;2019;2020;2022;2023;2024;2025,97.79423733128536
5,101,BA,885,890,5,43,87939741.99999997,5,8,2017;2018;2019;2020;2022;2023;2024;2025,48.89711866564268
5,101,BA,890,895,5,34,87939741.99999997,5,8,2017;2018;2019;2020;2022;2023;2024;2025,38.66283801469421
5,101,BA,895,900,5,82,87939741.99999997,5,8,2017;2018;2019;2020;2022;2023;2024;2025,93.24566815308604
5,101,BA,900,905,5,31,87939741.99999997,5,8,2017;2018;2019;2020;2022;2023;2024;2025,35.25141113104472
5,101,BA,905,910,5,57,87939741.99999997,5,8,2017;2018;2019;2020;2022;2023;2024;2025,64.81711078934029
5,101,BA,910,915,5,52,87939741.99999997,5,8,2017;2018;2019;2020;2022;2023;2024;2025,59.13139931659115
5,101,BA,915,920,5,20,87939741.99999997,5,8,2017;2018;2019;2020;2022;2023;2024;2025,22.742845890996595
5,101,BA,920,925,5,40,80620524.74999999,5,8,2017;2018;2019;2020;2022;2023;2024;2025,49.61515708814586
5,101,BA,925,930,5,40,80620524.74999999,5,8,2017;2018;2019;2020;2022;2023;2024;2025,49.61515708814586
5,101,BA,930,935,5,49,80620524.74999999,5,8,2017;2018;2019;2020;2022;2023;2024;2025,60.77856743297867
5,101,BA,935,940,5,48,77500347.8,5,8,2017;2018;2019;2020;2022;2023;2024;2025,61.93520592174685
5,101,BA,940,945,5,43,65019640.000000015,5,8,2017;2018;2019;2020;2022;2023;2024;2025,66.1338635526127
5,101,BA,945,950,5,52,65019640.000000015,5,8,2017;2018;2019;2020;2022;2023;2024;2025,79.97583499385722
5,101,BA,950,955,5,10,65019640.000000015,5,8,2017;2018;2019;2020;2022;2023;2024;2025,15.379968268049465
5,101,BA,955,960,1,3,13003928.0,1,8,2017;2018;2019;2020;2022;2023;2024;2025,23.069952402074204
5,101,ES,0,5,5,74,2990839.2,2,1,2017,2474.2219508156772
5,101,ES,5,10,5,16,15926848.0,5,2,2017;2022,100.45929991923072
5,101,ES,10,15,5,18,15926848.0,5,2,2017;2022,113.01671240913457
5,101,ES,15,20,5,113,26809874.150000002,5,8,2017;2018;2019;2020;2022;2023;2024;2025,421.48649921954217
5,101,ES,20,25,5,42,69186425.25,5,8,2017;2018;2019;2020;2022;2023;2024;2025,60.70555003851713
5,101,ES,25,30,5,85,69186425.25,5,8,2017;2018;2019;2020;2022;2023;2024;2025,122.85647031604657
5,101,ES,30,35,5,89,74417240.25,5,8,2017;2018;2019;2020;2022;2023;2024;2025,119.59594268883144
5,101,ES,35,40,5,60,77725884.94999999,5,8,2017;2018;2019;2020;2022;2023;2024;2025,77.19436071856524
5,101,ES,40,45,5,48,77458037.0,5,8,2017;2018;2019;2020;2022;2023;2024;2025,61.969037506075715
5,101,ES,45,50,5,55,77458037.0,5,8,2017;2018;2019;2020;2022;2023;2024;2025,71.00618880904509
5,101,ES,50,55,5,48,112880046.0,5,8,2017;2018;2019;2020;2022;2023;2024;2025,42.52301598105302
5,101,ES,55,60,5,41,112880046.0,5,8,2017;2018;2019;2020;2022;2023;2024;2025,36.321742817149456
5,101,ES,60,65,5,147,100967906.0,5,8,2017;2018;2019;2020;2022;2023;2024;2025,145.59081773964888
5,101,ES,65,70,5,514,82276752.39999999,5,8,2017;2018;2019;2020;2022;2023;2024;2025,624.7208172499527
5,101,ES,70,75,5,131,104407118.5,5,8,2017;2018;2019;2020;2022;2023;2024;2025,125.4703720225743
5,101,ES,75,80,5,58,113116018.49999999,5,8,2017;2018;2019;2020;2022;2023;2024;2025,51.27478916701794
5,101,ES,80,85,5,56,113116018.49999999,5,8,2017;2018;2019;2020;2022;2023;2024;2025,49.50669298884491
5,101,ES,85,90,5,46,113116018.49999999,5,8,2017;2018;2019;2020;2022;2023;2024;2025,40.666212097979745
5,101,ES,90,95,5,107,110638358.35000001,5,8,2017;2018;2019;2020;2022;2023;2024;2025,96.71148559662264
5,101,ES,95,100,5,59,100727717.75,5,8,2017;2018;2019;2020;2022;2023;2024;2025,58.57374843579239
5,101,ES,100,105,5,67,100727717.75,5,8,2017;2018;2019;2020;2022;2023;2024;2025,66.51595161352695
5,101,ES,105,110,5,52,100727717.75,5,8,2017;2018;2019;2020;2022;2023;2024;2025,51.62432065527465
5,101,ES,110,115,5,53,100727717.75,5,8,2017;2018;2019;2020;2022;2023;2024;2025,52.617096052491476
5,101,ES,115,120,5,85,100727717.75,5,8,2017;2018;2019;2020;2022;2023;2024;2025,84.38590876342971
5,101,ES,120,125,5,88,100727717.75,5,8,2017;2018;2019;2020;2022;2023;2024;2025,87.36423495508018
5,101,ES,125,130,4,179,82322884.75,4,8,2017;2018;2019;2020;2022;2023;2024;2025,217.43650085099816
5,101,ES,130,135,5,90,103628902.0,5,8,2017;2018;2019;2020;2022;2023;2024;2025,86.84835819258223
5,101,ES,135,140,5,156,67324542.0,5,8,2017;2018;2019;2020;2022;2023;2024;2025,231.7134218306305
5,101,ES,140,145,5,349,58248451.99999999,5,5,2017;2018;2019;2020;2022,599.1575535775612
5,101,ES,145,150,5,573,58248451.99999999,5,5,2017;2018;2019;2020;2022,983.7171295127296
5,101,ES,150,155,5,141,111528670.0,4,7,2017;2018;2019;2020;2022;2024;2025,126.42489146512732
5,101,ES,155,160,5,121,141056407.14999998,5,8,2017;2018;2019;2020;2022;2023;2024;2025,85.78128597258832
5,101,ES,160,165,5,118,147638685.74999997,5,8,2017;2018;2019;2020;2022;2023;2024;2025,79.92485126819143
5,101,ES,165,170,5,106,147638685.74999997,5,8,2017;2018;2019;2020;2022;2023;2024;2025,71.79690029176517
5,101,ES,170,175,5,85,147638685.74999997,5,8,2017;2018;2019;2020;2022;2023;2024;2025,57.57298608301924
5,101,ES,175,180,5,89,147638685.74999997,5,8,2017;2018;2019;2020;2022;2023;2024;2025,60.28230307516133
5,101,ES,180,185,5,87,147641605.74999997,5,8,2017;2018;2019;2020;2022;2023;2024;2025,58.92647913035856
5,101,ES,185,190,5,88,147642335.74999997,5,8,2017;2018;2019;2020;2022;2023;2024;2025,59.60350027854394
5,101,ES,190,195,5,51,90871232.20000002,4,8,2017;2018;2019;2020;2022;2023;2024;2025,56.12337234269394
5,101,ES,195,200,5,38,113589040.25000003,5,8,2017;2018;2019;2020;2022;2023;2024;2025,33.453931749370504
5,101,ES,200,205,5,146,117796917.20000002,5,8,2017;2018;2019;2020;2022;2023;2024;2025,123.94212299470938
5,101,ES,205,210,5,84,134628425.0,5,6,2017;2018;2019;2020;2022;2023,62.39395580836662
5,101,ES,210,215,5,215,144940499.9,5,8,2017;2018;2019;2020;2022;2023;2024;2025,148.33673138173026
5,101,ES,215,220,5,100,186188799.5,5,8,2017;2018;2019;2020;2022;2023;2024;2025,53.708923559604344
5,101,ES,220,225,5,106,185187239.5,5,8,2017;2018;2019;2020;2022;2023;2024;2025,57.23936502655195
5,101,ES,225,230,5,105,146947919.6,4,8,2017;2018;2019;2020;2022;2023;2024;2025,71.45388671429684
5,101,ES,230,235,5,114,201884657.25000003,5,7,2017;2018;2019;2020;2022;2024;2025,56.46788693745571
5,101,ES,235,240,5,118,208671343.15000004,5,8,2017;2018;2019;2020;2022;2023;2024;2025,56.54825344905054
5,101,ES,240,245,5,117,248797486.75,5,8,2017;2018;2019;2020;2022;2023;2024;2025,47.02619850720819
5,101,ES,245,250,5,114,224330806.75,5,8,2017;2018;2019;2020;2022;2023;2024;2025,50.81780859774847
5,101,ES,250,255,5,130,187630786.75,5,7,2017;2018;2019;2020;2022;2024;2025,69.28500500997873
5,101,ES,255,260,5,382,52471432.75000001,5,7,2017;2018;2019;2020;2022;2024;2025,728.0151884169771
5,101,ES,260,265,5,129,18681594.25,5,1,2017,690.5192258952952
5,101,ES,265,270,5,209,20216532.4,5,1,2017,1033.807360554078
5,101,ES,270,275,5,87,14140479.600000001,5,1,2017,615.2549451010134
5,101,ES,275,280,5,40,11086528.250000002,5,1,2017,360.7982507959603
5,101,ES,280,285,5,39,11086528.250000002,5,1,2017,351.7782945260613
5,101,ES,285,290,5,49,11086528.250000002,5,1,2017,441.9778572250514
5,101,ES,290,295,5,83,9467508.7,4,1,2017,876.6825849338803
5,101,ES,295,300,5,108,23466138.35,5,1,2017,460.2376342846372
5,101,ES,300,305,5,50,26311755.0,5,1,2017,190.0291333664364
5,101,ES,305,310,5,122,168381580.99999997,5,8,2017;2018;2019;2020;2022;2023;2024;2025,72.45448063586007
5,101,ES,310,315,5,101,178488065.99999997,5,8,2017;2018;2019;2020;2022;2023;2024;2025,56.58641625933692
5,101,ES,315,320,5,64,178493540.99999997,5,8,2017;2018;2019;2020;2022;2023;2024;2025,35.855639168478376
5,101,ES,320,325,5,60,163208800.99999997,5,8,2017;2018;2019;2020;2022;2023;2024;2025,36.76272335338093
5,101,ES,325,330,5,74,178499015.99999997,5,8,2017;2018;2019;2020;2022;2023;2024;2025,41.456811168079504
5,101,ES,330,335,5,94,178499015.99999997,5,8,2017;2018;2019;2020;2022;2023;2024;2025,52.661354727019905
5,101,ES,335,340,5,101,179032445.25,5,8,2017;2018;2019;2020;2022;2023;2024;2025,56.41435543091874
5,101,ES,340,345,5,78,179032445.25,5,8,2017;2018;2019;2020;2022;2023;2024;2025,43.567522015957046
5,101,ES,345,350,5,57,179032445.25,5,8,2017;2018;2019;2020;2022;2023;2024;2025,31.837804550122456
5,101,ES,350,355,5,72,161018092.89999998,5,8,2017;2018;2019;2020;2022;2023;2024;2025,44.71547184744977
5,101,ES,355,360,5,86,179965053.1,5,8,2017;2018;2019;2020;2022;2023;2024;2025,47.78705560807572
5,101,ES,360,365,5,61,181187095.0,5,8,2017;2018;2019;2020;2022;2023;2024;2025,33.66685690280536
5,101,ES,365,370,5,91,181190380.0,5,8,2017;2018;2019;2020;2022;2023;2024;2025,50.2234169385814
5,101,ES,370,375,5,89,174838598.9,5,8,2017;2018;2019;2020;2022;2023;2024;2025,50.90409129330994
5,101,ES,375,380,5,51,75524836.4,5,4,2017;2018;2024;2025,67.52745511409012
5,101,ES,380,385,5,82,146709538.1,5,8,2017;2018;2019;2020;2022;2023;2024;2025,55.89275316517407
5,101,ES,385,390,5,99,166025067.99999997,5,8,2017;2018;2019;2020;2022;2023;2024;2025,59.629549436474264
5,101,ES,390,395,5,112,168418077.35,5,8,2017;2018;2019;2020;2022;2023;2024;2025,66.5011747920895
5,101,ES,395,400,5,105,168974972.45,5,8,2017;2018;2019;2020;2022;2023;2024;2025,62.13937986057059
5,101,ES,400,405,5,77,161996256.4,5,8,2017;2018;2019;2020;2022;2023;2024;2025,47.531962596636895
5,101,ES,405,410,5,52,89427281.25,5,8,2017;2018;2019;2020;2022;2023;2024;2025,58.14780374976456
5,101,ES,410,415,5,55,90248399.85,5,8,2017;2018;2019;2020;2022;2023;2024;2025,60.94290878443758
5,101,ES,415,420,5,52,108531541.84999998,5,8,2017;2018;2019;2020;2022;2023;2024;2025,47.91233876679696
5,101,ES,420,425,5,59,112202324.94999997,5,8,2017;2018;2019;2020;2022;2023;2024;2025,52.58358062214112
5,101,ES,425,430,5,51,112668911.75,5,8,2017;2018;2019;2020;2022;2023;2024;2025,45.26537019649522
5,101,ES,430,435,5,36,113300726.75,5,8,2017;2018;2019;2020;2022;2023;2024;2025,31.773847381786542
5,101,ES,435,440,5,76,113300726.75,5,8,2017;2018;2019;2020;2022;2023;2024;2025,67.07812225043826
5,101,ES,440,445,5,46,113300726.75,5,8,2017;2018;2019;2020;2022;2023;2024;2025,40.59991609894947
5,101,ES,445,450,5,50,115910243.14999999,5,8,2017;2018;2019;2020;2022;2023;2024;2025,43.1368260830018
5,101,ES,450,455,5,37,116543459.75000001,5,8,2017;2018;2019;2020;2022;2023;2024;2025,31.747813287308897
5,101,ES,455,460,5,48,107008334.8,5,8,2017;2018;2019;2020;2022;2023;2024;2025,44.85631898647207
5,101,ES,460,465,3,13,42712066.400000006,3,8,2017;2018;2019;2020;2022;2023;2024;2025,30.436363996662074
5,101,PB,0,5,5,32,152162587.0,5,8,2017;2018;2019;2020;2022;2023;2024;2025,21.030136665591787
5,101,PB,5,10,5,37,153584028.39999998,5,8,2017;2018;2019;2020;2022;2023;2024;2025,24.091046696363385
5,101,PB,10,15,5,64,153939388.75,5,8,2017;2018;2019;2020;2022;2023;2024;2025,41.57480455111915
5,101,PB,15,20,5,44,153939388.75,5,8,2017;2018;2019;2020;2022;2023;2024;2025,28.582678128894415
5,101,PB,20,25,5,34,153939388.75,5,8,2017;2018;2019;2020;2022;2023;2024;2025,22.086614917782047
5,101,PB,25,30,5,54,153939388.75,5,8,2017;2018;2019;2020;2022;2023;2024;2025,35.07874134000678
5,101,PB,30,35,5,55,181666540.75,5,8,2017;2018;2019;2020;2022;2023;2024;2025,30.27525034215746
5,101,PB,35,40,5,56,181666540.75,5,8,2017;2018;2019;2020;2022;2023;2024;2025,30.8257094392876
5,101,PB,40,45,5,108,232048877.74999994,5,8,2017;2018;2019;2020;2022;2023;2024;2025,46.54191868850787
5,101,PB,45,50,5,60,228510202.74999994,5,8,2017;2018;2019;2020;2022;2023;2024;2025,26.257033286886802
5,101,PB,50,55,5,70,228510202.74999994,5,8,2017;2018;2019;2020;2022;2023;2024;2025,30.633205501367932
5,101,PB,55,60,5,73,228510202.74999994,5,8,2017;2018;2019;2020;2022;2023;2024;2025,31.946057165712276
5,101,PB,60,65,5,67,228510202.74999994,5,8,2017;2018;2019;2020;2022;2023;2024;2025,29.320353837023596
5,101,PB,65,70,5,55,228510202.74999994,5,8,2017;2018;2019;2020;2022;2023;2024;2025,24.068947179646234
5,101,PB,70,75,5,84,186179349.64999998,4,8,2017;2018;2019;2020;2022;2023;2024;2025,45.117785703899095
5,101,PB,75,80,5,123,233927405.0,5,8,2017;2018;2019;2020;2022;2023;2024;2025,52.580414851351
5,101,PB,80,85,5,41,9381624.200000001,4,1,2017,437.0245399511952
5,101,PB,85,90,5,394,94799504.55,5,5,2017;2018;2019;2020;2022,415.6139864551644
5,101,PB,90,95,5,145,219407120.99999997,5,5,2017;2018;2019;2020;2022,66.08718957667743
5,101,PB,95,100,5,193,304627521.75,5,8,2017;2018;2019;2020;2022;2023;2024;2025,63.3560614915123
5,101,PB,100,105,5,87,282059644.75,5,8,2017;2018;2019;2020;2022;2023;2024;2025,30.844540018162242
5,101,PB,105,110,5,94,282059644.75,5,8,2017;2018;2019;2020;2022;2023;2024;2025,33.32628461732472
5,101,PB,110,115,5,87,230647989.49999994,5,8,2017;2018;2019;2020;2022;2023;2024;2025,37.7198171935507
5,101,PB,115,120,5,99,230647989.49999994,5,8,2017;2018;2019;2020;2022;2023;2024;2025,42.9225505995577
5,101,PB,120,125,5,169,230647989.49999994,5,8,2017;2018;2019;2020;2022;2023;2024;2025,73.27182880126516
5,101,PB,125,130,3,35,146471025.20000002,3,8,2017;2018;2019;2020;2022;2023;2024;2025,23.895511042002315
5,101,PE,0,5,5,56,58402920.0,2,4,2022;2023;2024;2025,95.8856166780702
5,101,PE,5,10,5,58,147488835.0,5,4,2022;2023;2024;2025,39.32501060164995
5,101,PE,10,15,5,39,190594605.0,5,4,2022;2023;2024;2025,20.462279087070694
5,101,PE,15,20,5,45,214395430.1,5,5,2017;2022;2023;2024;2025,20.989253352560148
5,101,PE,20,25,5,48,242993585.25,5,5,2017;2022;2023;2024;2025,19.753607878420322
5,101,PE,25,30,5,54,242992125.25,5,5,2017;2022;2023;2024;2025,22.222942387306848
5,101,PE,30,35,5,64,222192114.79999998,5,5,2017;2022;2023;2024;2025,28.803902450637285
5,101,PE,35,40,5,115,237779323.0,5,5,2017;2022;2023;2024;2025,48.36417168199272
5,101,PE,40,45,5,222,88301938.8,5,3,2017;2022;2023,251.41010833614905
5,101,PE,45,50,5,192,77124992.75,5,2,2017;2022,248.94653879886428
5,101,PE,50,55,5,182,40742413.25,5,2,2017;2022,446.7089342087511
5,101,PE,55,60,5,53,16487360.25,5,1,2017,321.45837293753556
5,101,PE,60,65,5,54,16487360.25,5,1,2017,327.52362525711175
5,101,PE,65,70,5,117,16042516.5,5,1,2017,729.3120128628199
5,101,PE,70,75,5,93,16935153.2,5,1,2017,549.153579549549
5,101,PE,75,80,5,63,17048091.5,5,1,2017,369.54283123128477
5,101,PE,80,85,5,68,6819236.6,2,1,2017,997.1790684018795
5,101,PE,85,90,5,0,0.0,0,0,,
5,101,PE,90,95,5,64,1676028.9,1,1,2017,3818.5499068661647
5,101,PE,95,100,5,42,8380144.5,5,1,2017,501.1846752761841
5,101,PE,100,105,4,97,32699744.1,4,5,2017;2018;2019;2020;2022,296.6384070265553
5,101,PE,105,110,4,59,94935492.59999998,4,8,2017;2018;2019;2020;2022;2023;2024;2025,62.14746285521461
5,101,PE,110,115,5,67,118669365.74999997,5,8,2017;2018;2019;2020;2022;2023;2024;2025,56.45938998372039
5,101,PE,115,120,5,60,130307901.74999997,5,8,2017;2018;2019;2020;2022;2023;2024;2025,46.04479021933143
5,101,PE,120,125,5,62,123311884.69999999,5,8,2017;2018;2019;2020;2022;2023;2024;2025,50.279014184915795
5,101,PE,125,130,5,83,109842260.50000003,5,8,2017;2018;2019;2020;2022;2023;2024;2025,75.56290231299452
5,101,PE,130,135,5,37,126482975.50000003,5,8,2017;2018;2019;2020;2022;2023;2024;2025,29.252948749612543
5,101,PE,135,140,5,68,140407010.1,5,8,2017;2018;2019;2020;2022;2023;2024;2025,48.43063031651295
5,101,PE,140,145,5,32,142274536.24999997,5,8,2017;2018;2019;2020;2022;2023;2024;2025,22.491726800480087
5,101,PE,145,150,5,44,139222763.95,5,8,2017;2018;2019;2020;2022;2023;2024;2025,31.604027065431637
5,101,PE,150,155,5,50,126472062.0,5,8,2017;2018;2019;2020;2022;2023;2024;2025,39.53442302537931
5,101,PE,155,160,5,42,133770842.9,5,8,2017;2018;2019;2020;2022;2023;2024;2025,31.396976418394086
5,101,PE,160,165,5,47,138874652.5,5,8,2017;2018;2019;2020;2022;2023;2024;2025,33.843469023261825
5,101,PE,165,170,5,23,138874652.5,5,8,2017;2018;2019;2020;2022;2023;2024;2025,16.561697607128124
5,101,PE,170,175,5,30,138874652.5,5,8,2017;2018;2019;2020;2022;2023;2024;2025,21.60221427016712
5,101,PE,175,180,5,37,137699352.5,5,8,2017;2018;2019;2020;2022;2023;2024;2025,26.870133612284054
5,101,PE,180,185,5,38,122651862.5,5,8,2017;2018;2019;2020;2022;2023;2024;2025,30.981999967591197
5,101,PE,185,190,5,84,93416461.14999999,5,8,2017;2018;2019;2020;2022;2023;2024;2025,89.91991236439597
5,101,PE,190,195,5,38,92593418.99999999,5,7,2018;2019;2020;2022;2023;2024;2025,41.03963371306119
5,101,PE,195,200,5,17,67519546.9,5,7,2018;2019;2020;2022;2023;2024;2025,25.1778940773668
5,101,PE,200,205,5,21,69744561.35,5,7,2018;2019;2020;2022;2023;2024;2025,30.10987465333023
5,101,PE,205,210,5,40,76536010.49999999,5,7,2018;2019;2020;2022;2023;2024;2025,52.262980182380964
5,101,PE,210,215,4,9,61228808.39999999,4,7,2018;2019;2020;2022;2023;2024;2025,14.698963176294644
5,101,RJ,0,5,5,37,56020214.6,5,8,2017;2018;2019;2020;2022;2023;2024;2025,66.04758704369547
5,101,RJ,5,10,5,11,80313943.0,5,8,2017;2018;2019;2020;2022;2023;2024;2025,13.696251969598853
5,101,RJ,10,15,5,41,89209598.89999999,5,8,2017;2018;2019;2020;2022;2023;2024;2025,45.9591798478538
5,101,RJ,15,20,5,32,92455974.59999998,5,8,2017;2018;2019;2020;2022;2023;2024;2025,34.611067741640575
5,101,RJ,20,25,5,27,82076017.0,5,8,2017;2018;2019;2020;2022;2023;2024;2025,32.89633316392534
5,101,RJ,25,30,5,25,82076017.0,5,8,2017;2018;2019;2020;2022;2023;2024;2025,30.459567744375317
5,101,RJ,30,35,5,29,83346282.7,5,8,2017;2018;2019;2020;2022;2023;2024;2025,34.79459318465801
5,101,RJ,35,40,5,24,88427345.5,5,8,2017;2018;2019;2020;2022;2023;2024;2025,27.140925540957237
5,101,RJ,40,45,5,41,88427345.5,5,8,2017;2018;2019;2020;2022;2023;2024;2025,46.365747799135285
5,101,RJ,45,50,5,132,57396479.950000025,5,8,2017;2018;2019;2020;2022;2023;2024;2025,229.97926025252693
5,101,RJ,50,55,5,115,36709236.25,5,5,2017;2018;2019;2020;2022,313.27265764075923
5,101,RJ,55,60,5,181,36709236.25,5,5,2017;2018;2019;2020;2022,493.0639220258907
5,101,RJ,60,65,3,160,22025541.75,3,5,2017;2018;2019;2020;2022,726.429351051036
5,101,RJ,65,70,3,169,101063824.35000001,3,7,2017;2018;2019;2020;2022;2024;2025,167.22106162807205
5,101,RJ,70,75,5,216,174190395.4,5,8,2017;2018;2019;2020;2022;2023;2024;2025,124.00224450033024
5,101,RJ,75,80,5,94,193140005.5,5,8,2017;2018;2019;2020;2022;2023;2024;2025,48.66935762824134
5,101,RJ,80,85,5,126,176927435.49999997,5,8,2017;2018;2019;2020;2022;2023;2024;2025,71.21563687617008
5,101,RJ,85,90,5,102,176927435.49999997,5,8,2017;2018;2019;2020;2022;2023;2024;2025,57.65075366166149
5,101,RJ,90,95,5,73,176927435.49999997,5,8,2017;2018;2019;2020;2022;2023;2024;2025,41.259853110796946
5,101,RJ,95,100,5,62,176927435.49999997,5,8,2017;2018;2019;2020;2022;2023;2024;2025,35.042614970813844
5,101,RJ,100,105,5,67,176927435.49999997,5,8,2017;2018;2019;2020;2022;2023;2024;2025,37.868632307169804
5,101,RJ,105,110,5,42,176927435.49999997,5,8,2017;2018;2019;2020;2022;2023;2024;2025,23.738545625390024
5,101,RJ,110,115,5,36,176920135.49999997,5,8,2017;2018;2019;2020;2022;2023;2024;2025,20.348164384036437
5,101,RJ,115,120,5,48,176918310.49999997,5,8,2017;2018;2019;2020;2022;2023;2024;2025,27.131165713907272
5,101,RJ,120,125,5,50,177699410.49999997,5,8,2017;2018;2019;2020;2022;2023;2024;2025,28.137403415865585
5,101,RJ,125,130,5,18,170524788.0,5,8,2017;2018;2019;2020;2022;2023;2024;2025,10.555650126361687
5,101,RJ,130,135,5,30,170524788.0,5,8,2017;2018;2019;2020;2022;2023;2024;2025,17.592750210602812
5,101,RJ,135,140,5,42,140445163.55,4,8,2017;2018;2019;2020;2022;2023;2024;2025,29.904910171611245
5,101,RJ,140,145,5,72,162892638.0,5,8,2017;2018;2019;2020;2022;2023;2024;2025,44.20089261492591
5,101,RJ,145,150,5,30,112839074.75,5,8,2017;2018;2019;2020;2022;2023;2024;2025,26.586534909530528
5,101,RJ,150,155,5,38,112839074.75,5,8,2017;2018;2019;2020;2022;2023;2024;2025,33.676277552072
5,101,RJ,155,160,5,34,112839074.75,5,8,2017;2018;2019;2020;2022;2023;2024;2025,30.131406230801268
5,101,RJ,160,165,5,36,112839074.75,5,8,2017;2018;2019;2020;2022;2023;2024;2025,31.903841891436635
5,101,RJ,165,170,5,38,90271259.8,4,8,2017;2018;2019;2020;2022;2023;2024;2025,42.09534694009
5,101,RJ,170,175,5,37,167600608.74999997,5,8,2017;2018;2019;2020;2022;2023;2024;2025,22.076292130412686
5,101,RJ,175,180,5,41,167600608.74999997,5,8,2017;2018;2019;2020;2022;2023;2024;2025,24.46291830667352
5,101,RJ,180,185,5,48,167600608.74999997,5,8,2017;2018;2019;2020;2022;2023;2024;2025,28.63951411512997
5,101,RJ,185,190,5,36,167600608.74999997,5,8,2017;2018;2019;2020;2022;2023;2024;2025,21.479635586347477
5,101,RJ,190,195,5,78,230616836.74999997,5,8,2017;2018;2019;2020;2022;2023;2024;2025,33.822335393731834
5,101,RJ,195,200,5,113,261740587.5,5,8,2017;2018;2019;2020;2022;2023;2024;2025,43.17251713970421
5,101,RJ,200,205,5,57,261740587.5,5,8,2017;2018;2019;2020;2022;2023;2024;2025,21.77728740675345
5,101,RJ,205,210,5,142,239955985.89999998,5,8,2017;2018;2019;2020;2022;2023;2024;2025,59.17751935522772
5,101,RJ,210,215,5,61,234509835.5,5,8,2017;2018;2019;2020;2022;2023;2024;2025,26.01170218295599
5,101,RJ,215,220,5,64,234509835.5,5,8,2017;2018;2019;2020;2022;2023;2024;2025,27.29096622474071
5,101,RJ,220,225,5,39,234509835.5,5,8,2017;2018;2019;2020;2022;2023;2024;2025,16.630432543201373
5,101,RJ,225,230,5,88,234509835.5,5,8,2017;2018;2019;2020;2022;2023;2024;2025,37.525078559018475
5,101,RJ,230,235,5,44,234509835.5,5,8,2017;2018;2019;2020;2022;2023;2024;2025,18.762539279509237
5,101,RJ,235,240,5,71,240562469.89999995,5,8,2017;2018;2019;2020;2022;2023;2024;2025,29.514163214866468
5,101,RJ,240,245,5,60,244597559.49999994,5,8,2017;2018;2019;2020;2022;2023;2024;2025,24.530089393635183
5,101,RJ,245,250,5,63,244597559.49999994,5,8,2017;2018;2019;2020;2022;2023;2024;2025,25.756593863316944
5,101,RJ,250,255,5,60,244597559.49999994,5,8,2017;2018;2019;2020;2022;2023;2024;2025,24.530089393635183
5,101,RJ,255,260,5,84,244597559.49999994,5,8,2017;2018;2019;2020;2022;2023;2024;2025,34.34212515108926
5,101,RJ,260,265,5,220,394701670.59999996,5,8,2017;2018;2019;2020;2022;2023;2024;2025,55.73829967974805
5,101,RJ,265,270,5,171,494771077.9999999,5,7,2017;2018;2019;2020;2022;2024;2025,34.56143812836207
5,101,RJ,270,275,5,132,334819737.75,5,5,2017;2018;2019;2020;2022,39.42419908905146
5,101,RJ,275,280,5,137,334819737.75,5,5,2017;2018;2019;2020;2022,40.91753996363675
5,101,RJ,280,285,5,155,322515164.35,5,5,2017;2018;2019;2020;2022,48.05975567455514
5,101,RJ,285,290,5,105,307447734.4,5,5,2017;2018;2019;2020;2022,34.152146284282395
5,101,RJ,290,295,5,161,332053902.8,5,5,2017;2018;2019;2020;2022,48.48610380495127
5,101,RJ,295,300,5,417,445118397.90000004,5,6,2017;2018;2019;2020;2022;2023,93.68293963299242
5,101,RJ,300,305,5,232,568254046.0000001,5,6,2017;2018;2019;2020;2022;2023,40.82681005671184
5,101,RJ,305,310,5,349,568254046.0000001,5,6,2017;2018;2019;2020;2022;2023,61.416192714622554
5,101,RJ,310,315,5,404,568254046.0000001,5,6,2017;2018;2019;2020;2022;2023,71.09496234013615
5,101,RJ,315,320,5,426,568254046.0000001,5,6,2017;2018;2019;2020;2022;2023,74.96647019034158
5,101,RJ,320,325,5,862,1336283330.2999997,5,8,2017;2018;2019;2020;2022;2023;2024;2025,64.50727779463344
5,101,RJ,325,330,5,493,1967667586.5000002,5,8,2017;2018;2019;2020;2022;2023;2024;2025,25.0550450382184
5,101,RJ,330,335,5,472,1787049187.0500002,5,8,2017;2018;2019;2020;2022;2023;2024;2025,26.41225565700077
5,101,RJ,345,350,3,0,35173480.5,3,1,2017,0.0
5,101,RJ,350,355,5,0,35694065.4,5,1,2017,0.0
5,101,RJ,355,360,5,0,35949780.75,5,1,2017,0.0
5,101,RJ,360,365,5,0,28759824.599999998,4,1,2017,0.0
5,101,RJ,365,370,5,0,35949780.75,5,1,2017,0.0
5,101,RJ,370,375,5,0,35949780.75,5,1,2017,0.0
5,101,RJ,375,380,5,0,35949780.75,5,1,2017,0.0
5,101,RJ,380,385,5,0,39273295.550000004,5,1,2017,0.0
5,101,RJ,385,390,5,2,40104174.25,5,1,2017,4.987012044014346
5,101,RJ,390,395,5,114,258655589.25,5,5,2017;2022;2023;2024;2025,44.07405242258843
5,101,RJ,395,400,3,97,79205609.55,3,5,2017;2022;2023;2024;2025,122.46607349037187
5,101,RJ,400,405,5,97,242787378.50000003,5,5,2017;2018;2019;2020;2022,39.95265346958717
5,101,RJ,405,410,5,130,213813569.00000003,5,5,2017;2018;2019;2020;2022,60.800631413621836
5,101,RJ,410,415,5,62,219523957.5,5,4,2018;2019;2020;2022,28.242931070518807
5,101,RJ,415,420,5,207,245804395.5,4,6,2017;2018;2019;2020;2022;2023,84.21330284958228
5,101,RJ,420,425,5,98,336499340.0,5,6,2017;2018;2019;2020;2022;2023,29.12338550203397
5,101,RJ,425,430,5,97,336499340.0,5,6,2017;2018;2019;2020;2022;2023,28.82620809895199
5,101,RJ,430,435,5,163,244706161.59999996,5,8,2017;2018;2019;2020;2022;2023;2024;2025,66.61050091024762
5,101,RJ,435,440,5,68,107016394.0,5,7,2017;2018;2019;2020;2022;2024;2025,63.541666335720485
5,101,RJ,440,445,5,53,107016394.0,5,7,2017;2018;2019;2020;2022;2024;2025,49.525122291076265
5,101,RJ,445,450,5,50,107016394.0,5,7,2017;2018;2019;2020;2022;2024;2025,46.72181348214742
5,101,RJ,450,455,5,41,107016394.0,5,7,2017;2018;2019;2020;2022;2024;2025,38.31188705536088
5,101,RJ,455,460,5,52,107016394.0,5,7,2017;2018;2019;2020;2022;2024;2025,48.59068602143331
5,101,RJ,460,465,5,53,107016394.0,5,7,2017;2018;2019;2020;2022;2024;2025,49.525122291076265
5,101,RJ,465,470,5,74,107016394.0,5,7,2017;2018;2019;2020;2022;2024;2025,69.14828395357817
5,101,RJ,470,475,5,170,107016394.0,5,7,2017;2018;2019;2020;2022;2024;2025,158.8541658393012
5,101,RJ,475,480,5,198,107016394.0,5,7,2017;2018;2019;2020;2022;2024;2025,185.01838138930378
5,101,RJ,480,485,5,255,86816742.85,5,7,2017;2018;2019;2020;2022;2024;2025,293.72214578538524
5,101,RJ,485,490,5,133,73350308.75,5,5,2017;2018;2019;2020;2022,181.32166348924878
5,101,RJ,490,495,5,51,73350308.75,5,5,2017;2018;2019;2020;2022,69.52935968384728
5,101,RJ,495,500,5,36,51065613.35000001,5,5,2017;2018;2019;2020;2022,70.49753765466129
5,101,RJ,500,505,5,54,45494439.50000001,5,5,2017;2018;2019;2020;2022,118.69582435453455
5,101,RJ,505,510,5,51,45494439.50000001,5,5,2017;2018;2019;2020;2022,112.10161189039374
5,101,RJ,510,515,5,49,45494439.50000001,5,5,2017;2018;2019;2020;2022,107.70547024763322
5,101,RJ,515,520,5,19,45494439.50000001,5,5,2017;2018;2019;2020;2022,41.76334560622512
5,101,RJ,520,525,5,44,45494439.50000001,5,5,2017;2018;2019;2020;2022,96.71511614073187
5,101,RJ,525,530,5,82,51334439.50000001,5,8,2017;2018;2019;2020;2022;2023;2024;2025,159.73681761929043
5,101,RJ,530,535,5,96,74694439.50000001,5,8,2017;2018;2019;2020;2022;2023;2024;2025,128.52362323436404
5,101,RJ,535,540,5,45,74694439.50000001,5,8,2017;2018;2019;2020;2022;2023;2024;2025,60.245448391108134
5,101,RJ,540,545,5,65,74694439.50000001,5,8,2017;2018;2019;2020;2022;2023;2024;2025,87.02120323160065
5,101,RJ,545,550,5,27,74694439.50000001,5,8,2017;2018;2019;2020;2022;2023;2024;2025,36.14726903466488
5,101,RJ,550,555,5,28,74694439.50000001,5,8,2017;2018;2019;2020;2022;2023;2024;2025,37.48605677668951
5,101,RJ,555,560,5,44,74694439.50000001,5,8,2017;2018;2019;2020;2022;2023;2024;2025,58.90666064908351
5,101,RJ,560,565,5,44,74694439.50000001,5,8,2017;2018;2019;2020;2022;2023;2024;2025,58.90666064908351
5,101,RJ,565,570,5,48,74694439.50000001,5,8,2017;2018;2019;2020;2022;2023;2024;2025,64.26181161718202
5,101,RJ,570,575,5,90,74694439.50000001,5,8,2017;2018;2019;2020;2022;2023;2024;2025,120.49089678221627
5,101,RJ,575,580,5,90,35373142.8,4,8,2017;2018;2019;2020;2022;2023;2024;2025,254.43031881238443
5,101,RJ,580,585,5,35,44216428.5,5,8,2017;2018;2019;2020;2022;2023;2024;2025,79.15609918607515
5,101,RJ,585,590,5,19,44216428.5,5,8,2017;2018;2019;2020;2022;2023;2024;2025,42.970453843869365
5,101,RJ,590,595,5,29,44216428.5,5,8,2017;2018;2019;2020;2022;2023;2024;2025,65.58648218274799
5,101,RJ,595,600,4,26,35373142.8,4,8,2017;2018;2019;2020;2022;2023;2024;2025,73.5020921013555
5,101,RN,0,5,5,9,25839087.3,3,8,2017;2018;2019;2020;2022;2023;2024;2025,34.830951633496746
5,101,RN,5,10,5,13,40763762.099999994,5,8,2017;2018;2019;2020;2022;2023;2024;2025,31.8910702307332
5,101,RN,10,15,5,6,40188416.25,5,8,2017;2018;2019;2020;2022;2023;2024;2025,14.92967516479329
5,101,RN,15,20,5,8,40685546.25,5,8,2017;2018;2019;2020;2022;2023;2024;2025,19.66300255831025
5,101,RN,20,25,5,6,40259135.00000001,5,8,2017;2018;2019;2020;2022;2023;2024;2025,14.903449862993824
5,101,RN,25,30,5,16,40259135.00000001,5,8,2017;2018;2019;2020;2022;2023;2024;2025,39.742532967983536
5,101,RN,30,35,5,13,40370460.00000001,5,8,2017;2018;2019;2020;2022;2023;2024;2025,32.201763368562055
5,101,RN,35,40,5,10,40370460.00000001,5,8,2017;2018;2019;2020;2022;2023;2024;2025,24.7705872065862
5,101,RN,40,45,5,12,32296368.0,4,8,2017;2018;2019;2020;2022;2023;2024;2025,37.15588080987931
5,101,RN,45,50,5,7,40337610.00000001,5,8,2017;2018;2019;2020;2022;2023;2024;2025,17.353531852779575
5,101,RN,50,55,5,17,37817650.0,5,8,2017;2018;2019;2020;2022;2023;2024;2025,44.95255522223089
5,101,RN,55,60,5,22,52733389.60000002,5,8,2017;2018;2019;2020;2022;2023;2024;2025,41.71929808964906
5,101,RN,60,65,5,12,76051984.00000001,5,8,2017;2018;2019;2020;2022;2023;2024;2025,15.778681066361132
5,101,RN,65,70,5,74,92060778.14999999,5,8,2017;2018;2019;2020;2022;2023;2024;2025,80.38167989350198
5,101,RN,70,75,5,145,79285413.15,5,8,2017;2018;2019;2020;2022;2023;2024;2025,182.8835774944814
5,101,RN,75,80,5,29,15148850.5,5,1,2017,191.4336668646905
5,101,RN,80,85,5,76,10957073.700000001,3,1,2017,693.6158511008281
5,101,RN,85,90,5,29,15348242.7,5,1,2017,188.9467124467611
5,101,RN,90,95,3,0,8772296.85,3,1,2017,0.0
5,101,RN,95,100,4,59,11696395.799999999,4,1,2017,504.428894241079
5,101,RN,100,105,5,65,22354786.349999998,5,1,2017,290.76547179794454
5,101,RN,105,110,5,611,130128818.15,5,8,2017;2018;2019;2020;2022;2023;2024;2025,469.5347338786231
5,101,RN,110,115,5,169,437476279.75,5,8,2017;2018;2019;2020;2022;2023;2024;2025,38.63066589497759
5,101,RN,115,120,5,112,348337352.15,5,8,2017;2018;2019;2020;2022;2023;2024;2025,32.15273909292705
5,101,RN,120,125,5,111,326052620.24999994,5,8,2017;2018;2019;2020;2022;2023;2024;2025,34.04358471797928
5,101,RN,125,130,5,111,237742750.0,5,8,2017;2018;2019;2020;2022;2023;2024;2025,46.689120909049805
5,101,RN,130,135,5,33,266459745.5,5,8,2017;2018;2019;2020;2022;2023;2024;2025,12.384609892228545
5,101,RN,135,140,5,56,266459745.5,5,8,2017;2018;2019;2020;2022;2023;2024;2025,21.01630769590298
5,101,RN,140,145,5,45,142179910.0,5,8,2017;2018;2019;2020;2022;2023;2024;2025,31.65004113450346
5,101,RN,145,150,5,102,144693811.0,5,8,2017;2018;2019;2020;2022;2023;2024;2025,70.49368545555829
5,101,RN,150,155,5,50,159503576.5,5,8,2017;2018;2019;2020;2022;2023;2024;2025,31.347259476655058
5,101,RN,155,160,5,53,159503576.5,5,8,2017;2018;2019;2020;2022;2023;2024;2025,33.22809504525436
5,101,RN,160,165,5,50,156881474.9,5,8,2017;2018;2019;2020;2022;2023;2024;2025,31.87119450009709
5,101,RN,165,170,5,33,149686562.04999998,5,8,2017;2018;2019;2020;2022;2023;2024;2025,22.04606716064263
5,101,RN,170,175,5,17,152162587.0,5,8,2017;2018;2019;2020;2022;2023;2024;2025,11.172260103595637
5,101,RN,175,180,2,23,57768440.50000001,2,8,2017;2018;2019;2020;2022;2023;2024;2025,39.814126538520625
5,101,RS,0,5,5,0,0.0,0,0,,
5,101,RS,5,10,5,0,0.0,0,0,,
5,101,RS,10,15,5,0,0.0,0,0,,
5,101,RS,15,20,5,55,39652289.650000006,1,6,2017;2018;2019;2020;2022;2023,138.7057354959072
5,101,RS,20,25,5,91,181541827.54999998,5,8,2017;2018;2019;2020;2022;2023;2024;2025,50.126189224869904
5,101,RS,25,30,5,40,281578866.75,5,8,2017;2018;2019;2020;2022;2023;2024;2025,14.205611543821586
5,101,RS,30,35,5,55,281578866.75,5,8,2017;2018;2019;2020;2022;2023;2024;2025,19.53271587275468
5,101,RS,35,40,5,69,281578866.75,5,8,2017;2018;2019;2020;2022;2023;2024;2025,24.504679913092236
5,101,RS,40,45,5,48,284646443.54999995,5,8,2017;2018;2019;2020;2022;2023;2024;2025,16.863024670662536
5,101,RS,45,50,5,66,282448150.75,5,8,2017;2018;2019;2020;2022;2023;2024;2025,23.367120593548442
5,101,RS,50,55,5,60,282448150.75,5,8,2017;2018;2019;2020;2022;2023;2024;2025,21.242836903225857
5,101,RS,55,60,5,39,282448150.75,5,8,2017;2018;2019;2020;2022;2023;2024;2025,13.807843987096806
5,101,RS,60,65,5,48,225904559.00000003,4,8,2017;2018;2019;2020;2022;2023;2024;2025,21.24791115880047
5,101,RS,65,70,4,26,231540575.1,4,8,2017;2018;2019;2020;2022;2023;2024;2025,11.229133377063985
5,101,RS,70,75,4,25,124045396.0,4,5,2017;2018;2019;2020;2022,20.153912040395277
5,101,RS,75,80,5,41,155056745.0,5,5,2017;2018;2019;2020;2022,26.4419325969986
5,101,RS,80,85,5,42,155056745.0,5,5,2017;2018;2019;2020;2022,27.086857782291247
5,101,RS,85,90,5,55,183338204.25,5,5,2017;2018;2019;2020;2022,29.9992029620853
5,101,RS,90,95,3,0,177878424.75,3,5,2017;2018;2019;2020;2022,0.0
5,101,RS,370,375,5,0,15290488.750000004,5,8,2017;2018;2019;2020;2022;2023;2024;2025,0.0
5,101,RS,375,380,5,1,15290488.750000004,5,8,2017;2018;2019;2020;2022;2023;2024;2025,6.540013313832102
5,101,RS,380,385,5,1,15290488.750000004,5,8,2017;2018;2019;2020;2022;2023;2024;2025,6.540013313832102
5,101,RS,385,390,5,0,15290488.750000004,5,8,2017;2018;2019;2020;2022;2023;2024;2025,0.0
5,101,RS,390,395,5,1,15290488.750000004,5,8,2017;2018;2019;2020;2022;2023;2024;2025,6.540013313832102
5,101,RS,395,400,5,0,15290488.750000004,5,8,2017;2018;2019;2020;2022;2023;2024;2025,0.0
5,101,RS,400,405,5,0,15290488.750000004,5,8,2017;2018;2019;2020;2022;2023;2024;2025,0.0
5,101,SC,5,10,4,63,239331941.74999997,4,5,2017;2018;2019;2020;2022,26.32327283159228
5,101,SC,10,15,5,109,333287832.74999994,5,5,2017;2018;2019;2020;2022,32.70446421659838
5,101,SC,15,20,5,108,434722062.75,5,7,2017;2018;2019;2020;2022;2024;2025,24.84345959273492
5,101,SC,20,25,5,123,333287832.74999994,5,5,2017;2018;2019;2020;2022,36.905037602216524
5,101,SC,25,30,5,168,331033775.24999994,5,5,2017;2018;2019;2020;2022,50.750108466462294
5,101,SC,30,35,5,156,329531070.24999994,5,5,2017;2018;2019;2020;2022,47.33999737313086
5,101,SC,35,40,5,255,300839106.45000005,5,5,2017;2018;2019;2020;2022,84.76291630070422
5,101,SC,40,45,5,378,257801160.75000003,5,5,2017;2018;2019;2020;2022,146.62463074266822
5,101,SC,45,50,5,212,257801160.75000003,5,5,2017;2018;2019;2020;2022,82.23391988742237
5,101,SC,50,55,5,120,257801160.75000003,5,5,2017;2018;2019;2020;2022,46.54750182306927
5,101,SC,55,60,5,301,484728249.0,5,8,2017;2018;2019;2020;2022;2023;2024;2025,62.096649126797644
5,101,SC,60,65,5,159,636012974.5,5,8,2017;2018;2019;2020;2022;2023;2024;2025,24.999490006473128
5,101,SC,65,70,5,130,636012974.5,5,8,2017;2018;2019;2020;2022;2023;2024;2025,20.439834596487465
5,101,SC,70,75,5,163,636012974.5,5,8,2017;2018;2019;2020;2022;2023;2024;2025,25.62840799405736
5,101,SC,75,80,5,167,636262999.5,5,8,2017;2018;2019;2020;2022;2023;2024;2025,26.247007940306922
5,101,SC,80,85,5,189,531123077.8000001,5,8,2017;2018;2019;2020;2022;2023;2024;2025,35.584972278528994
5,101,SC,85,90,5,401,448737329.1000001,4,8,2017;2018;2019;2020;2022;2023;2024;2025,89.36185469665664
5,101,SC,90,95,5,270,748430127.5000001,5,8,2017;2018;2019;2020;2022;2023;2024;2025,36.07551193882156
5,101,SC,95,100,5,283,748430127.5000001,5,8,2017;2018;2019;2020;2022;2023;2024;2025,37.81248103217223
5,101,SC,100,105,5,338,748430127.5000001,5,8,2017;2018;2019;2020;2022;2023;2024;2025,45.16119642711737
5,101,SC,105,110,5,251,491157815.25000006,5,6,2017;2018;2019;2020;2022;2023,51.10373737456272
5,101,SC,110,115,5,467,191149905.05,5,6,2017;2018;2019;2020;2022;2023,244.31087207594715
5,101,SC,115,120,5,248,120429563.65000002,5,2,2017;2018,205.92950143102172
5,101,SC,120,125,5,814,348253905.85,5,7,2017;2018;2019;2020;2022;2024;2025,233.73750769951343
5,101,SC,125,130,5,359,309938618.50000006,5,5,2017;2018;2019;2020;2022,115.82938639187357
5,101,SC,130,135,5,1128,490385508.09999996,5,8,2017;2018;2019;2020;2022;2023;2024;2025,230.02311066867352
5,101,SC,135,140,5,945,761055842.5,5,7,2018;2019;2020;2022;2023;2024;2025,124.16960060325665
5,101,SC,140,145,5,483,761055842.5,5,7,2018;2019;2020;2022;2023;2024;2025,63.464462530553405
5,101,SC,145,150,5,759,699464709.5500001,5,7,2018;2019;2020;2022;2023;2024;2025,108.5115502808286
5,101,SC,150,155,5,407,658403954.25,5,6,2018;2019;2020;2022;2024;2025,61.81615365047756
5,101,SC,155,160,5,316,594597227.5,5,6,2017;2018;2019;2020;2022;2023,53.14521921480033
5,101,SC,160,165,5,275,635128466.35,5,8,2017;2018;2019;2020;2022;2023;2024;2025,43.29832696373836
5,101,SC,165,170,5,147,797253421.7499999,5,8,2017;2018;2019;2020;2022;2023;2024;2025,18.438302801802934
5,101,SC,170,175,5,113,797253421.7499999,5,8,2017;2018;2019;2020;2022;2023;2024;2025,14.17366133744035
5,101,SC,175,180,5,135,612973681.7499999,5,8,2017;2018;2019;2020;2022;2023;2024;2025,22.023784057838146
5,101,SC,180,185,5,110,339677541.0,5,5,2017;2018;2019;2020;2022,32.383654119775905
5,101,SC,185,190,5,199,339736342.5,5,5,2017;2018;2019;2020;2022,58.574834395292875
5,101,SC,190,195,5,469,325513226.90000004,5,5,2017;2018;2019;2020;2022,144.08016671595348
5,101,SC,195,200,5,512,304178553.5,5,4,2017;2019;2020;2022,168.32218909213796
5,101,SC,200,205,3,485,182507132.1,3,4,2017;2019;2020;2022,265.7430394195537
5,101,SC,205,210,5,1362,300898846.0,5,4,2017;2019;2020;2022,452.64380974063295
5,101,SC,210,215,5,1194,287114694.0,5,4,2017;2019;2020;2022,415.8616834845799
5,101,SC,215,220,5,738,152098368.9,3,5,2017;2018;2019;2020;2022,485.2123039433857
5,101,SC,220,225,5,180,253497281.49999997,5,5,2017;2018;2019;2020;2022,71.00667862586133
5,101,SC,225,230,5,154,253497281.49999997,5,5,2017;2018;2019;2020;2022,60.750158379903574
5,101,SC,230,235,5,276,375658766.49999994,5,8,2017;2018;2019;2020;2022;2023;2024;2025,73.47093282861005
5,101,SC,245,250,5,72,295742637.0,5,7,2017;2018;2019;2020;2022;2024;2025,24.34549198937453
5,101,SC,250,255,5,108,295742637.0,5,7,2017;2018;2019;2020;2022;2024;2025,36.5182379840618
5,101,SC,255,260,5,125,295742637.0,5,7,2017;2018;2019;2020;2022;2024;2025,42.26647914821967
5,101,SC,260,265,5,123,295742637.0,5,7,2017;2018;2019;2020;2022;2024;2025,41.590215481848155
5,101,SC,265,270,5,92,295742637.0,5,7,2017;2018;2019;2020;2022;2024;2025,31.108128653089683
5,101,SC,270,275,3,86,208620407.4,3,8,2017;2018;2019;2020;2022;2023;2024;2025,41.22319626914888
5,101,SC,275,280,5,193,451616762.9999999,5,7,2018;2019;2020;2022;2023;2024;2025,42.73534904194866
5,101,SC,280,285,5,201,349994773.34999996,5,7,2018;2019;2020;2022;2023;2024;2025,57.429429038643676
5,101,SC,285,290,5,79,183509371.0,5,4,2018;2019;2020;2022,43.04957265642854
5,101,SC,290,295,5,46,183509371.0,5,4,2018;2019;2020;2022,25.066839774629273
5,101,SC,295,300,5,102,255949461.0,5,7,2018;2019;2020;2022;2023;2024;2025,39.851617425363514
5,101,SC,300,305,5,78,390087855.24999994,5,8,2017;2018;2019;2020;2022;2023;2024;2025,19.995495617265828
5,101,SC,305,310,5,167,390087855.24999994,5,8,2017;2018;2019;2020;2022;2023;2024;2025,42.81086882158196
5,101,SC,310,315,4,138,276529650.2,4,8,2017;2018;2019;2020;2022;2023;2024;2025,49.904232656495076
5,101,SC,315,320,5,142,254226796.05000007,5,6,2017;2018;2019;2020;2022;2023,55.85563843241455
5,101,SC,320,325,5,143,246459147.10000005,5,6,2017;2018;2019;2020;2022;2023,58.02178644316179
5,101,SC,325,330,5,299,232560753.75000006,5,6,2017;2018;2019;2020;2022;2023,128.56855474480503
5,101,SC,330,335,5,265,177575857.99999997,5,4,2018;2019;2020;2022,149.23199751623898
5,101,SC,335,340,5,376,348335143.9,5,8,2017;2018;2019;2020;2022;2023;2024;2025,107.94202267111528
5,101,SC,340,345,5,196,487585669.75,5,8,2017;2018;2019;2020;2022;2023;2024;2025,40.19806408594722
5,101,SC,345,350,5,147,352867034.99999994,5,8,2017;2018;2019;2020;2022;2023;2024;2025,41.65875114970714
5,101,SC,350,355,5,167,445844058.04999995,5,8,2017;2018;2019;2020;2022;2023;2024;2025,37.457042879614086
5,101,SC,355,360,5,226,402763692.04999995,5,8,2017;2018;2019;2020;2022;2023;2024;2025,56.11230715700756
5,101,SC,360,365,5,163,348735563.49999994,5,8,2017;2018;2019;2020;2022;2023;2024;2025,46.74028606778443
5,101,SC,365,370,5,152,288536843.49999994,5,8,2017;2018;2019;2020;2022;2023;2024;2025,52.679580935389296
5,101,SC,370,375,5,89,168419285.49999997,5,5,2017;2018;2019;2020;2022,52.84430446060764
5,101,SC,375,380,5,85,168419285.49999997,5,5,2017;2018;2019;2020;2022,50.46927954102977
5,101,SC,380,385,5,91,193678672.49999994,5,5,2017;2018;2019;2020;2022,46.98503909871647
5,101,SC,385,390,5,64,195921247.09999993,5,5,2017;2018;2019;2020;2022,32.666186514897916
5,101,SC,390,395,5,60,199987022.24999997,5,5,2017;2018;2019;2020;2022,30.001946788824696
5,101,SC,395,400,5,73,199987022.24999997,5,5,2017;2018;2019;2020;2022,36.502368593070045
5,101,SC,400,405,5,181,384314482.34999996,5,8,2017;2018;2019;2020;2022;2023;2024;2025,47.09684602391878
5,101,SC,405,410,2,61,153620842.3,2,8,2017;2018;2019;2020;2022;2023;2024;2025,39.70815358561538
5,101,SC,415,420,3,94,128073313.34999998,3,5,2017;2018;2019;2020;2022,73.39546197506104
5,101,SC,420,425,5,74,213455522.24999994,5,5,2017;2018;2019;2020;2022,34.66764374141181
5,101,SC,425,430,5,39,187798898.45000002,5,5,2017;2018;2019;2020;2022,20.766894972168032
5,101,SC,430,435,4,59,145107794.00000003,4,5,2017;2018;2019;2020;2022,40.65942867272862
5,101,SC,435,440,5,157,300865054.3,5,8,2017;2018;2019;2020;2022;2023;2024;2025,52.18286329905613
5,101,SC,440,445,5,106,291984195.5,5,8,2017;2018;2019;2020;2022;2023;2024;2025,36.30333478100872
5,101,SC,445,450,5,69,291984195.5,5,8,2017;2018;2019;2020;2022;2023;2024;2025,23.631416036694358
5,101,SC,450,455,5,51,291984195.5,5,8,2017;2018;2019;2020;2022;2023;2024;2025,17.466698809730612
5,101,SC,455,460,5,62,293456211.3000001,5,8,2017;2018;2019;2020;2022;2023;2024;2025,21.12751327543633
5,101,SC,460,465,3,36,180342426.6,3,8,2017;2018;2019;2020;2022;2023;2024;2025,19.962024842799803
5,101,SE,0,5,5,31,33792148.95,5,5,2017;2022;2023;2024;2025,91.73728502993
5,101,SE,5,10,5,30,44085685.5,5,5,2017;2022;2023;2024;2025,68.04929913134728
5,101,SE,10,15,5,35,72133435.25,5,8,2017;2018;2019;2020;2022;2023;2024;2025,48.52118837637086
5,101,SE,15,20,5,55,72524583.85,5,8,2017;2018;2019;2020;2022;2023;2024;2025,75.8363537993607
5,101,SE,20,25,5,59,77858679.25,5,8,2017;2018;2019;2020;2022;2023;2024;2025,75.778321143304
5,101,SE,25,30,5,40,84218475.75,5,8,2017;2018;2019;2020;2022;2023;2024;2025,47.49551644551107
5,101,SE,30,35,5,41,88501447.80000001,5,8,2017;2018;2019;2020;2022;2023;2024;2025,46.3269257387222
5,101,SE,35,40,5,45,105633336.0,5,8,2017;2018;2019;2020;2022;2023;2024;2025,42.600188258751956
5,101,SE,40,45,5,40,105674946.0,5,8,2017;2018;2019;2020;2022;2023;2024;2025,37.85192376630124
5,101,SE,45,50,5,66,121870178.49999997,5,8,2017;2018;2019;2020;2022;2023;2024;2025,54.1559886203006
5,101,SE,50,55,5,71,135913225.00000003,5,8,2017;2018;2019;2020;2022;2023;2024;2025,52.239213660039326
5,101,SE,55,60,5,74,146745333.65000004,5,8,2017;2018;2019;2020;2022;2023;2024;2025,50.427497869537866
5,101,SE,60,65,5,51,142394920.55,5,8,2017;2018;2019;2020;2022;2023;2024;2025,35.815884304729856
5,101,SE,65,70,5,80,108481978.50000001,4,8,2017;2018;2019;2020;2022;2023;2024;2025,73.74496769525639
5,101,SE,70,75,5,104,168932749.25000003,5,8,2017;2018;2019;2020;2022;2023;2024;2025,61.56295949821582
5,101,SE,75,80,5,76,187110106.95,5,8,2017;2018;2019;2020;2022;2023;2024;2025,40.61779517891511
5,101,SE,80,85,5,78,166354546.20000002,4,8,2017;2018;2019;2020;2022;2023;2024;2025,46.88780786683424
5,101,SE,85,90,5,185,188512962.55,5,8,2017;2018;2019;2020;2022;2023;2024;2025,98.13648753779027
5,101,SE,90,95,5,59,24359822.599999998,4,1,2017,242.20209222705915
5,101,SE,95,100,5,58,72369937.0,5,3,2017;2024;2025,80.1437757227839
5,101,SE,100,105,5,106,148591507.29999995,5,8,2017;2018;2019;2020;2022;2023;2024;2025,71.33651305251954
5,101,SE,105,110,5,66,269384727.75,5,8,2017;2018;2019;2020;2022;2023;2024;2025,24.500275331588465
5,101,SE,110,115,5,63,242622318.2,4,8,2017;2018;2019;2020;2022;2023;2024;2025,25.96628392119617
5,101,SE,115,120,5,82,208809784.0,5,8,2017;2018;2019;2020;2022;2023;2024;2025,39.270190519425086
5,101,SE,120,125,5,49,187524287.04999998,5,8,2017;2018;2019;2020;2022;2023;2024;2025,26.1299486966907
5,101,SE,125,130,5,29,146957559.25,5,7,2017;2018;2019;2020;2022;2024;2025,19.733588491808053
5,101,SE,130,135,5,29,146984569.25,5,7,2017;2018;2019;2020;2022;2024;2025,19.729962232072875
5,101,SE,135,140,5,32,137060949.25,5,7,2017;2018;2019;2020;2022;2024;2025,23.347277379227695
5,101,SE,140,145,5,36,158872619.24999997,5,8,2017;2018;2019;2020;2022;2023;2024;2025,22.659662923634972
5,101,SE,145,150,4,80,80976370.55,4,8,2017;2018;2019;2020;2022;2023;2024;2025,98.79425251666828
5,101,SE,150,155,5,122,59844764.9,5,8,2017;2018;2019;2020;2022;2023;2024;2025,203.86077245663972
5,101,SE,155,160,5,57,70368204.0,5,8,2017;2018;2019;2020;2022;2023;2024;2025,81.00249368308448
5,101,SE,160,165,5,20,70368204.0,5,8,2017;2018;2019;2020;2022;2023;2024;2025,28.421927608099818
5,101,SE,165,170,5,21,69886404.0,5,8,2017;2018;2019;2020;2022;2023;2024;2025,30.048763132811928
5,101,SE,170,175,5,36,55330963.2,4,8,2017;2018;2019;2020;2022;2023;2024;2025,65.06302785634499
5,101,SE,175,180,5,19,57197744.74999999,5,8,2017;2018;2019;2020;2022;2023;2024;2025,33.21809292139967
5,101,SE,180,185,5,70,42247249.849999994,5,6,2017;2018;2019;2020;2022;2023,165.69125859916775
5,101,SE,185,190,5,38,60051077.500000015,5,7,2018;2019;2020;2022;2023;2024;2025,63.27946405291394
5,101,SE,190,195,5,29,60051077.500000015,5,7,2018;2019;2020;2022;2023;2024;2025,48.29222256669748
5,101,SE,195,200,5,67,60051077.500000015,5,7,2018;2019;2020;2022;2023;2024;2025,111.57168661961141
5,101,SE,200,205,5,33,64037260.75,5,7,2018;2019;2020;2022;2023;2024;2025,51.532497820028944
5,101,SE,205,210,1,4,12807452.15,1,7,2018;2019;2020;2022;2023;2024;2025,31.2318168606236
5,101,SP,0,5,5,10,37887328.49999999,5,7,2017;2018;2019;2020;2022;2024;2025,26.394048870455464
5,101,SP,5,10,5,7,37887328.49999999,5,7,2017;2018;2019;2020;2022;2024;2025,18.475834209318826
5,101,SP,10,15,5,13,37887328.49999999,5,7,2017;2018;2019;2020;2022;2024;2025,34.3122635315921
5,101,SP,15,20,5,38,37887328.49999999,5,7,2017;2018;2019;2020;2022;2024;2025,100.29738570773077
5,101,SP,20,25,5,23,37887328.49999999,5,7,2017;2018;2019;2020;2022;2024;2025,60.706312402047566
5,101,SP,25,30,5,31,37887328.49999999,5,7,2017;2018;2019;2020;2022;2024;2025,81.82155149841194
5,101,SP,30,35,5,40,37887328.49999999,5,7,2017;2018;2019;2020;2022;2024;2025,105.57619548182186
5,101,SP,35,40,5,90,37887328.49999999,5,7,2017;2018;2019;2020;2022;2024;2025,237.5464398340992
5,101,SP,40,45,5,199,37887328.49999999,5,7,2017;2018;2019;2020;2022;2024;2025,525.2415725220637
5,101,SP,45,50,5,512,40132662.5,4,7,2017;2018;2019;2020;2022;2024;2025,1275.7688329300356
5,101,SP,50,55,2,150,24977731.1,2,5,2017;2018;2019;2020;2022,600.5349300921891
5,116,BA,0,5,5,22,11929660.0,4,2,2024;2025,184.41430853855013
5,116,BA,5,10,5,0,0.0,0,0,,
5,116,BA,10,15,5,0,0.0,0,0,,
5,116,BA,15,20,5,0,0.0,0,0,,
5,116,BA,20,25,5,0,0.0,0,0,,
5,116,BA,25,30,5,0,0.0,0,0,,
5,116,BA,30,35,5,6,52500559.74999999,5,8,2017;2018;2019;2020;2022;2023;2024;2025,11.428449579530437
5,116,BA,35,40,5,3,52500559.74999999,5,8,2017;2018;2019;2020;2022;2023;2024;2025,5.714224789765218
5,116,BA,40,45,5,6,52500559.74999999,5,8,2017;2018;2019;2020;2022;2023;2024;2025,11.428449579530437
5,116,BA,45,50,5,8,33392313.35,4,8,2017;2018;2019;2020;2022;2023;2024;2025,23.957609393959522
5,116,BA,50,55,5,9,38153669.0,5,8,2017;2018;2019;2020;2022;2023;2024;2025,23.588819203731102
5,116,BA,55,60,5,4,38153669.0,5,8,2017;2018;2019;2020;2022;2023;2024;2025,10.483919646102711
5,116,BA,60,65,5,7,38153669.0,5,8,2017;2018;2019;2020;2022;2023;2024;2025,18.346859380679746
5,116,BA,65,70,5,1,38153669.0,5,8,2017;2018;2019;2020;2022;2023;2024;2025,2.6209799115256778
5,116,BA,70,75,5,2,35190748.65,5,8,2017;2018;2019;2020;2022;2023;2024;2025,5.683311883732829
5,116,BA,75,80,5,1,23339067.250000004,5,8,2017;2018;2019;2020;2022;2023;2024;2025,4.284661376088197
5,116,BA,80,85,5,4,23339067.250000004,5,8,2017;2018;2019;2020;2022;2023;2024;2025,17.138645504352787
5,116,BA,85,90,5,2,23340162.250000004,5,8,2017;2018;2019;2020;2022;2023;2024;2025,8.56892072376232
5,116,BA,90,95,5,3,23340892.250000004,5,8,2017;2018;2019;2020;2022;2023;2024;2025,12.852979088663584
5,116,BA,95,100,5,1,23340892.250000004,5,8,2017;2018;2019;2020;2022;2023;2024;2025,4.284326362887862
5,116,BA,100,105,5,0,23340892.250000004,5,8,2017;2018;2019;2020;2022;2023;2024;2025,0.0
5,116,BA,105,110,5,1,23340892.250000004,5,8,2017;2018;2019;2020;2022;2023;2024;2025,4.284326362887862
5,116,BA,110,115,5,2,23340892.250000004,5,8,2017;2018;2019;2020;2022;2023;2024;2025,8.568652725775724
5,116,BA,115,120,5,3,23340892.250000004,5,8,2017;2018;2019;2020;2022;2023;2024;2025,12.852979088663584
5,116,BA,120,125,5,0,23340892.250000004,5,8,2017;2018;2019;2020;2022;2023;2024;2025,0.0
5,116,BA,125,130,5,3,23340892.250000004,5,8,2017;2018;2019;2020;2022;2023;2024;2025,12.852979088663584
5,116,BA,130,135,5,7,23340892.250000004,5,8,2017;2018;2019;2020;2022;2023;2024;2025,29.990284540215036
5,116,BA,135,140,5,8,23340892.250000004,5,8,2017;2018;2019;2020;2022;2023;2024;2025,34.2746109031029
5,116,BA,140,145,5,6,23340892.250000004,5,8,2017;2018;2019;2020;2022;2023;2024;2025,25.70595817732717
5,116,BA,145,150,5,5,23340892.250000004,5,8,2017;2018;2019;2020;2022;2023;2024;2025,21.421631814439312
5,116,BA,150,155,5,6,23340892.250000004,5,8,2017;2018;2019;2020;2022;2023;2024;2025,25.70595817732717
5,116,BA,155,160,5,4,22914900.749999996,5,8,2017;2018;2019;2020;2022;2023;2024;2025,17.455890573735086
5,116,BA,160,165,5,10,22914900.749999996,5,8,2017;2018;2019;2020;2022;2023;2024;2025,43.63972643433772
5,116,BA,165,170,5,6,22914900.749999996,5,8,2017;2018;2019;2020;2022;2023;2024;2025,26.183835860602628
5,116,BA,170,175,5,6,22914900.749999996,5,8,2017;2018;2019;2020;2022;2023;2024;2025,26.183835860602628
5,116,BA,175,180,5,1,22914900.749999996,5,8,2017;2018;2019;2020;2022;2023;2024;2025,4.363972643433772
5,116,BA,180,185,5,4,22914900.749999996,5,8,2017;2018;2019;2020;2022;2023;2024;2025,17.455890573735086
5,116,BA,185,190,5,6,22914900.749999996,5,8,2017;2018;2019;2020;2022;2023;2024;2025,26.183835860602628
5,116,BA,190,195,5,8,22914900.749999996,5,8,2017;2018;2019;2020;2022;2023;2024;2025,34.91178114747017
5,116,BA,195,200,5,4,22914900.749999996,5,8,2017;2018;2019;2020;2022;2023;2024;2025,17.455890573735086
5,116,BA,200,205,5,7,22914900.749999996,5,8,2017;2018;2019;2020;2022;2023;2024;2025,30.547808504036404
5,116,BA,210,215,5,8,26715591.0,5,5,2017;2018;2019;2020;2022,29.945060919670464
5,116,BA,215,220,5,18,30292638.45,4,8,2017;2018;2019;2020;2022;2023;2024;2025,59.42037709825174
5,116,BA,220,225,5,11,41582533.75,5,8,2017;2018;2019;2020;2022;2023;2024;2025,26.453414469963608
5,116,BA,225,230,5,10,41582533.75,5,8,2017;2018;2019;2020;2022;2023;2024;2025,24.048558609057824
5,116,BA,230,235,5,11,40659061.85,5,8,2017;2018;2019;2020;2022;2023;2024;2025,27.05423957045876
5,116,BA,235,240,5,7,36965174.25,5,7,2018;2019;2020;2022;2023;2024;2025,18.93674287224549
5,116,BA,240,245,5,10,36965174.25,5,7,2018;2019;2020;2022;2023;2024;2025,27.052489817493555
5,116,BA,245,250,5,9,36965174.25,5,7,2018;2019;2020;2022;2023;2024;2025,24.347240835744202
5,116,BA,250,255,5,9,36965174.25,5,7,2018;2019;2020;2022;2023;2024;2025,24.347240835744202
5,116,BA,255,260,5,7,36965174.25,5,7,2018;2019;2020;2022;2023;2024;2025,18.93674287224549
5,116,BA,260,265,5,7,36965174.25,5,7,2018;2019;2020;2022;2023;2024;2025,18.93674287224549
5,116,BA,265,270,5,12,36965174.25,5,7,2018;2019;2020;2022;2023;2024;2025,32.462987780992265
5,116,BA,270,275,5,15,33399076.800000004,5,7,2018;2019;2020;2022;2023;2024;2025,44.911421024667355
5,116,BA,275,280,5,22,48475923.75,5,8,2017;2018;2019;2020;2022;2023;2024;2025,45.383353834489846
5,116,BA,280,285,5,12,68036748.25,5,8,2017;2018;2019;2020;2022;2023;2024;2025,17.637527231469353
5,116,BA,285,290,5,21,68036748.25,5,8,2017;2018;2019;2020;2022;2023;2024;2025,30.86567265507137
5,116,BA,290,295,5,9,68036748.25,5,8,2017;2018;2019;2020;2022;2023;2024;2025,13.228145423602017
5,116,BA,295,300,5,8,68036748.25,5,8,2017;2018;2019;2020;2022;2023;2024;2025,11.758351487646237
5,116,BA,300,305,5,12,68036748.25,5,8,2017;2018;2019;2020;2022;2023;2024;2025,17.637527231469353
5,116,BA,305,310,5,10,68036748.25,5,8,2017;2018;2019;2020;2022;2023;2024;2025,14.697939359557797
5,116,BA,310,315,1,1,13607349.649999999,1,8,2017;2018;2019;2020;2022;2023;2024;2025,7.348969679778899
5,116,BA,320,325,4,14,52095690.8,4,8,2017;2018;2019;2020;2022;2023;2024;2025,26.87362387370435
5,116,BA,325,330,5,15,65119613.49999999,5,8,2017;2018;2019;2020;2022;2023;2024;2025,23.034534748889445
5,116,BA,330,335,5,18,65119613.49999999,5,8,2017;2018;2019;2020;2022;2023;2024;2025,27.641441698667332
5,116,BA,335,340,5,22,65231299.849999994,5,8,2017;2018;2019;2020;2022;2023;2024;2025,33.72614074928633
5,116,BA,340,345,5,18,65678045.25,5,8,2017;2018;2019;2020;2022;2023;2024;2025,27.406418585516594
5,116,BA,345,350,5,38,62096665.25,5,8,2017;2018;2019;2020;2022;2023;2024;2025,61.194912556113465
5,116,BA,350,355,5,34,65678045.25,5,8,2017;2018;2019;2020;2022;2023;2024;2025,51.76767955042023
5,116,BA,355,360,5,50,80552488.75,5,8,2017;2018;2019;2020;2022;2023;2024;2025,62.07132861552958
5,116,BA,360,365,5,47,112152217.75000001,5,8,2017;2018;2019;2020;2022;2023;2024;2025,41.90733000462667
5,116,BA,365,370,5,38,112096405.6,5,8,2017;2018;2019;2020;2022;2023;2024;2025,33.89939204259374
5,116,BA,370,375,5,24,111873156.99999999,5,8,2017;2018;2019;2020;2022;2023;2024;2025,21.452867375504564
5,116,BA,375,380,5,29,111873156.99999999,5,8,2017;2018;2019;2020;2022;2023;2024;2025,25.922214745401348
5,116,BA,380,385,5,33,111873156.99999999,5,8,2017;2018;2019;2020;2022;2023;2024;2025,29.49769264131878
5,116,BA,385,390,5,52,115231521.99999999,5,8,2017;2018;2019;2020;2022;2023;2024;2025,45.1265409824232
5,116,BA,390,395,5,40,136213182.0,5,8,2017;2018;2019;2020;2022;2023;2024;2025,29.365733486792784
5,116,BA,395,400,5,19,136213182.0,5,8,2017;2018;2019;2020;2022;2023;2024;2025,13.948723406226572
5,116,BA,400,405,5,44,179811212.89999998,5,8,2017;2018;2019;2020;2022;2023;2024;2025,24.470109116315296
5,116,BA,405,410,5,49,299821639.75,5,8,2017;2018;2019;2020;2022;2023;2024;2025,16.343049834847687
5,116,BA,410,415,5,104,299821639.75,5,8,2017;2018;2019;2020;2022;2023;2024;2025,34.68728944539101
5,116,BA,415,420,5,198,299821639.75,5,8,2017;2018;2019;2020;2022;2023;2024;2025,66.03926259795595
5,116,BA,420,425,5,377,179892983.85,3,8,2017;2018;2019;2020;2022;2023;2024;2025,209.56904039923734
5,116,BA,425,430,5,222,32983319.9,1,6,2017;2018;2019;2020;2022;2023,673.0674797839256
5,116,BA,430,435,5,53,164916599.5,5,6,2017;2018;2019;2020;2022;2023,32.13745624193518
5,116,BA,435,440,5,62,184771230.75000003,5,8,2017;2018;2019;2020;2022;2023;2024;2025,33.5550073181509
5,116,BA,440,445,5,90,184771230.75000003,5,8,2017;2018;2019;2020;2022;2023;2024;2025,48.708881590864216
5,116,BA,445,450,5,40,184771230.75000003,5,8,2017;2018;2019;2020;2022;2023;2024;2025,21.648391818161873
5,116,BA,450,455,5,56,157018397.35,5,8,2017;2018;2019;2020;2022;2023;2024;2025,35.66461060940131
5,116,BA,455,460,5,74,161917595.25,5,8,2017;2018;2019;2020;2022;2023;2024;2025,45.70225977340162
5,116,BA,460,465,5,88,142977745.25000003,5,8,2017;2018;2019;2020;2022;2023;2024;2025,61.54804011360641
5,116,BA,465,470,5,46,157575354.5,5,8,2017;2018;2019;2020;2022;2023;2024;2025,29.192382365860393
5,116,BA,470,475,5,42,157575354.5,5,8,2017;2018;2019;2020;2022;2023;2024;2025,26.653914334046444
5,116,BA,475,480,5,29,157575354.5,5,8,2017;2018;2019;2020;2022;2023;2024;2025,18.403893230651118
5,116,BA,480,485,5,27,148582119.5,5,8,2017;2018;2019;2020;2022;2023;2024;2025,18.171769315755384
5,116,BA,485,490,5,39,157575354.5,5,8,2017;2018;2019;2020;2022;2023;2024;2025,24.750063310185983
5,116,BA,490,495,5,40,157575354.5,5,8,2017;2018;2019;2020;2022;2023;2024;2025,25.38468031813947
5,116,BA,495,500,5,37,149116362.7,5,8,2017;2018;2019;2020;2022;2023;2024;2025,24.812836988545996
5,116,BA,500,505,5,20,104459788.00000003,5,8,2017;2018;2019;2020;2022;2023;2024;2025,19.14612348246389
5,116,BA,505,510,5,40,104459788.00000003,5,8,2017;2018;2019;2020;2022;2023;2024;2025,38.29224696492778
5,116,BA,510,515,5,29,104459788.00000003,5,8,2017;2018;2019;2020;2022;2023;2024;2025,27.761879049572638
5,116,BA,515,520,5,44,104459788.00000003,5,8,2017;2018;2019;2020;2022;2023;2024;2025,42.12147166142055
5,116,BA,520,525,5,29,104459788.00000003,5,8,2017;2018;2019;2020;2022;2023;2024;2025,27.761879049572638
5,116,BA,525,530,5,32,100410003.5,5,8,2017;2018;2019;2020;2022;2023;2024;2025,31.869334612661376
5,116,BA,530,535,5,30,100410003.5,5,8,2017;2018;2019;2020;2022;2023;2024;2025,29.87750119937004
5,116,BA,535,540,5,20,100410003.5,5,8,2017;2018;2019;2020;2022;2023;2024;2025,19.918334132913362
5,116,BA,540,545,5,49,100410003.5,5,8,2017;2018;2019;2020;2022;2023;2024;2025,48.79991862563773
5,116,BA,545,550,5,49,101203374.8,5,8,2017;2018;2019;2020;2022;2023;2024;2025,48.417357718391024
5,116,BA,550,555,5,19,101732289.0,5,8,2017;2018;2019;2020;2022;2023;2024;2025,18.676469572015623
5,116,BA,555,560,5,31,101732289.0,5,8,2017;2018;2019;2020;2022;2023;2024;2025,30.4721345648676
5,116,BA,560,565,5,31,101732289.0,5,8,2017;2018;2019;2020;2022;2023;2024;2025,30.4721345648676
5,116,BA,565,570,5,33,107441870.85,5,8,2017;2018;2019;2020;2022;2023;2024;2025,30.714282745570788
5,116,BA,570,575,5,47,95423026.75000001,5,8,2017;2018;2019;2020;2022;2023;2024;2025,49.25435882801736
5,116,BA,575,580,5,50,91466718.75000001,5,8,2017;2018;2019;2020;2022;2023;2024;2025,54.6646919046716
5,116,BA,580,585,5,52,91466718.75000001,5,8,2017;2018;2019;2020;2022;2023;2024;2025,56.85127958085846
5,116,BA,585,590,5,43,91466718.75000001,5,8,2017;2018;2019;2020;2022;2023;2024;2025,47.01163503801758
5,116,BA,590,595,5,24,90847729.85000001,5,8,2017;2018;2019;2020;2022;2023;2024;2025,26.41783128717332
5,116,BA,595,600,5,45,89919246.49999999,5,8,2017;2018;2019;2020;2022;2023;2024;2025,50.04490334558131
5,116,BA,600,605,5,36,89919246.49999999,5,8,2017;2018;2019;2020;2022;2023;2024;2025,40.03592267646505
5,116,BA,605,610,5,23,89962823.84999998,5,8,2017;2018;2019;2020;2022;2023;2024;2025,25.566116108526316
5,116,BA,610,615,5,19,90137133.24999999,5,8,2017;2018;2019;2020;2022;2023;2024;2025,21.078992990938065
5,116,BA,615,620,5,35,90137133.24999999,5,8,2017;2018;2019;2020;2022;2023;2024;2025,38.829723930675385
5,116,BA,620,625,5,19,90137133.24999999,5,8,2017;2018;2019;2020;2022;2023;2024;2025,21.078992990938065
5,116,BA,625,630,5,13,85132490.50000001,5,8,2017;2018;2019;2020;2022;2023;2024;2025,15.270315626441116
5,116,BA,630,635,5,77,85132490.50000001,5,8,2017;2018;2019;2020;2022;2023;2024;2025,90.44725409507429
5,116,BA,635,640,5,47,75097994.45,5,8,2017;2018;2019;2020;2022;2023;2024;2025,62.58489370350955
5,116,BA,640,645,5,64,83437813.75,5,8,2017;2018;2019;2020;2022;2023;2024;2025,76.7038314207987
5,116,BA,645,650,5,33,83437813.75,5,8,2017;2018;2019;2020;2022;2023;2024;2025,39.55041307634934
5,116,BA,650,655,5,36,83437813.75,5,8,2017;2018;2019;2020;2022;2023;2024;2025,43.14590517419927
5,116,BA,655,660,5,37,91252325.05000003,5,8,2017;2018;2019;2020;2022;2023;2024;2025,40.54691207015989
5,116,BA,660,665,5,35,102974092.00000001,5,8,2017;2018;2019;2020;2022;2023;2024;2025,33.989131945926744
5,116,BA,665,670,5,24,102974092.00000001,5,8,2017;2018;2019;2020;2022;2023;2024;2025,23.306833334349765
5,116,BA,670,675,5,110,102974092.00000001,5,8,2017;2018;2019;2020;2022;2023;2024;2025,106.82298611576977
5,116,BA,675,680,2,17,25471930.15,2,8,2017;2018;2019;2020;2022;2023;2024;2025,66.74013276532168
5,116,BA,680,685,5,33,83617963.14999999,5,8,2017;2018;2019;2020;2022;2023;2024;2025,39.46520431357817
5,116,BA,685,690,5,32,106797795.49999999,5,8,2017;2018;2019;2020;2022;2023;2024;2025,29.963165297733138
5,116,BA,690,695,5,34,106797795.49999999,5,8,2017;2018;2019;2020;2022;2023;2024;2025,31.835863128841464
5,116,BA,695,700,5,42,102703955.5,5,8,2017;2018;2019;2020;2022;2023;2024;2025,40.89423800235231
5,116,BA,700,705,5,32,101680495.5,5,8,2017;2018;2019;2020;2022;2023;2024;2025,31.471129091812895
5,116,BA,705,710,5,26,101680495.5,5,8,2017;2018;2019;2020;2022;2023;2024;2025,25.570292387097975
5,116,BA,710,715,5,26,100524518.60000001,5,8,2017;2018;2019;2020;2022;2023;2024;2025,25.864336743016242
5,116,BA,715,720,5,36,98790553.25,5,8,2017;2018;2019;2020;2022;2023;2024;2025,36.440731239654234
5,116,BA,720,725,5,11,98790553.25,5,8,2017;2018;2019;2020;2022;2023;2024;2025,11.134667878783238
5,116,BA,725,730,5,27,98790553.25,5,8,2017;2018;2019;2020;2022;2023;2024;2025,27.330548429740674
5,116,BA,730,735,5,14,98790553.25,5,8,2017;2018;2019;2020;2022;2023;2024;2025,14.171395482087757
5,116,BA,735,740,5,48,98790553.25,5,8,2017;2018;2019;2020;2022;2023;2024;2025,48.587641652872314
5,116,BA,740,745,2,12,38419476.599999994,2,8,2017;2018;2019;2020;2022;2023;2024;2025,31.234157937487367
5,116,BA,745,750,5,44,96048691.5,5,8,2017;2018;2019;2020;2022;2023;2024;2025,45.8100983083148
5,116,BA,750,755,5,37,96048691.5,5,8,2017;2018;2019;2020;2022;2023;2024;2025,38.52212812290108
5,116,BA,755,760,5,54,96048691.5,5,8,2017;2018;2019;2020;2022;2023;2024;2025,56.22148428747726
5,116,BA,760,765,5,37,74733341.19999999,4,8,2017;2018;2019;2020;2022;2023;2024;2025,49.50936142541959
5,116,BA,765,770,5,20,116547456.5,5,8,2017;2018;2019;2020;2022;2023;2024;2025,17.160391655565643
5,116,BA,770,775,5,28,116547456.5,5,8,2017;2018;2019;2020;2022;2023;2024;2025,24.024548317791904
5,116,BA,775,780,5,97,116547456.5,5,8,2017;2018;2019;2020;2022;2023;2024;2025,83.22789952949338
5,116,BA,780,785,5,46,116547456.5,5,8,2017;2018;2019;2020;2022;2023;2024;2025,39.468900807800985
5,116,BA,785,790,5,37,105979064.00000003,5,7,2017;2018;2019;2020;2022;2024;2025,34.912555936519674
5,116,BA,790,795,5,36,111771077.45000003,5,8,2017;2018;2019;2020;2022;2023;2024;2025,32.20869013820175
5,116,BA,795,800,5,38,115632419.75,5,8,2017;2018;2019;2020;2022;2023;2024;2025,32.86275603516461
5,116,BA,800,805,5,48,115632419.75,5,8,2017;2018;2019;2020;2022;2023;2024;2025,41.510849728628976
5,116,BA,805,810,5,65,115632419.75,5,8,2017;2018;2019;2020;2022;2023;2024;2025,56.21260900751841
5,116,BA,810,815,5,97,107039589.75,5,8,2017;2018;2019;2020;2022;2023;2024;2025,90.62067616902465
5,116,BA,815,820,5,123,72668269.75000001,5,5,2017;2018;2019;2020;2022,169.262320987077
5,116,BA,820,825,5,147,72668269.75000001,5,5,2017;2018;2019;2020;2022,202.28911532601884
5,116,BA,825,830,5,128,52885525.25000001,5,5,2017;2018;2019;2020;2022,242.03219953837933
5,116,BA,830,835,5,19,11296447.049999999,5,2,2017;2018,168.1944766872519
5,116,BA,835,840,5,47,73010307.6,5,8,2017;2018;2019;2020;2022;2023;2024;2025,64.37447196839368
5,116,BA,840,845,5,37,116256515.00000003,5,8,2017;2018;2019;2020;2022;2023;2024;2025,31.82617335467177
5,116,BA,845,850,5,50,116256515.00000003,5,8,2017;2018;2019;2020;2022;2023;2024;2025,43.008342371178074
5,116,BA,850,855,5,30,116256515.00000003,5,8,2017;2018;2019;2020;2022;2023;2024;2025,25.80500542270684
5,116,BA,855,860,5,51,116256515.00000003,5,8,2017;2018;2019;2020;2022;2023;2024;2025,43.86850921860163
5,116,BA,860,865,5,37,114035125.00000003,5,8,2017;2018;2019;2020;2022;2023;2024;2025,32.446143238760854
5,116,BA,865,870,5,19,103411800.0,5,8,2017;2018;2019;2020;2022;2023;2024;2025,18.37314503760693
5,116,BA,870,875,5,15,100805152.5,5,8,2017;2018;2019;2020;2022;2023;2024;2025,14.880191764007302
5,116,BA,875,880,5,24,100329382.3,5,8,2017;2018;2019;2020;2022;2023;2024;2025,23.921207775640816
5,116,BA,880,885,5,11,98426301.5,5,8,2017;2018;2019;2020;2022;2023;2024;2025,11.175874570477486
5,116,BA,885,890,5,22,98426301.5,5,8,2017;2018;2019;2020;2022;2023;2024;2025,22.351749140954972
5,116,BA,890,895,5,23,98426301.5,5,8,2017;2018;2019;2020;2022;2023;2024;2025,23.367737738271106
5,116,BA,895,900,5,21,98426301.5,5,8,2017;2018;2019;2020;2022;2023;2024;2025,21.335760543638834
5,116,BA,900,905,5,31,98426301.5,5,8,2017;2018;2019;2020;2022;2023;2024;2025,31.49564651680019
5,116,BA,905,910,5,55,98310749.8,5,8,2017;2018;2019;2020;2022;2023;2024;2025,55.945051901129936
5,116,BA,910,915,5,58,98137422.25,5,8,2017;2018;2019;2020;2022;2023;2024;2025,59.10079831957274
5,116,BA,915,920,5,30,78509937.8,4,8,2017;2018;2019;2020;2022;2023;2024;2025,38.21172305144789
5,116,BA,920,925,5,37,98549361.24999997,5,8,2017;2018;2019;2020;2022;2023;2024;2025,37.54463705364707
5,116,BA,925,930,5,22,98549361.24999997,5,8,2017;2018;2019;2020;2022;2023;2024;2025,22.323838248114477
5,116,BA,930,935,5,18,98549361.24999997,5,8,2017;2018;2019;2020;2022;2023;2024;2025,18.264958566639116
5,116,BA,935,940,5,0,98549361.24999997,5,8,2017;2018;2019;2020;2022;2023;2024;2025,0.0
5,116,BA,940,945,5,0,98549361.24999997,5,8,2017;2018;2019;2020;2022;2023;2024;2025,0.0
5,116,CE,0,5,5,0,0.0,0,0,,
5,116,CE,5,10,3,42,6649533.500000001,2,1,2017,631.6232559772801
5,116,CE,10,15,3,164,23049728.1,3,5,2017;2018;2019;2020;2022,711.5051391864357
5,116,CE,15,20,5,252,82000973.0,5,5,2017;2018;2019;2020;2022,307.31342663458395
5,116,CE,20,25,5,270,96201663.0,5,7,2017;2018;2019;2020;2022;2024;2025,280.66042891587017
5,116,CE,25,30,5,142,107229918.99999999,5,7,2017;2018;2019;2020;2022;2024;2025,132.42572718906933
5,116,CE,30,35,5,60,86489743.0,5,5,2017;2018;2019;2020;2022,69.37238789112831
5,116,CE,35,40,5,74,85598223.2,5,5,2017;2018;2019;2020;2022,86.4503925824479
5,116,CE,40,45,5,116,88089286.15,5,5,2017;2018;2019;2020;2022,131.68457263062973
5,116,CE,45,50,5,55,98588908.99999999,5,5,2017;2018;2019;2020;2022,55.7872082751215
5,116,CE,50,55,5,65,114862204.04999998,5,8,2017;2018;2019;2020;2022;2023;2024;2025,56.589546176308126
5,116,CE,55,60,5,70,182110928.25000003,5,8,2017;2018;2019;2020;2022;2023;2024;2025,38.438110591531725
5,116,CE,60,65,5,123,182110928.25000003,5,8,2017;2018;2019;2020;2022;2023;2024;2025,67.54125146797716
5,116,CE,65,70,5,82,110969260.05000003,5,8,2017;2018;2019;2020;2022;2023;2024;2025,73.8943379121865
5,116,CE,70,75,5,48,81282850.1,5,8,2017;2018;2019;2020;2022;2023;2024;2025,59.0530474029232
5,116,CE,75,80,5,16,72255673.75,5,8,2017;2018;2019;2020;2022;2023;2024;2025,22.143589796642093
5,116,CE,80,85,5,31,72255673.75,5,8,2017;2018;2019;2020;2022;2023;2024;2025,42.90320523099406
5,116,CE,85,90,5,18,72255673.75,5,8,2017;2018;2019;2020;2022;2023;2024;2025,24.911538521222354
5,116,CE,90,95,5,29,72255673.75,5,8,2017;2018;2019;2020;2022;2023;2024;2025,40.135256506413796
5,116,CE,95,100,5,13,53284634.5,5,8,2017;2018;2019;2020;2022;2023;2024;2025,24.397277230080277
5,116,CE,100,105,5,16,53284634.5,5,8,2017;2018;2019;2020;2022;2023;2024;2025,30.027418129329575
5,116,CE,105,110,5,15,53284634.5,5,8,2017;2018;2019;2020;2022;2023;2024;2025,28.150704496246476
5,116,CE,110,115,5,20,51830839.5,5,8,2017;2018;2019;2020;2022;2023;2024;2025,38.58706552495643
5,116,CE,115,120,5,10,33166874.75,5,8,2017;2018;2019;2020;2022;2023;2024;2025,30.15056460814114
5,116,CE,120,125,5,14,33166874.75,5,8,2017;2018;2019;2020;2022;2023;2024;2025,42.2107904513976
5,116,CE,125,130,5,9,33166874.75,5,8,2017;2018;2019;2020;2022;2023;2024;2025,27.135508147327023
5,116,CE,130,135,5,8,33166874.75,5,8,2017;2018;2019;2020;2022;2023;2024;2025,24.12045168651291
5,116,CE,135,140,5,20,33166874.75,5,8,2017;2018;2019;2020;2022;2023;2024;2025,60.30112921628228
5,116,CE,140,145,5,27,38168539.1,5,8,2017;2018;2019;2020;2022;2023;2024;2025,70.7388876720199
5,116,CE,145,150,5,19,41823598.0,5,8,2017;2018;2019;2020;2022;2023;2024;2025,45.42889877623633
5,116,CE,150,155,5,29,75498279.0,5,8,2017;2018;2019;2020;2022;2023;2024;2025,38.411471604538164
5,116,CE,155,160,5,30,79028230.5,5,8,2017;2018;2019;2020;2022;2023;2024;2025,37.961118210789245
5,116,CE,160,165,5,48,48552548.199999996,5,8,2017;2018;2019;2020;2022;2023;2024;2025,98.86195839253604
5,116,CE,165,170,5,39,49119509.99999999,5,8,2017;2018;2019;2020;2022;2023;2024;2025,79.39818617897451
5,116,CE,170,175,5,33,49119509.99999999,5,8,2017;2018;2019;2020;2022;2023;2024;2025,67.18308061297844
5,116,CE,175,180,5,27,49037019.99999999,5,8,2017;2018;2019;2020;2022;2023;2024;2025,55.06044209048593
5,116,CE,180,185,5,7,48707059.99999999,5,8,2017;2018;2019;2020;2022;2023;2024;2025,14.371633188289339
5,116,CE,185,190,5,16,45822829.99999999,5,8,2017;2018;2019;2020;2022;2023;2024;2025,34.91709263701086
5,116,CE,190,195,5,34,50477466.949999996,5,8,2017;2018;2019;2020;2022;2023;2024;2025,67.35678720502833
5,116,CE,195,200,5,13,43473452.75,5,8,2017;2018;2019;2020;2022;2023;2024;2025,29.90330690952538
5,116,CE,200,205,5,10,43473452.75,5,8,2017;2018;2019;2020;2022;2023;2024;2025,23.00254377655798
5,116,CE,205,210,5,11,40783548.75,5,8,2017;2018;2019;2020;2022;2023;2024;2025,26.971659743072262
5,116,CE,210,215,5,8,46453312.75,5,8,2017;2018;2019;2020;2022;2023;2024;2025,17.221592016599505
5,116,CE,215,220,5,6,50949930.24999999,5,8,2017;2018;2019;2020;2022;2023;2024;2025,11.776267348275713
5,116,CE,220,225,5,11,50949930.24999999,5,8,2017;2018;2019;2020;2022;2023;2024;2025,21.58982347183881
5,116,CE,225,230,5,12,45260142.35,5,8,2017;2018;2019;2020;2022;2023;2024;2025,26.513394295588203
5,116,CE,230,235,5,11,40682060.5,5,8,2017;2018;2019;2020;2022;2023;2024;2025,27.03894508981422
5,116,CE,235,240,5,12,40682060.5,5,8,2017;2018;2019;2020;2022;2023;2024;2025,29.49703100707006
5,116,CE,240,245,5,6,40682060.5,5,8,2017;2018;2019;2020;2022;2023;2024;2025,14.74851550353503
5,116,CE,245,250,5,9,35885661.2,5,8,2017;2018;2019;2020;2022;2023;2024;2025,25.079654934712472
5,116,CE,250,255,5,7,33073963.999999993,5,8,2017;2018;2019;2020;2022;2023;2024;2025,21.164684100158063
5,116,CE,255,260,5,4,33073963.999999993,5,8,2017;2018;2019;2020;2022;2023;2024;2025,12.09410520009032
5,116,CE,260,265,5,2,33073963.999999993,5,8,2017;2018;2019;2020;2022;2023;2024;2025,6.04705260004516
5,116,CE,265,270,5,8,33073963.999999993,5,8,2017;2018;2019;2020;2022;2023;2024;2025,24.18821040018064
5,116,CE,270,275,5,8,33073963.999999993,5,8,2017;2018;2019;2020;2022;2023;2024;2025,24.18821040018064
5,116,CE,275,280,5,5,33073963.999999993,5,8,2017;2018;2019;2020;2022;2023;2024;2025,15.117631500112902
5,116,CE,280,285,5,11,37232043.999999985,5,8,2017;2018;2019;2020;2022;2023;2024;2025,29.544442953494585
5,116,CE,285,290,5,2,40355013.20000001,5,8,2017;2018;2019;2020;2022;2023;2024;2025,4.95601374255033
5,116,CE,290,295,5,10,43480187.0,5,8,2017;2018;2019;2020;2022;2023;2024;2025,22.99898112213731
5,116,CE,295,300,5,21,43480187.0,5,8,2017;2018;2019;2020;2022;2023;2024;2025,48.29786035648835
5,116,CE,300,305,5,13,43480187.0,5,8,2017;2018;2019;2020;2022;2023;2024;2025,29.8986754587785
5,116,CE,305,310,5,37,43480187.0,5,8,2017;2018;2019;2020;2022;2023;2024;2025,85.09623015190805
5,116,CE,310,315,5,21,43007037.5,5,8,2017;2018;2019;2020;2022;2023;2024;2025,48.82921777627673
5,116,CE,315,320,5,19,42091617.5,5,8,2017;2018;2019;2020;2022;2023;2024;2025,45.1396290484679
5,116,CE,320,325,5,20,33647616.25,5,8,2017;2018;2019;2020;2022;2023;2024;2025,59.43957471281491
5,116,CE,325,330,5,26,33647616.25,5,8,2017;2018;2019;2020;2022;2023;2024;2025,77.27144712665938
5,116,CE,330,335,5,8,33647616.25,5,8,2017;2018;2019;2020;2022;2023;2024;2025,23.775829885125965
5,116,CE,335,340,5,16,33647616.25,5,8,2017;2018;2019;2020;2022;2023;2024;2025,47.55165977025193
5,116,CE,340,345,5,10,33647616.25,5,8,2017;2018;2019;2020;2022;2023;2024;2025,29.719787356407455
5,116,CE,345,350,5,13,33647616.25,5,8,2017;2018;2019;2020;2022;2023;2024;2025,38.63572356332969
5,116,CE,350,355,5,9,33647616.25,5,8,2017;2018;2019;2020;2022;2023;2024;2025,26.74780862076671
5,116,CE,355,360,5,20,33647616.25,5,8,2017;2018;2019;2020;2022;2023;2024;2025,59.43957471281491
5,116,CE,360,365,5,16,33647616.25,5,8,2017;2018;2019;2020;2022;2023;2024;2025,47.55165977025193
5,116,CE,365,370,5,16,33647616.25,5,8,2017;2018;2019;2020;2022;2023;2024;2025,47.55165977025193
5,116,CE,370,375,5,40,33647616.25,5,8,2017;2018;2019;2020;2022;2023;2024;2025,118.87914942562982
5,116,CE,375,380,5,46,39004097.099999994,5,8,2017;2018;2019;2020;2022;2023;2024;2025,117.93632828383048
5,116,CE,380,385,5,15,41211201.0,5,8,2017;2018;2019;2020;2022;2023;2024;2025,36.39787153982724
5,116,CE,385,390,5,10,41211201.0,5,8,2017;2018;2019;2020;2022;2023;2024;2025,24.26524769321816
5,116,CE,390,395,5,12,41211201.0,5,8,2017;2018;2019;2020;2022;2023;2024;2025,29.118297231861792
5,116,CE,395,400,5,11,41211201.0,5,8,2017;2018;2019;2020;2022;2023;2024;2025,26.69177246253998
5,116,CE,400,405,5,9,41211201.0,5,8,2017;2018;2019;2020;2022;2023;2024;2025,21.838722923896345
5,116,CE,405,410,5,9,45718951.00000001,5,8,2017;2018;2019;2020;2022;2023;2024;2025,19.685491034122805
5,116,CE,410,415,5,8,46431157.25000001,5,8,2017;2018;2019;2020;2022;2023;2024;2025,17.229809623149116
5,116,CE,415,420,5,17,42008171.20000001,5,8,2017;2018;2019;2020;2022;2023;2024;2025,40.4683172687127
5,116,CE,420,425,5,11,47164825.50000001,5,8,2017;2018;2019;2020;2022;2023;2024;2025,23.322465170575047
5,116,CE,425,430,5,20,51227538.30000001,5,8,2017;2018;2019;2020;2022;2023;2024;2025,39.041501238797565
5,116,CE,430,435,5,9,34242475.00000001,5,8,2017;2018;2019;2020;2022;2023;2024;2025,26.283146881176076
5,116,CE,435,440,5,16,50529296.95,5,8,2017;2018;2019;2020;2022;2023;2024;2025,31.664798375944947
5,116,CE,440,445,5,19,53552234.24999999,5,8,2017;2018;2019;2020;2022;2023;2024;2025,35.47937871518405
5,116,CE,445,450,5,12,53934754.249999985,5,8,2017;2018;2019;2020;2022;2023;2024;2025,22.249104806109326
5,116,CE,450,455,5,25,53934754.249999985,5,8,2017;2018;2019;2020;2022;2023;2024;2025,46.35230167939442
5,116,CE,455,460,5,26,54436589.1,5,8,2017;2018;2019;2020;2022;2023;2024;2025,47.761993228925505
5,116,CE,460,465,5,12,54616629.00000001,5,8,2017;2018;2019;2020;2022;2023;2024;2025,21.97133037998372
5,116,CE,465,470,5,34,54616629.00000001,5,8,2017;2018;2019;2020;2022;2023;2024;2025,62.25210274328721
5,116,CE,470,475,5,14,54616629.00000001,5,8,2017;2018;2019;2020;2022;2023;2024;2025,25.633218776647674
5,116,CE,475,480,5,40,44386916.35000001,5,8,2017;2018;2019;2020;2022;2023;2024;2025,90.11664537493827
5,116,CE,480,485,5,55,58662602.89999999,5,8,2017;2018;2019;2020;2022;2023;2024;2025,93.75649439517115
5,116,CE,485,490,5,20,44997601.5,5,8,2017;2018;2019;2020;2022;2023;2024;2025,44.44681345960184
5,116,CE,490,495,5,30,42316118.05,5,8,2017;2018;2019;2020;2022;2023;2024;2025,70.89497189830247
5,116,CE,495,500,5,44,49101059.25,5,8,2017;2018;2019;2020;2022;2023;2024;2025,89.61110141427346
5,116,CE,500,505,5,61,45886139.25,5,8,2017;2018;2019;2020;2022;2023;2024;2025,132.93774764456785
5,116,CE,505,510,5,34,44542245.75,5,8,2017;2018;2019;2020;2022;2023;2024;2025,76.33202912765125
5,116,CE,510,515,5,23,47466508.949999996,5,8,2017;2018;2019;2020;2022;2023;2024;2025,48.45521718108153
5,116,CE,515,520,5,13,47456533.5,5,8,2017;2018;2019;2020;2022;2023;2024;2025,27.393488401338878
5,116,CE,520,525,5,18,47456533.5,5,8,2017;2018;2019;2020;2022;2023;2024;2025,37.929445478776906
5,116,CE,525,530,5,25,41080348.5,5,8,2017;2018;2019;2020;2022;2023;2024;2025,60.85634838273098
5,116,CE,530,535,5,9,40267110.25,5,8,2017;2018;2019;2020;2022;2023;2024;2025,22.350747158470355
5,116,CE,535,540,5,17,40173670.25,5,8,2017;2018;2019;2020;2022;2023;2024;2025,42.31627305697816
5,116,CE,540,545,5,21,36224005.25,5,8,2017;2018;2019;2020;2022;2023;2024;2025,57.97260643893044
5,116,CE,545,550,3,6,24021201.15,3,8,2017;2018;2019;2020;2022;2023;2024;2025,24.977934960592098
5,116,MG,0,5,5,25,67840027.84999998,5,8,2017;2018;2019;2020;2022;2023;2024;2025,36.85139996592736
5,116,MG,5,10,5,36,99770505.24999997,5,8,2017;2018;2019;2020;2022;2023;2024;2025,36.08280815035766
5,116,MG,10,15,5,25,99837665.24999997,5,8,2017;2018;2019;2020;2022;2023;2024;2025,25.04064967605
5,116,MG,15,20,5,28,99837665.24999997,5,8,2017;2018;2019;2020;2022;2023;2024;2025,28.045527637175997
5,116,MG,20,25,5,21,99837665.24999997,5,8,2017;2018;2019;2020;2022;2023;2024;2025,21.034145727882
5,116,MG,25,30,5,36,127047229.0,5,8,2017;2018;2019;2020;2022;2023;2024;2025,28.335919077778552
5,116,MG,30,35,5,20,127047229.0,5,8,2017;2018;2019;2020;2022;2023;2024;2025,15.742177265432526
5,116,MG,35,40,5,21,126517249.0,5,8,2017;2018;2019;2020;2022;2023;2024;2025,16.598527209519077
5,116,MG,40,45,5,16,66262187.599999994,4,8,2017;2018;2019;2020;2022;2023;2024;2025,24.146501314725686
5,116,MG,45,50,5,7,82827734.50000001,5,8,2017;2018;2019;2020;2022;2023;2024;2025,8.451275460153989
5,116,MG,50,55,5,17,82827734.50000001,5,8,2017;2018;2019;2020;2022;2023;2024;2025,20.524526117516828
5,116,MG,55,60,5,18,82827734.50000001,5,8,2017;2018;2019;2020;2022;2023;2024;2025,21.731851183253113
5,116,MG,60,65,5,7,82827734.50000001,5,8,2017;2018;2019;2020;2022;2023;2024;2025,8.451275460153989
5,116,MG,65,70,5,7,82827734.50000001,5,8,2017;2018;2019;2020;2022;2023;2024;2025,8.451275460153989
5,116,MG,70,75,5,23,81868729.85000001,5,8,2017;2018;2019;2020;2022;2023;2024;2025,28.09375452891553
5,116,MG,75,80,5,24,78032711.25,5,8,2017;2018;2019;2020;2022;2023;2024;2025,30.756332332358884
5,116,MG,80,85,5,9,78032711.25,5,8,2017;2018;2019;2020;2022;2023;2024;2025,11.533624624634582
5,116,MG,85,90,5,23,78032711.25,5,8,2017;2018;2019;2020;2022;2023;2024;2025,29.474818485177266
5,116,MG,90,95,5,32,78032711.25,5,8,2017;2018;2019;2020;2022;2023;2024;2025,41.00844310981185
5,116,MG,95,100,5,44,78032711.25,5,8,2017;2018;2019;2020;2022;2023;2024;2025,56.38660927599129
5,116,MG,100,105,5,18,78032711.25,5,8,2017;2018;2019;2020;2022;2023;2024;2025,23.067249249269164
5,116,MG,105,110,5,20,78032711.25,5,8,2017;2018;2019;2020;2022;2023;2024;2025,25.630276943632406
5,116,MG,110,115,5,46,78032711.25,5,8,2017;2018;2019;2020;2022;2023;2024;2025,58.94963697035453
5,116,MG,115,120,5,105,74835650.69999999,5,8,2017;2018;2019;2020;2022;2023;2024;2025,140.30745910251036
5,116,MG,120,125,5,35,72704277.0,5,7,2018;2019;2020;2022;2023;2024;2025,48.14022151681668
5,116,MG,125,130,5,23,72704277.0,5,7,2018;2019;2020;2022;2023;2024;2025,31.635002711050962
5,116,MG,130,135,5,16,72704277.0,5,7,2018;2019;2020;2022;2023;2024;2025,22.006958407687623
5,116,MG,135,140,5,38,70418876.95,5,7,2018;2019;2020;2022;2023;2024;2025,53.962803222467464
5,116,MG,140,145,5,17,63900860.25,5,7,2018;2019;2020;2022;2023;2024;2025,26.603710706695843
5,116,MG,145,150,5,20,63900860.25,5,7,2018;2019;2020;2022;2023;2024;2025,31.298483184348054
5,116,MG,150,155,5,17,63900860.25,5,7,2018;2019;2020;2022;2023;2024;2025,26.603710706695843
5,116,MG,155,160,5,15,63900860.25,5,7,2018;2019;2020;2022;2023;2024;2025,23.47386238826104
5,116,MG,160,165,5,23,63900860.25,5,7,2018;2019;2020;2022;2023;2024;2025,35.993255662000266
5,116,MG,165,170,5,12,63900860.25,5,7,2018;2019;2020;2022;2023;2024;2025,18.779089910608832
5,116,MG,170,175,5,20,63900860.25,5,7,2018;2019;2020;2022;2023;2024;2025,31.298483184348054
5,116,MG,175,180,5,43,65964909.7,5,8,2017;2018;2019;2020;2022;2023;2024;2025,65.1861727630016
5,116,MG,180,185,5,28,74221107.50000003,5,8,2017;2018;2019;2020;2022;2023;2024;2025,37.725117480899875
5,116,MG,185,190,5,20,74221107.50000003,5,8,2017;2018;2019;2020;2022;2023;2024;2025,26.946512486357054
5,116,MG,190,195,5,22,74221107.50000003,5,8,2017;2018;2019;2020;2022;2023;2024;2025,29.64116373499276
5,116,MG,195,200,5,17,74221107.50000003,5,8,2017;2018;2019;2020;2022;2023;2024;2025,22.904535613403496
5,116,MG,200,205,5,16,74221107.50000003,5,8,2017;2018;2019;2020;2022;2023;2024;2025,21.557209989085642
5,116,MG,205,210,5,40,74897828.45000002,5,8,2017;2018;2019;2020;2022;2023;2024;2025,53.40608777022559
5,116,MG,210,215,5,21,75348975.75000001,5,8,2017;2018;2019;2020;2022;2023;2024;2025,27.870319126401657
5,116,MG,215,220,5,41,72730100.75000001,5,8,2017;2018;2019;2020;2022;2023;2024;2025,56.372807925747296
5,116,MG,220,225,5,73,72730100.75000001,5,8,2017;2018;2019;2020;2022;2023;2024;2025,100.37109703852566
5,116,MG,225,230,5,44,72730100.75000001,5,8,2017;2018;2019;2020;2022;2023;2024;2025,60.49764753007027
5,116,MG,230,235,5,33,72730100.75000001,5,8,2017;2018;2019;2020;2022;2023;2024;2025,45.3732356475527
5,116,MG,235,240,5,19,72730100.75000001,5,8,2017;2018;2019;2020;2022;2023;2024;2025,26.12398416071216
5,116,MG,240,245,5,40,72730100.75000001,5,8,2017;2018;2019;2020;2022;2023;2024;2025,54.997861390972965
5,116,MG,245,250,5,18,72730100.75000001,5,8,2017;2018;2019;2020;2022;2023;2024;2025,24.749037625937838
5,116,MG,250,255,5,34,72730100.75000001,5,8,2017;2018;2019;2020;2022;2023;2024;2025,46.74818218232702
5,116,MG,255,260,5,41,95828140.25,5,8,2017;2018;2019;2020;2022;2023;2024;2025,42.78492715504828
5,116,MG,260,265,5,38,95828140.25,5,8,2017;2018;2019;2020;2022;2023;2024;2025,39.654322729069136
5,116,MG,265,270,5,64,95828140.25,5,8,2017;2018;2019;2020;2022;2023;2024;2025,66.78622775422171
5,116,MG,270,275,4,52,76662512.2,4,8,2017;2018;2019;2020;2022;2023;2024;2025,67.82976256288141
5,116,MG,275,280,4,404,84656552.4,4,8,2017;2018;2019;2020;2022;2023;2024;2025,477.22236323906805
5,116,MG,280,285,5,68,105820690.50000001,5,8,2017;2018;2019;2020;2022;2023;2024;2025,64.25964495100321
5,116,MG,285,290,5,46,105820690.50000001,5,8,2017;2018;2019;2020;2022;2023;2024;2025,43.469759819796295
5,116,MG,290,295,5,33,105820690.50000001,5,8,2017;2018;2019;2020;2022;2023;2024;2025,31.184827696810384
5,116,MG,295,300,5,26,105820690.50000001,5,8,2017;2018;2019;2020;2022;2023;2024;2025,24.569864245971818
5,116,MG,300,305,5,44,105820690.50000001,5,8,2017;2018;2019;2020;2022;2023;2024;2025,41.579770262413845
5,116,MG,305,310,5,54,72251571.15,4,8,2017;2018;2019;2020;2022;2023;2024;2025,74.73885915628286
5,116,MG,310,315,5,36,85145721.75000001,5,8,2017;2018;2019;2020;2022;2023;2024;2025,42.2804566807257
5,116,MG,315,320,5,19,85145721.75000001,5,8,2017;2018;2019;2020;2022;2023;2024;2025,22.314685470383008
5,116,MG,320,325,5,14,85145721.75000001,5,8,2017;2018;2019;2020;2022;2023;2024;2025,16.44239982028222
5,116,MG,325,330,5,16,85145721.75000001,5,8,2017;2018;2019;2020;2022;2023;2024;2025,18.791314080322536
5,116,MG,330,335,5,27,85145721.75000001,5,8,2017;2018;2019;2020;2022;2023;2024;2025,31.710342510544276
5,116,MG,335,340,5,21,82156415.55,5,8,2017;2018;2019;2020;2022;2023;2024;2025,25.560998321816392
5,116,MG,340,345,5,17,80163544.74999999,5,8,2017;2018;2019;2020;2022;2023;2024;2025,21.20664705261802
5,116,MG,345,350,5,17,80163544.74999999,5,8,2017;2018;2019;2020;2022;2023;2024;2025,21.20664705261802
5,116,MG,350,355,5,33,80163544.74999999,5,8,2017;2018;2019;2020;2022;2023;2024;2025,41.16584427861145
5,116,MG,355,360,5,18,80162865.84999998,5,8,2017;2018;2019;2020;2022;2023;2024;2025,22.45428704318211
5,116,MG,360,365,5,19,76188716.64999999,5,8,2017;2018;2019;2020;2022;2023;2024;2025,24.938075919145966
5,116,MG,365,370,5,13,80115036.24999999,5,8,2017;2018;2019;2020;2022;2023;2024;2025,16.226666813746842
5,116,MG,370,375,5,48,81320675.05,5,8,2017;2018;2019;2020;2022;2023;2024;2025,59.02557986697382
5,116,MG,375,380,5,42,86143230.24999999,5,8,2017;2018;2019;2020;2022;2023;2024;2025,48.75600773050881
5,116,MG,380,385,5,22,86143230.24999999,5,8,2017;2018;2019;2020;2022;2023;2024;2025,25.538861192171282
5,116,MG,385,390,1,2,17228646.05,1,8,2017;2018;2019;2020;2022;2023;2024;2025,11.608573269168762
5,116,MG,405,410,2,65,6487458.899999999,1,5,2017;2018;2019;2020;2022,1001.9331297805988
5,116,MG,410,415,5,322,32582542.599999987,5,5,2017;2018;2019;2020;2022,988.2592772241173
5,116,MG,415,420,5,278,32800414.75,5,5,2017;2018;2019;2020;2022,847.5502584917771
5,116,MG,420,425,5,105,52939402.900000006,5,8,2017;2018;2019;2020;2022;2023;2024;2025,198.3399778768566
5,116,MG,425,430,5,37,66365395.0,5,7,2018;2019;2020;2022;2023;2024;2025,55.75194723093262
5,116,MG,430,435,5,17,66365395.0,5,7,2018;2019;2020;2022;2023;2024;2025,25.61575953853661
5,116,MG,435,440,5,18,66365395.0,5,7,2018;2019;2020;2022;2023;2024;2025,27.122568923156415
5,116,MG,440,445,5,39,66365395.0,5,7,2018;2019;2020;2022;2023;2024;2025,58.765566000172235
5,116,MG,445,450,5,20,66365395.0,5,7,2018;2019;2020;2022;2023;2024;2025,30.136187692396014
5,116,MG,450,455,5,35,66365395.0,5,7,2018;2019;2020;2022;2023;2024;2025,52.73832846169302
5,116,MG,455,460,5,50,44684409.6,5,7,2018;2019;2020;2022;2023;2024;2025,111.8958501356142
5,116,MG,460,465,5,21,35595913.25,5,7,2018;2019;2020;2022;2023;2024;2025,58.99553651710285
5,116,MG,465,470,5,32,35595913.25,5,7,2018;2019;2020;2022;2023;2024;2025,89.89796040701385
5,116,MG,485,490,4,50,43182952.9,4,8,2017;2018;2019;2020;2022;2023;2024;2025,115.78643108493861
5,116,MG,490,495,5,46,50921734.0,5,7,2018;2019;2020;2022;2023;2024;2025,90.33470855489722
5,116,MG,495,500,5,89,49577439.0,5,7,2018;2019;2020;2022;2023;2024;2025,179.51713883405716
5,116,MG,500,505,5,53,41053009.99999999,5,6,2018;2019;2020;2022;2024;2025,129.10137405271868
5,116,MG,505,510,5,91,43969305.24999999,5,7,2018;2019;2020;2022;2023;2024;2025,206.96256054671235
5,116,MG,510,515,5,73,49126897.59999999,5,7,2018;2019;2020;2022;2023;2024;2025,148.59476898862837
5,116,MG,515,520,5,103,49014572.49999999,5,7,2018;2019;2020;2022;2023;2024;2025,210.14158595385078
5,116,MG,520,525,5,109,27513305.800000004,5,5,2017;2018;2019;2020;2022,396.17194964626896
5,116,MG,525,530,5,423,61859327.64999999,5,7,2017;2018;2019;2020;2022;2024;2025,683.8095661067213
5,116,MG,530,535,5,111,98412394.99999999,5,6,2018;2019;2020;2022;2024;2025,112.7906703215586
5,116,MG,535,540,5,120,92615782.55000001,5,7,2018;2019;2020;2022;2023;2024;2025,129.56754960766673
5,116,MG,540,545,5,73,64722931.5,5,7,2018;2019;2020;2022;2023;2024;2025,112.78846354479478
5,116,MG,545,550,5,78,64722931.5,5,7,2018;2019;2020;2022;2023;2024;2025,120.51370077389032
5,116,MG,550,555,5,66,64919264.99999999,5,7,2018;2019;2020;2022;2023;2024;2025,101.6647369621329
5,116,MG,555,560,5,64,65001736.749999985,5,7,2018;2019;2020;2022;2023;2024;2025,98.45890771526196
5,116,MG,560,565,5,51,64422664.24999999,5,8,2017;2018;2019;2020;2022;2023;2024;2025,79.16468620746309
5,116,MG,565,570,5,45,65150930.49999999,5,8,2017;2018;2019;2020;2022;2023;2024;2025,69.0703872602403
5,116,MG,570,575,5,73,65150930.49999999,5,8,2017;2018;2019;2020;2022;2023;2024;2025,112.04751711105646
5,116,MG,575,580,5,83,65150930.49999999,5,8,2017;2018;2019;2020;2022;2023;2024;2025,127.39649205777654
5,116,MG,580,585,5,108,63482712.599999994,5,8,2017;2018;2019;2020;2022;2023;2024;2025,170.12505543123248
5,116,MG,585,590,4,90,51883523.6,4,8,2017;2018;2019;2020;2022;2023;2024;2025,173.4654737289277
5,116,MG,590,595,5,47,57655458.4,5,8,2017;2018;2019;2020;2022;2023;2024;2025,81.51873439965573
5,116,MG,595,600,5,41,65630266.75,5,8,2017;2018;2019;2020;2022;2023;2024;2025,62.471176837019335
5,116,MG,600,605,5,48,65630266.75,5,8,2017;2018;2019;2020;2022;2023;2024;2025,73.13698751651044
5,116,MG,605,610,2,39,26252106.7,2,8,2017;2018;2019;2020;2022;2023;2024;2025,148.55950589291183
5,116,MG,610,615,2,17,27951035.7,2,8,2017;2018;2019;2020;2022;2023;2024;2025,60.82064429548134
5,116,MG,615,620,5,33,69877589.25,5,8,2017;2018;2019;2020;2022;2023;2024;2025,47.225441452961974
5,116,MG,620,625,5,31,68807051.55,5,8,2017;2018;2019;2020;2022;2023;2024;2025,45.05352184357622
5,116,MG,625,630,5,48,67521915.75,5,8,2017;2018;2019;2020;2022;2023;2024;2025,71.08803040737185
5,116,MG,630,635,5,55,67716825.75,5,8,2017;2018;2019;2020;2022;2023;2024;2025,81.22058202056229
5,116,MG,635,640,5,52,56495751.2,5,8,2017;2018;2019;2020;2022;2023;2024;2025,92.0423198125384
5,116,MG,640,645,5,47,52421701.5,5,8,2017;2018;2019;2020;2022;2023;2024;2025,89.65752475623096
5,116,MG,645,650,5,41,52421701.5,5,8,2017;2018;2019;2020;2022;2023;2024;2025,78.2118832979887
5,116,MG,650,655,5,57,46324745.14999999,5,8,2017;2018;2019;2020;2022;2023;2024;2025,123.04438980815421
5,116,MG,655,660,5,24,50375292.49999999,5,7,2018;2019;2020;2022;2023;2024;2025,47.64240326743513
5,116,MG,660,665,5,31,49537252.49999999,5,7,2018;2019;2020;2022;2023;2024;2025,62.57916706220234
5,116,MG,665,670,5,48,49537252.49999999,5,7,2018;2019;2020;2022;2023;2024;2025,96.89677480599072
5,116,MG,670,675,5,42,47956506.849999994,5,7,2018;2019;2020;2022;2023;2024;2025,87.57935629333687
5,116,MG,675,680,5,40,50181094.25,5,7,2018;2019;2020;2022;2023;2024;2025,79.71129485682748
5,116,MG,680,685,5,50,50181094.25,5,7,2018;2019;2020;2022;2023;2024;2025,99.63911857103434
5,116,MG,685,690,5,55,50181094.25,5,7,2018;2019;2020;2022;2023;2024;2025,109.60303042813777
5,116,MG,690,695,5,71,53354769.25,5,7,2018;2019;2020;2022;2023;2024;2025,133.0715154390814
5,116,MG,695,700,5,63,53354769.25,5,7,2018;2019;2020;2022;2023;2024;2025,118.07754186848067
5,116,MG,700,705,4,360,50062232.0,4,8,2017;2018;2019;2020;2022;2023;2024;2025,719.1049731861735
5,116,MG,705,710,5,121,104404614.6,5,8,2017;2018;2019;2020;2022;2023;2024;2025,115.89526043803816
5,116,MG,710,715,5,73,103873251.24999999,5,8,2017;2018;2019;2020;2022;2023;2024;2025,70.27795810906613
5,116,MG,715,720,5,94,103873251.24999999,5,8,2017;2018;2019;2020;2022;2023;2024;2025,90.49490496235912
5,116,MG,720,725,5,44,103933476.24999999,5,8,2017;2018;2019;2020;2022;2023;2024;2025,42.33477180553749
5,116,MG,725,730,5,30,103973626.24999999,5,8,2017;2018;2019;2020;2022;2023;2024;2025,28.85347090604143
5,116,MG,730,735,5,38,103973626.24999999,5,8,2017;2018;2019;2020;2022;2023;2024;2025,36.54772981431915
5,116,MG,735,740,5,45,85733835.29999998,5,8,2017;2018;2019;2020;2022;2023;2024;2025,52.488028609166875
5,116,MG,740,745,5,32,60251115.75,5,8,2017;2018;2019;2020;2022;2023;2024;2025,53.11104964890215
5,116,MG,745,750,5,46,64058762.9,5,8,2017;2018;2019;2020;2022;2023;2024;2025,71.80906704646961
5,116,MG,750,755,5,57,68843489.5,5,8,2017;2018;2019;2020;2022;2023;2024;2025,82.79650031394762
5,116,MG,755,760,5,57,68843489.5,5,8,2017;2018;2019;2020;2022;2023;2024;2025,82.79650031394762
5,116,MG,760,765,5,127,57292699.5,5,8,2017;2018;2019;2020;2022;2023;2024;2025,221.66873110944965
5,116,MG,770,775,2,59,35280487.550000004,2,8,2017;2018;2019;2020;2022;2023;2024;2025,167.23124904774733
5,116,MG,775,780,5,112,71561918.25,5,8,2017;2018;2019;2020;2022;2023;2024;2025,156.5078225107528
5,116,MG,780,785,5,123,71561918.25,5,8,2017;2018;2019;2020;2022;2023;2024;2025,171.87912650734458
5,116,MG,785,790,5,34,71561918.25,5,8,2017;2018;2019;2020;2022;2023;2024;2025,47.511303262192804
5,116,MG,790,795,5,35,71561918.25,5,8,2017;2018;2019;2020;2022;2023;2024;2025,48.90869453461024
5,116,MG,795,800,5,24,71270283.25,5,8,2017;2018;2019;2020;2022;2023;2024;2025,33.67462412884405
5,116,MG,800,805,5,58,70103743.25,5,8,2017;2018;2019;2020;2022;2023;2024;2025,82.7345264477015
5,116,MG,805,810,5,41,70103743.25,5,8,2017;2018;2019;2020;2022;2023;2024;2025,58.484751454409675
5,116,MG,810,815,5,83,70103743.25,5,8,2017;2018;2019;2020;2022;2023;2024;2025,118.39596026136593
5,116,MG,815,820,2,21,22607140.05,2,5,2017;2018;2019;2020;2022,92.89100679499705
5,116,PB,0,5,5,13,34242475.00000001,5,8,2017;2018;2019;2020;2022;2023;2024;2025,37.96454549503211
5,116,PB,5,10,5,32,52536585.250000015,5,8,2017;2018;2019;2020;2022;2023;2024;2025,60.90993513896107
5,116,PB,10,15,3,14,33433164.150000002,3,8,2017;2018;2019;2020;2022;2023;2024;2025,41.874588768170774
5,116,PE,0,5,5,8,43760543.49999999,5,8,2017;2018;2019;2020;2022;2023;2024;2025,18.281308594807562
5,116,PE,5,10,5,18,43760543.49999999,5,8,2017;2018;2019;2020;2022;2023;2024;2025,41.13294433831701
5,116,PE,10,15,5,13,43760543.49999999,5,8,2017;2018;2019;2020;2022;2023;2024;2025,29.707126466562286
5,116,PE,15,20,5,15,43760543.49999999,5,8,2017;2018;2019;2020;2022;2023;2024;2025,34.27745361526418
5,116,PE,20,25,5,49,43760543.49999999,5,8,2017;2018;2019;2020;2022;2023;2024;2025,111.97301514319632
5,116,PE,25,30,5,88,54282033.49999999,5,8,2017;2018;2019;2020;2022;2023;2024;2025,162.11625527993533
5,116,PE,30,35,5,31,56912405.999999985,5,8,2017;2018;2019;2020;2022;2023;2024;2025,54.46967046165648
5,116,PE,35,40,5,24,56912405.999999985,5,8,2017;2018;2019;2020;2022;2023;2024;2025,42.170067454185656
5,116,PE,40,45,5,22,45530654.79999999,4,8,2017;2018;2019;2020;2022;2023;2024;2025,48.319094238020945
5,116,PE,45,50,5,10,56916055.999999985,5,8,2017;2018;2019;2020;2022;2023;2024;2025,17.56973462813376
5,116,PE,50,55,5,8,56916055.999999985,5,8,2017;2018;2019;2020;2022;2023;2024;2025,14.055787702507008
5,116,PE,55,60,5,11,56916055.999999985,5,8,2017;2018;2019;2020;2022;2023;2024;2025,19.326708090947136
5,116,PE,60,65,5,12,56916055.999999985,5,8,2017;2018;2019;2020;2022;2023;2024;2025,21.083681553760513
5,116,PE,65,70,5,12,56916055.999999985,5,8,2017;2018;2019;2020;2022;2023;2024;2025,21.083681553760513
5,116,PE,70,75,5,12,56916055.999999985,5,8,2017;2018;2019;2020;2022;2023;2024;2025,21.083681553760513
5,116,PE,75,80,5,22,56916055.999999985,5,8,2017;2018;2019;2020;2022;2023;2024;2025,38.65341618189427
5,116,PE,80,85,5,19,56092550.29999999,5,8,2017;2018;2019;2020;2022;2023;2024;2025,33.87259074223267
5,116,PE,85,90,5,2,54857291.74999999,5,8,2017;2018;2019;2020;2022;2023;2024;2025,3.645823437865943
5,116,PE,90,95,2,0,18960501.700000003,2,8,2017;2018;2019;2020;2022;2023;2024;2025,0.0
5,116,PR,0,5,5,0,0.0,0,0,,
5,116,PR,5,10,5,0,0.0,0,0,,
5,116,PR,10,15,5,0,0.0,0,0,,
5,116,PR,15,20,5,398,123282655.5,3,5,2017;2022;2023;2024;2025,322.83535618682384
5,116,PR,20,25,5,143,145056365.5,5,5,2017;2022;2023;2024;2025,98.58236796922917
5,116,PR,25,30,5,58,54434275.0,5,2,2024;2025,106.55051435882999
5,116,PR,30,35,4,20,43547420.0,4,2,2024;2025,45.92694584432327
5,116,PR,40,45,3,114,129146380.5,3,5,2017;2022;2023;2024;2025,88.27192799259286
5,116,PR,45,50,5,120,215243967.5,5,5,2017;2022;2023;2024;2025,55.75069136374287
5,116,PR,50,55,5,129,260461408.5,5,8,2017;2018;2019;2020;2022;2023;2024;2025,49.527490749171776
5,116,PR,55,60,5,86,327495224.3500001,5,8,2017;2018;2019;2020;2022;2023;2024;2025,26.259924910566095
5,116,PR,60,65,5,76,324325841.74999994,5,8,2017;2018;2019;2020;2022;2023;2024;2025,23.433223695626165
5,116,PR,65,70,5,124,324325841.74999994,5,8,2017;2018;2019;2020;2022;2023;2024;2025,38.23315445075848
5,116,PR,70,75,5,87,82258527.95,5,8,2017;2018;2019;2020;2022;2023;2024;2025,105.76411001772613
5,116,PR,75,80,5,11,21741699.5,5,1,2017,50.594020950386145
5,116,PR,80,85,5,23,21741699.5,5,1,2017,105.7874983508074
5,116,PR,85,90,5,18,21741699.5,5,1,2017,82.79021610063187
5,116,PR,90,95,5,283,528216976.9999999,5,8,2017;2018;2019;2020;2022;2023;2024;2025,53.57646806569794
5,116,PR,95,100,2,101,211286790.8,2,8,2017;2018;2019;2020;2022;2023;2024;2025,47.802325747663346
5,116,PR,115,120,1,166,168443193.0,1,8,2017;2018;2019;2020;2022;2023;2024;2025,98.5495448308202
5,116,PR,120,125,5,587,842215965.0,5,8,2017;2018;2019;2020;2022;2023;2024;2025,69.69708772974874
5,116,PR,125,130,5,587,687982915.5,5,8,2017;2018;2019;2020;2022;2023;2024;2025,85.32188616535493
5,116,PR,130,135,5,147,293317518.6,5,7,2018;2019;2020;2022;2023;2024;2025,50.116338329066984
5,116,PR,135,140,5,75,184440303.50000003,5,7,2018;2019;2020;2022;2023;2024;2025,40.6635635361552
5,116,PR,140,145,5,126,184440303.50000003,5,7,2018;2019;2020;2022;2023;2024;2025,68.31478674074073
5,116,PR,145,150,1,14,10317455.0,1,2,2024;2025,135.69237762607153
5,116,PR,155,160,4,54,66004570.6,4,8,2017;2018;2019;2020;2022;2023;2024;2025,81.81251617747817
5,116,PR,160,165,5,58,82505713.25,5,8,2017;2018;2019;2020;2022;2023;2024;2025,70.29816204879606
5,116,PR,165,170,5,79,82505713.25,5,8,2017;2018;2019;2020;2022;2023;2024;2025,95.75094485956706
5,116,PR,170,175,5,38,81934838.65,5,8,2017;2018;2019;2020;2022;2023;2024;2025,46.37831797329108
5,116,PR,175,180,5,37,81792120.0,5,8,2017;2018;2019;2020;2022;2023;2024;2025,45.23663159727368
5,116,PR,180,185,5,32,81792120.0,5,8,2017;2018;2019;2020;2022;2023;2024;2025,39.123573273317774
5,116,PR,185,190,5,25,81792120.0,5,8,2017;2018;2019;2020;2022;2023;2024;2025,30.565291619779508
5,116,PR,190,195,5,44,81792120.0,5,8,2017;2018;2019;2020;2022;2023;2024;2025,53.79491325081194
5,116,PR,195,200,5,50,101710480.24999999,5,8,2017;2018;2019;2020;2022;2023;2024;2025,49.15914257518218
5,116,PR,200,205,5,36,101710480.24999999,5,8,2017;2018;2019;2020;2022;2023;2024;2025,35.39458265413116
5,116,PR,205,210,5,162,101710480.24999999,5,8,2017;2018;2019;2020;2022;2023;2024;2025,159.27562194359027
5,116,PR,210,215,5,99,101710480.24999999,5,8,2017;2018;2019;2020;2022;2023;2024;2025,97.33510229886072
5,116,RJ,0,5,5,0,0.0,0,0,,
5,116,RJ,5,10,5,33,21296910.5,2,8,2017;2018;2019;2020;2022;2023;2024;2025,154.95205278718714
5,116,RJ,10,15,5,43,53242276.25000001,5,8,2017;2018;2019;2020;2022;2023;2024;2025,80.76288811938238
5,116,RJ,15,20,5,44,53242276.25000001,5,8,2017;2018;2019;2020;2022;2023;2024;2025,82.64109481983313
5,116,RJ,20,25,5,53,42593821.00000001,4,8,2017;2018;2019;2020;2022;2023;2024;2025,124.43119390486238
5,116,RJ,25,30,5,74,55336044.00000001,5,8,2017;2018;2019;2020;2022;2023;2024;2025,133.72838867917625
5,116,RJ,30,35,5,39,55336044.00000001,5,8,2017;2018;2019;2020;2022;2023;2024;2025,70.478475114701
5,116,RJ,35,40,5,46,55336044.00000001,5,8,2017;2018;2019;2020;2022;2023;2024;2025,83.12845782759605
5,116,RJ,40,45,5,107,61781378.25,5,8,2017;2018;2019;2020;2022;2023;2024;2025,173.19134507977734
5,116,RJ,45,50,5,49,61781378.25,5,8,2017;2018;2019;2020;2022;2023;2024;2025,79.31192438232794
5,116,RJ,50,55,5,42,61781378.25,5,8,2017;2018;2019;2020;2022;2023;2024;2025,67.98164947056681
5,116,RJ,55,60,2,17,27138793.9,2,8,2017;2018;2019;2020;2022;2023;2024;2025,62.64095619960473
5,116,RJ,60,65,5,38,73912591.25000001,5,5,2017;2018;2019;2020;2022,51.412079264640845
5,116,RJ,65,70,5,90,73912591.25000001,5,5,2017;2018;2019;2020;2022,121.76545088993885
5,116,RJ,70,75,5,81,73912591.25000001,5,5,2017;2018;2019;2020;2022,109.58890580094496
5,116,RJ,75,80,5,207,73912591.25000001,5,5,2017;2018;2019;2020;2022,280.06053704685934
5,116,RJ,80,85,5,63,43652791.85,5,4,2018;2019;2020;2022,144.32066617063347
5,116,RJ,85,90,5,47,19535712.5,5,4,2018;2019;2020;2022,240.58503113208695
5,116,RJ,90,95,5,109,53195501.5,4,8,2017;2018;2019;2020;2022;2023;2024;2025,204.90454441904265
5,116,RJ,95,100,5,178,113453041.25,5,8,2017;2018;2019;2020;2022;2023;2024;2025,156.8931057632622
5,116,RJ,100,105,5,149,113453041.25,5,8,2017;2018;2019;2020;2022;2023;2024;2025,131.33186943104533
5,116,RJ,105,110,5,194,83124552.5,4,8,2017;2018;2019;2020;2022;2023;2024;2025,233.38471506357885
5,116,RJ,110,115,5,121,220399884.5,5,7,2017;2018;2019;2020;2022;2023;2025,54.90021025850401
5,116,RJ,115,120,5,106,171412847.6,4,7,2017;2018;2019;2020;2022;2024;2025,61.839005351195155
5,116,RJ,120,125,5,107,214266059.5,5,7,2017;2018;2019;2020;2022;2024;2025,49.93791375530477
5,116,RJ,125,130,5,204,401703137.09999996,5,8,2017;2018;2019;2020;2022;2023;2024;2025,50.7837706901493
5,116,RJ,130,135,5,239,448562406.5,5,8,2017;2018;2019;2020;2022;2023;2024;2025,53.28132641895838
5,116,RJ,135,140,5,328,448562406.5,5,8,2017;2018;2019;2020;2022;2023;2024;2025,73.12248981346589
5,116,RJ,140,145,5,447,267750838.09999996,5,8,2017;2018;2019;2020;2022;2023;2024;2025,166.94625614320347
5,116,RJ,145,150,3,1,133528767.60000001,3,5,2017;2018;2019;2020;2022,0.7489022912243218
5,116,RJ,165,170,2,42,9239551.6,2,1,2017,454.56751386073756
5,116,RJ,170,175,5,89,23637808.8,5,1,2017,376.5154408051562
5,116,RJ,175,180,5,90,23881220.0,5,1,2017,376.865168529916
5,116,RJ,180,185,5,82,27313884.4,5,1,2017,300.2136159000512
5,116,RJ,185,190,5,38,28295037.249999996,5,1,2017,134.29916937112358
5,116,RJ,190,195,5,27,28295037.249999996,5,1,2017,95.42309402685096
5,116,RJ,195,200,5,24,28504445.049999997,5,1,2017,84.19739432885399
5,116,RJ,200,205,5,83,37869041.99999999,5,3,2017;2024;2025,219.1763921569498
5,116,RJ,205,210,5,68,75118022.0,5,3,2017;2024;2025,90.5242153474169
5,116,RJ,210,215,5,121,216870732.34999996,5,7,2017;2018;2019;2020;2022;2024;2025,55.79360510699176
5,116,RJ,215,220,5,85,437653355.84999996,5,8,2017;2018;2019;2020;2022;2023;2024;2025,19.421763563292007
5,116,RJ,220,225,5,234,416943697.49999994,5,8,2017;2018;2019;2020;2022;2023;2024;2025,56.12268548561045
5,116,RJ,225,230,5,66,52067980.0,4,2,2024;2025,126.75736604339173
5,116,RJ,230,235,5,132,181088764.0,5,7,2017;2018;2019;2020;2022;2024;2025,72.89242970370044
5,116,RJ,235,240,5,151,347157697.7,5,7,2017;2018;2019;2020;2022;2024;2025,43.49608290422765
5,116,RJ,240,245,5,102,306059113.8,5,7,2017;2018;2019;2020;2022;2024;2025,33.326895165309075
5,116,RJ,245,250,5,78,317537225.0,5,6,2018;2019;2020;2022;2024;2025,24.564049144159394
5,116,RJ,250,255,5,61,317537225.0,5,6,2018;2019;2020;2022;2024;2025,19.210346125560555
5,116,RJ,255,260,5,93,317537225.0,5,6,2018;2019;2020;2022;2024;2025,29.287904748805435
5,116,RJ,260,265,5,98,320596290.0,5,6,2018;2019;2020;2022;2024;2025,30.56803932447253
5,116,RJ,265,270,5,113,256525649.99999997,5,5,2018;2019;2020;2022;2023,44.050175879098255
5,116,RJ,270,275,5,174,217952172.60000002,5,6,2017;2018;2019;2020;2022;2023,79.83402868818202
5,116,RJ,275,280,5,170,231064490.99999997,5,5,2017;2018;2019;2020;2022,73.57253347940858
5,116,RJ,280,285,5,81,245292756.74999997,5,5,2017;2018;2019;2020;2022,33.021765939283085
5,116,RJ,285,290,5,102,245292756.74999997,5,5,2017;2018;2019;2020;2022,41.582964516134254
5,116,RJ,290,295,5,133,245292756.74999997,5,5,2017;2018;2019;2020;2022,54.22092432005741
5,116,RJ,295,300,5,165,364283004.95,5,7,2017;2018;2019;2020;2022;2024;2025,45.29445451967962
5,116,RJ,300,305,5,150,362708092.0,5,5,2017;2018;2019;2020;2022,41.35557030803713
5,116,RJ,305,310,5,136,362708092.0,5,5,2017;2018;2019;2020;2022,37.495717079287
5,116,RJ,310,315,5,164,371036282.4,5,6,2017;2018;2019;2020;2022;2023,44.20052910706934
5,116,RJ,315,320,5,183,454103434.9999999,5,8,2017;2018;2019;2020;2022;2023;2024;2025,40.299188663921925
5,116,RJ,320,325,5,119,472244854.79999983,5,8,2017;2018;2019;2020;2022;2023;2024;2025,25.19879227702706
5,116,RJ,325,330,5,85,328850253.99999994,5,8,2017;2018;2019;2020;2022;2023;2024;2025,25.847630940251612
5,116,RJ,330,335,5,58,328850253.99999994,5,8,2017;2018;2019;2020;2022;2023;2024;2025,17.63720699452463
5,116,RJ,335,340,5,27,309345427.8,5,8,2017;2018;2019;2020;2022;2023;2024;2025,8.728107020044988
5,116,RS,0,5,5,116,26005527.3,5,5,2017;2022;2023;2024;2025,446.05901915320896
5,116,RS,5,10,5,4,46353193.24999999,5,5,2017;2022;2023;2024;2025,8.629394696556318
5,116,RS,10,15,5,6,46353193.24999999,5,5,2017;2022;2023;2024;2025,12.944092044834475
5,116,RS,15,20,5,2,46353193.24999999,5,5,2017;2022;2023;2024;2025,4.314697348278159
5,116,RS,20,25,5,9,46353193.24999999,5,5,2017;2022;2023;2024;2025,19.416138067251712
5,116,RS,25,30,5,13,46353193.24999999,5,5,2017;2022;2023;2024;2025,28.04553276380803
5,116,RS,30,35,5,14,29616107.299999997,5,5,2017;2022;2023;2024;2025,47.27157373582315
5,116,RS,35,40,5,0,0.0,0,0,,
5,116,RS,40,45,5,0,0.0,0,0,,
5,116,RS,45,50,5,55,25749837.5,2,8,2017;2018;2019;2020;2022;2023;2024;2025,213.5935809303651
5,116,RS,50,55,5,79,64374593.75,5,8,2017;2018;2019;2020;2022;2023;2024;2025,122.71922104362795
5,116,RS,55,60,5,9,40712267.900000006,5,8,2017;2018;2019;2020;2022;2023;2024;2025,22.106358756791337
5,116,RS,60,65,5,20,24937384.0,5,8,2017;2018;2019;2020;2022;2023;2024;2025,80.20087431785146
5,116,RS,65,70,5,5,24937384.0,5,8,2017;2018;2019;2020;2022;2023;2024;2025,20.050218579462864
5,116,RS,70,75,5,14,24937384.0,5,8,2017;2018;2019;2020;2022;2023;2024;2025,56.14061202249602
5,116,RS,75,80,5,24,19949907.2,4,8,2017;2018;2019;2020;2022;2023;2024;2025,120.30131147677719
5,116,RS,80,85,5,14,38094867.5,5,8,2017;2018;2019;2020;2022;2023;2024;2025,36.75035751207167
5,116,RS,85,90,5,8,38094867.5,5,8,2017;2018;2019;2020;2022;2023;2024;2025,21.000204292612384
5,116,RS,90,95,5,32,38094867.5,5,8,2017;2018;2019;2020;2022;2023;2024;2025,84.00081717044954
5,116,RS,95,100,5,22,38094867.5,5,8,2017;2018;2019;2020;2022;2023;2024;2025,57.750561804684054
5,116,RS,100,105,5,14,38094867.5,5,8,2017;2018;2019;2020;2022;2023;2024;2025,36.75035751207167
5,116,RS,105,110,5,27,38094867.5,5,8,2017;2018;2019;2020;2022;2023;2024;2025,70.8756894875668
5,116,RS,110,115,5,68,38094867.5,5,8,2017;2018;2019;2020;2022;2023;2024;2025,178.50173648720525
5,116,RS,115,120,5,60,30530388.5,5,6,2017;2018;2019;2020;2022;2023,196.5255044166896
5,116,RS,120,125,5,26,30530388.5,5,6,2017;2018;2019;2020;2022;2023,85.16105191389883
5,116,RS,125,130,5,23,30530388.5,5,6,2017;2018;2019;2020;2022;2023,75.33477669306436
5,116,RS,130,135,5,36,30530388.5,5,6,2017;2018;2019;2020;2022;2023,117.91530265001377
5,116,RS,135,140,5,26,30530388.5,5,6,2017;2018;2019;2020;2022;2023,85.16105191389883
5,116,RS,140,145,5,195,18956534.15,5,6,2017;2018;2019;2020;2022;2023,1028.669051299127
5,116,RS,145,150,5,105,26660476.0,5,2,2017;2018,393.84143028804135
5,116,RS,150,155,5,251,26900178.799999997,5,5,2017;2018;2019;2020;2022,933.0792998297841
5,116,RS,155,160,5,59,43385505.99999999,5,5,2017;2018;2019;2020;2022,135.99011614616182
5,116,RS,160,165,5,26,43385505.99999999,5,5,2017;2018;2019;2020;2022,59.92784779322386
5,116,RS,165,170,5,20,43385505.99999999,5,5,2017;2018;2019;2020;2022,46.098344456326046
5,116,RS,170,175,5,16,51134383.0,5,6,2017;2018;2019;2020;2022;2023,31.290100830980986
5,116,RS,175,180,5,24,80735226.00000001,5,8,2017;2018;2019;2020;2022;2023;2024;2025,29.726801037257264
5,116,RS,180,185,5,35,75271836.65,5,8,2017;2018;2019;2020;2022;2023;2024;2025,46.498134704409395
5,116,RS,185,190,5,27,53418279.249999985,5,5,2017;2018;2019;2020;2022,50.544495964834
5,116,RS,190,195,5,29,53418279.249999985,5,5,2017;2018;2019;2020;2022,54.28853270296985
5,116,RS,195,200,5,23,109495711.25,5,7,2017;2018;2019;2020;2022;2024;2025,21.005388921111738
5,116,RS,200,205,5,40,111281291.25,5,7,2017;2018;2019;2020;2022;2024;2025,35.94494595694225
5,116,RS,205,210,5,36,111281291.25,5,7,2017;2018;2019;2020;2022;2024;2025,32.35045136124802
5,116,RS,210,215,5,17,111281291.25,5,7,2017;2018;2019;2020;2022;2024;2025,15.276602031700454
5,116,RS,215,220,5,72,243305678.49999994,5,8,2017;2018;2019;2020;2022;2023;2024;2025,29.592404272636003
5,116,RS,220,225,5,148,243305678.49999994,5,8,2017;2018;2019;2020;2022;2023;2024;2025,60.82883100486289
5,116,RS,225,230,2,45,97322271.39999999,2,8,2017;2018;2019;2020;2022;2023;2024;2025,46.23813167599375
5,116,RS,230,235,5,194,159068737.39999998,4,5,2017;2018;2019;2020;2022,121.95985406746557
5,116,RS,235,240,5,160,400892731.25,5,5,2017;2018;2019;2020;2022,39.91092567358691
5,116,RS,240,245,5,442,651562058.4499999,5,6,2017;2018;2019;2020;2022;2023,67.8369764273066
5,116,RS,245,250,5,654,1027566049.2500001,5,6,2017;2018;2019;2020;2022;2023,63.64554380493025
5,116,RS,250,255,5,359,827013463.1500001,5,6,2017;2018;2019;2020;2022;2023,43.40920867631464
5,116,RS,255,260,5,60,24803118.75,5,1,2017,241.9050628461794
5,116,RS,260,265,2,23,9921247.5,2,1,2017,231.82568522758854
5,116,RS,270,275,5,0,0.0,0,0,,
5,116,RS,275,280,3,0,25906221.75,3,1,2017,0.0
5,116,RS,280,285,5,0,43177036.25,5,1,2017,0.0
5,116,RS,285,290,5,0,213356041.49999994,5,5,2017;2018;2019;2020;2022,0.0
5,116,RS,290,295,5,41,305770829.5,5,7,2017;2018;2019;2020;2022;2024;2025,13.408734923159175
5,116,RS,295,300,5,119,300977240.70000005,5,8,2017;2018;2019;2020;2022;2023;2024;2025,39.537873270163175
5,116,RS,300,305,5,188,197986767.49999997,5,8,2017;2018;2019;2020;2022;2023;2024;2025,94.95584092507598
5,116,RS,305,310,5,68,197986767.49999997,5,8,2017;2018;2019;2020;2022;2023;2024;2025,34.34572969630408
5,116,RS,310,315,5,47,197986767.49999997,5,8,2017;2018;2019;2020;2022;2023;2024;2025,23.738960231268994
5,116,RS,315,320,4,31,142089682.0,4,8,2017;2018;2019;2020;2022;2023;2024;2025,21.81720696651288
5,116,RS,320,325,5,48,116488107.5,5,8,2017;2018;2019;2020;2022;2023;2024;2025,41.20592310249353
5,116,RS,325,330,5,38,112680412.9,5,8,2017;2018;2019;2020;2022;2023;2024;2025,33.72369609057405
5,116,RS,330,335,5,34,106968871.0,5,8,2017;2018;2019;2020;2022;2023;2024;2025,31.784947977996325
5,116,RS,335,340,5,48,105600920.35,5,8,2017;2018;2019;2020;2022;2023;2024;2025,45.454149301834185
5,116,RS,340,345,5,35,104688953.25,5,8,2017;2018;2019;2020;2022;2023;2024;2025,33.43237171969718
5,116,RS,345,350,5,22,104688953.25,5,8,2017;2018;2019;2020;2022;2023;2024;2025,21.014633652381082
5,116,RS,350,355,5,37,104688953.25,5,8,2017;2018;2019;2020;2022;2023;2024;2025,35.342792960822734
5,116,RS,355,360,5,29,104688953.25,5,8,2017;2018;2019;2020;2022;2023;2024;2025,27.701107996320516
5,116,RS,360,365,5,68,101793897.35,5,8,2017;2018;2019;2020;2022;2023;2024;2025,66.80164702427517
5,116,RS,365,370,5,17,97451313.49999999,5,8,2017;2018;2019;2020;2022;2023;2024;2025,17.44460837872647
5,116,RS,370,375,5,23,97451313.49999999,5,8,2017;2018;2019;2020;2022;2023;2024;2025,23.601528982982877
5,116,RS,375,380,5,26,97187783.49999999,5,8,2017;2018;2019;2020;2022;2023;2024;2025,26.752333537887512
5,116,RS,380,385,5,20,96133663.49999999,5,8,2017;2018;2019;2020;2022;2023;2024;2025,20.80436682827551
5,116,RS,385,390,5,22,96133663.49999999,5,8,2017;2018;2019;2020;2022;2023;2024;2025,22.884803511103062
5,116,RS,390,395,5,35,96133663.49999999,5,8,2017;2018;2019;2020;2022;2023;2024;2025,36.40764194948215
5,116,RS,395,400,5,83,96133663.49999999,5,8,2017;2018;2019;2020;2022;2023;2024;2025,86.33812233734338
5,116,RS,400,405,5,42,54021328.59999999,4,6,2017;2018;2019;2020;2022;2023,77.7470697009107
5,116,RS,405,410,5,27,89769760.74999999,5,8,2017;2018;2019;2020;2022;2023;2024;2025,30.076943253967627
5,116,RS,410,415,5,23,95330535.74999999,5,8,2017;2018;2019;2020;2022;2023;2024;2025,24.126582127175343
5,116,RS,415,420,5,27,95330535.74999999,5,8,2017;2018;2019;2020;2022;2023;2024;2025,28.322509453640624
5,116,RS,420,425,5,22,95356450.74999999,5,8,2017;2018;2019;2020;2022;2023;2024;2025,23.07132850160114
5,116,RS,425,430,5,61,96860101.1,5,8,2017;2018;2019;2020;2022;2023;2024;2025,62.97742755504929
5,116,RS,430,435,5,17,97793428.0,5,8,2017;2018;2019;2020;2022;2023;2024;2025,17.38358123615423
5,116,RS,435,440,5,19,97793428.0,5,8,2017;2018;2019;2020;2022;2023;2024;2025,19.428708440407675
5,116,RS,440,445,5,15,97793428.0,5,8,2017;2018;2019;2020;2022;2023;2024;2025,15.338454031900795
5,116,RS,445,450,5,16,97793428.0,5,8,2017;2018;2019;2020;2022;2023;2024;2025,16.36101763402751
5,116,RS,450,455,5,32,97793428.0,5,8,2017;2018;2019;2020;2022;2023;2024;2025,32.72203526805502
5,116,RS,455,460,5,15,97793428.0,5,8,2017;2018;2019;2020;2022;2023;2024;2025,15.338454031900795
5,116,RS,460,465,5,14,97793428.0,5,8,2017;2018;2019;2020;2022;2023;2024;2025,14.315890429774075
5,116,RS,465,470,5,18,101295420.5,5,8,2017;2018;2019;2020;2022;2023;2024;2025,17.769806286553695
5,116,RS,470,475,5,21,101295420.5,5,8,2017;2018;2019;2020;2022;2023;2024;2025,20.731440667645977
5,116,RS,475,480,5,25,101295420.5,5,8,2017;2018;2019;2020;2022;2023;2024;2025,24.680286509102352
5,116,RS,480,485,5,24,102606792.5,5,8,2017;2018;2019;2020;2022;2023;2024;2025,23.390264343366937
5,116,RS,485,490,5,26,103481040.5,5,8,2017;2018;2019;2020;2022;2023;2024;2025,25.12537550296472
5,116,RS,490,495,5,24,103481040.5,5,8,2017;2018;2019;2020;2022;2023;2024;2025,23.19265431042897
5,116,RS,495,500,5,20,103481040.5,5,8,2017;2018;2019;2020;2022;2023;2024;2025,19.327211925357478
5,116,RS,500,505,5,21,103481040.5,5,8,2017;2018;2019;2020;2022;2023;2024;2025,20.29357252162535
5,116,RS,505,510,5,16,103481040.5,5,8,2017;2018;2019;2020;2022;2023;2024;2025,15.461769540285982
5,116,RS,510,515,5,73,85406240.5,5,8,2017;2018;2019;2020;2022;2023;2024;2025,85.47384778047922
5,116,RS,515,520,4,51,46635232.400000006,4,5,2017;2018;2019;2020;2022,109.35937782525127
5,116,RS,525,530,4,94,29168292.45,3,5,2017;2018;2019;2020;2022,322.26775071298357
5,116,RS,530,535,5,92,34215191.250000015,5,8,2017;2018;2019;2020;2022;2023;2024;2025,268.8864116753986
5,116,RS,535,540,5,9,43071551.25,5,8,2017;2018;2019;2020;2022;2023;2024;2025,20.89546287237565
5,116,RS,540,545,5,6,43071551.25,5,8,2017;2018;2019;2020;2022;2023;2024;2025,13.930308581583766
5,116,RS,545,550,5,1,43071551.25,5,8,2017;2018;2019;2020;2022;2023;2024;2025,2.3217180969306277
5,116,RS,550,555,5,10,43071551.25,5,8,2017;2018;2019;2020;2022;2023;2024;2025,23.217180969306277
5,116,RS,555,560,5,14,43071551.25,5,8,2017;2018;2019;2020;2022;2023;2024;2025,32.50405335702879
5,116,RS,560,565,5,17,38625380.400000006,5,8,2017;2018;2019;2020;2022;2023;2024;2025,44.012511524676135
5,116,RS,565,570,5,16,41400508.24999999,5,8,2017;2018;2019;2020;2022;2023;2024;2025,38.64686854418026
5,116,RS,570,575,5,11,41448323.24999999,5,8,2017;2018;2019;2020;2022;2023;2024;2025,26.539071155309045
5,116,RS,575,580,5,6,41448323.24999999,5,8,2017;2018;2019;2020;2022;2023;2024;2025,14.475856993804934
5,116,RS,580,585,5,10,41119093.24999999,5,8,2017;2018;2019;2020;2022;2023;2024;2025,24.319602427030663
5,116,RS,585,590,5,7,39802173.24999999,5,8,2017;2018;2019;2020;2022;2023;2024;2025,17.586979374298366
5,116,RS,590,595,5,12,39802173.24999999,5,8,2017;2018;2019;2020;2022;2023;2024;2025,30.1491074987972
5,116,RS,595,600,5,5,39802173.24999999,5,8,2017;2018;2019;2020;2022;2023;2024;2025,12.562128124498832
5,116,RS,600,605,5,7,39802173.24999999,5,8,2017;2018;2019;2020;2022;2023;2024;2025,17.586979374298366
5,116,RS,605,610,5,6,39802173.24999999,5,8,2017;2018;2019;2020;2022;2023;2024;2025,15.0745537493986
5,116,RS,610,615,5,28,42807072.25,5,8,2017;2018;2019;2020;2022;2023;2024;2025,65.40975247378663
5,116,RS,615,620,5,9,42822913.25000001,5,8,2017;2018;2019;2020;2022;2023;2024;2025,21.01678591425584
5,116,RS,620,625,5,16,42822913.25000001,5,8,2017;2018;2019;2020;2022;2023;2024;2025,37.36317495867705
5,116,RS,625,630,5,8,42822913.25000001,5,8,2017;2018;2019;2020;2022;2023;2024;2025,18.681587479338525
5,116,RS,630,635,5,5,42822913.25000001,5,8,2017;2018;2019;2020;2022;2023;2024;2025,11.675992174586579
5,116,RS,635,640,5,14,42822913.25000001,5,8,2017;2018;2019;2020;2022;2023;2024;2025,32.69277808884242
5,116,RS,640,645,5,6,42822913.25000001,5,8,2017;2018;2019;2020;2022;2023;2024;2025,14.011190609503895
5,116,RS,645,650,5,6,42822913.25000001,5,8,2017;2018;2019;2020;2022;2023;2024;2025,14.011190609503895
5,116,RS,650,655,5,15,42822913.25000001,5,8,2017;2018;2019;2020;2022;2023;2024;2025,35.02797652375974
5,116,RS,655,660,5,58,28714265.3,5,8,2017;2018;2019;2020;2022;2023;2024;2025,201.99019335521706
5,116,SC,0,5,4,111,47068575.0,4,5,2017;2018;2019;2020;2022,235.826132403626
5,116,SC,10,15,3,44,32818321.650000002,3,8,2017;2018;2019;2020;2022;2023;2024;2025,134.0714509085811
5,116,SC,15,20,5,27,54697202.750000015,5,8,2017;2018;2019;2020;2022;2023;2024;2025,49.36267056179577
5,116,SC,20,25,5,45,53940641.70000001,5,8,2017;2018;2019;2020;2022;2023;2024;2025,83.42503645076212
5,116,SC,25,30,5,25,50914397.5,5,8,2017;2018;2019;2020;2022;2023;2024;2025,49.102024628691716
5,116,SC,30,35,5,40,50914397.5,5,8,2017;2018;2019;2020;2022;2023;2024;2025,78.56323940590674
5,116,SC,35,40,5,30,50914397.5,5,8,2017;2018;2019;2020;2022;2023;2024;2025,58.92242955443005
5,116,SC,40,45,5,15,50914397.5,5,8,2017;2018;2019;2020;2022;2023;2024;2025,29.461214777215027
5,116,SC,45,50,5,33,50914397.5,5,8,2017;2018;2019;2020;2022;2023;2024;2025,64.81467250987306
5,116,SC,50,55,5,71,55347059.7,5,8,2017;2018;2019;2020;2022;2023;2024;2025,128.28143063939493
5,116,SC,55,60,5,76,73077708.5,5,8,2017;2018;2019;2020;2022;2023;2024;2025,103.99888223096103
5,116,SC,60,65,5,37,75272070.25,5,8,2017;2018;2019;2020;2022;2023;2024;2025,49.15501842464602
5,116,SC,65,70,5,51,75272070.25,5,8,2017;2018;2019;2020;2022;2023;2024;2025,67.7542145853229
5,116,SC,70,75,5,46,75272070.25,5,8,2017;2018;2019;2020;2022;2023;2024;2025,61.1116445279383
5,116,SC,75,80,5,21,75272070.25,5,8,2017;2018;2019;2020;2022;2023;2024;2025,27.898794241015313
5,116,SC,80,85,5,23,75272070.25,5,8,2017;2018;2019;2020;2022;2023;2024;2025,30.55582226396915
5,116,SC,85,90,5,22,63954515.25,5,8,2017;2018;2019;2020;2022;2023;2024;2025,34.399447660577806
5,116,SC,90,95,5,22,65948145.25,5,8,2017;2018;2019;2020;2022;2023;2024;2025,33.359543193521425
5,116,SC,95,100,5,19,65948145.25,5,8,2017;2018;2019;2020;2022;2023;2024;2025,28.810514576223053
5,116,SC,100,105,5,14,65948145.25,5,8,2017;2018;2019;2020;2022;2023;2024;2025,21.228800214059092
5,116,SC,105,110,5,77,65948145.25,5,8,2017;2018;2019;2020;2022;2023;2024;2025,116.758401177325
5,116,SC,110,115,5,21,53915241.35,4,8,2017;2018;2019;2020;2022;2023;2024;2025,38.95002502849781
5,116,SC,115,120,5,35,67876020.5,5,8,2017;2018;2019;2020;2022;2023;2024;2025,51.56460225890822
5,116,SC,120,125,5,27,67876020.5,5,8,2017;2018;2019;2020;2022;2023;2024;2025,39.778407456872046
5,116,SC,125,130,5,21,67876020.5,5,8,2017;2018;2019;2020;2022;2023;2024;2025,30.938761355344926
5,116,SC,130,135,5,35,59871577.800000004,5,8,2017;2018;2019;2020;2022;2023;2024;2025,58.45845605892818
5,116,SC,135,140,4,38,38291931.0,4,6,2017;2018;2019;2020;2022;2023,99.23761745000533
5,116,SC,140,145,2,24,28798098.5,2,8,2017;2018;2019;2020;2022;2023;2024;2025,83.3388357220877
5,116,SC,145,150,5,20,71995246.25,5,8,2017;2018;2019;2020;2022;2023;2024;2025,27.779611907362565
5,116,SC,150,155,5,8,71995246.25,5,8,2017;2018;2019;2020;2022;2023;2024;2025,11.111844762945026
5,116,SC,155,160,5,31,71995246.25,5,8,2017;2018;2019;2020;2022;2023;2024;2025,43.05839845641197
5,116,SC,160,165,5,27,71995246.25,5,8,2017;2018;2019;2020;2022;2023;2024;2025,37.50247607493946
5,116,SC,165,170,5,41,68067349.85,5,8,2017;2018;2019;2020;2022;2023;2024;2025,60.23445909140241
5,116,SC,170,175,5,47,67085375.74999999,5,8,2017;2018;2019;2020;2022;2023;2024;2025,70.05997875773991
5,116,SC,175,180,5,41,67085375.74999999,5,8,2017;2018;2019;2020;2022;2023;2024;2025,61.11615168228376
5,116,SC,180,185,1,9,13602002.399999999,1,8,2017;2018;2019;2020;2022;2023;2024;2025,66.16672851050225
5,116,SC,185,190,5,33,68010012.00000001,5,8,2017;2018;2019;2020;2022;2023;2024;2025,48.52226757436831
5,116,SC,190,195,5,38,68010012.00000001,5,8,2017;2018;2019;2020;2022;2023;2024;2025,55.87412629775744
5,116,SC,195,200,5,18,68010012.00000001,5,8,2017;2018;2019;2020;2022;2023;2024;2025,26.466691404200894
5,116,SC,200,205,5,38,68010012.00000001,5,8,2017;2018;2019;2020;2022;2023;2024;2025,55.87412629775744
5,116,SC,205,210,5,73,64846305.14999999,5,8,2017;2018;2019;2020;2022;2023;2024;2025,112.57387731057182
5,116,SC,210,215,5,73,62737167.25,5,8,2017;2018;2019;2020;2022;2023;2024;2025,116.35845735447994
5,116,SC,215,220,5,100,62737167.25,5,8,2017;2018;2019;2020;2022;2023;2024;2025,159.3951470609314
5,116,SC,225,230,4,26,58088596.60000001,4,7,2018;2019;2020;2022;2023;2024;2025,44.75921527083337
5,116,SC,230,235,5,24,72610745.75000001,5,7,2018;2019;2020;2022;2023;2024;2025,33.052958969230794
5,116,SC,235,240,5,44,72610745.75000001,5,7,2018;2019;2020;2022;2023;2024;2025,60.59709144358979
5,116,SC,240,245,5,29,72610745.75000001,5,7,2018;2019;2020;2022;2023;2024;2025,39.938992087820544
5,116,SC,245,250,5,173,86795014.4,4,8,2017;2018;2019;2020;2022;2023;2024;2025,199.32020427200942
5,116,SC,250,255,5,74,108493768.00000001,5,8,2017;2018;2019;2020;2022;2023;2024;2025,68.20668261793617
5,116,SC,255,260,5,19,108493768.00000001,5,8,2017;2018;2019;2020;2022;2023;2024;2025,17.512526618118745
5,116,SC,260,265,5,38,108493768.00000001,5,8,2017;2018;2019;2020;2022;2023;2024;2025,35.02505323623749
5,116,SC,265,270,5,26,96416742.9,5,8,2017;2018;2019;2020;2022;2023;2024;2025,26.96627081353108
5,116,SC,270,275,5,18,78301205.25,5,8,2017;2018;2019;2020;2022;2023;2024;2025,22.988151896933925
5,116,SC,275,280,5,18,78301205.25,5,8,2017;2018;2019;2020;2022;2023;2024;2025,22.988151896933925
5,116,SC,280,285,5,17,78127100.25,5,8,2017;2018;2019;2020;2022;2023;2024;2025,21.75941503729367
5,116,SC,285,290,5,11,77430680.25,5,8,2017;2018;2019;2020;2022;2023;2024;2025,14.206255149101574
5,116,SC,290,295,5,9,77430680.25,5,8,2017;2018;2019;2020;2022;2023;2024;2025,11.623299667446743
5,116,SC,295,300,5,9,77430680.25,5,8,2017;2018;2019;2020;2022;2023;2024;2025,11.623299667446743
5,116,SC,300,305,5,18,77430680.25,5,8,2017;2018;2019;2020;2022;2023;2024;2025,23.246599334893485
5,116,SC,305,310,5,38,77430680.25,5,8,2017;2018;2019;2020;2022;2023;2024;2025,49.0761541514418
5,116,SP,0,5,5,67,92367067.9,5,3,2017;2022;2023,72.53667516277194
5,116,SP,5,10,2,32,74999681.69999999,2,5,2017;2018;2019;2020;2022,42.6668477447685
5,116,SP,10,15,5,33,239783472.29999998,5,8,2017;2018;2019;2020;2022;2023;2024;2025,13.762416434904553
5,116,SP,15,20,5,71,318055269.5,5,8,2017;2018;2019;2020;2022;2023;2024;2025,22.323164182003907
5,116,SP,20,25,5,138,254452515.69999993,4,8,2017;2018;2019;2020;2022;2023;2024;2025,54.234087495799145
5,116,SP,25,30,5,148,321730983.74999994,5,8,2017;2018;2019;2020;2022;2023;2024;2025,46.00116478523652
5,116,SP,30,35,5,116,342651331.04999995,5,8,2017;2018;2019;2020;2022;2023;2024;2025,33.85365515567578
5,116,SP,35,40,2,54,151619759.0,2,8,2017;2018;2019;2020;2022;2023;2024;2025,35.61541078560876
5,116,SP,40,45,5,108,390356166.75,5,8,2017;2018;2019;2020;2022;2023;2024;2025,27.66704082048423
5,116,SP,45,50,5,150,390356166.75,5,8,2017;2018;2019;2020;2022;2023;2024;2025,38.426445584005876
5,116,SP,50,55,5,275,628757186.9499999,5,8,2017;2018;2019;2020;2022;2023;2024;2025,43.737074614443905
5,116,SP,55,60,5,254,688357442.0,5,8,2017;2018;2019;2020;2022;2023;2024;2025,36.89943400074405
5,116,SP,60,65,5,252,652262227.0000001,5,8,2017;2018;2019;2020;2022;2023;2024;2025,38.63476828315554
5,116,SP,65,70,5,165,345930283.0,5,5,2017;2018;2019;2020;2022,47.69747203658374
5,116,SP,70,75,5,197,414315478.5,5,7,2017;2018;2019;2020;2022;2024;2025,47.54830804613543
5,116,SP,75,80,5,104,540699557.25,5,7,2017;2018;2019;2020;2022;2024;2025,19.234341623829764
5,116,SP,80,85,1,22,108139911.45,1,7,2017;2018;2019;2020;2022;2024;2025,20.34401517905071
5,116,SP,85,90,5,177,545338762.0,5,8,2017;2018;2019;2020;2022;2023;2024;2025,32.45688961313922
5,116,SP,90,95,5,153,527396092.0,5,8,2017;2018;2019;2020;2022;2023;2024;2025,29.01045387344281
5,116,SP,95,100,5,234,479400698.0500001,5,8,2017;2018;2019;2020;2022;2023;2024;2025,48.81094269403723
5,116,SP,100,105,5,184,335266242.25000006,5,5,2017;2018;2019;2020;2022,54.881755695163484
5,116,SP,105,110,5,221,335266242.25000006,5,5,2017;2018;2019;2020;2022,65.91776091647353
5,116,SP,110,115,5,216,458136878.4500001,5,5,2017;2018;2019;2020;2022,47.14748149740442
5,116,SP,115,120,5,289,655663008.6500001,5,8,2017;2018;2019;2020;2022;2023;2024;2025,44.077520950136645
5,116,SP,120,125,5,207,771550085.2500001,5,8,2017;2018;2019;2020;2022;2023;2024;2025,26.82910726825041
5,116,SP,125,130,5,229,643979146.95,5,8,2017;2018;2019;2020;2022;2023;2024;2025,35.56015766730721
5,116,SP,130,135,5,161,452622739.5,5,5,2017;2018;2019;2020;2022,35.57046209782838
5,116,SP,135,140,5,204,452622739.5,5,5,2017;2018;2019;2020;2022,45.07064762706205
5,116,SP,140,145,5,294,452622739.5,5,5,2017;2018;2019;2020;2022,64.95475687429531
5,116,SP,145,150,4,516,362098191.6,4,5,2017;2018;2019;2020;2022,142.50278293850502
5,116,SP,150,155,5,388,530365075.00000006,5,7,2017;2018;2019;2020;2022;2024;2025,73.15715500308913
5,116,SP,155,160,5,418,692835335.0000002,5,7,2017;2018;2019;2020;2022;2024;2025,60.33179586604079
5,116,SP,160,165,5,230,692835335.0000002,5,7,2017;2018;2019;2020;2022;2024;2025,33.19692117030952
5,116,SP,165,170,5,217,569297664.9500002,5,7,2017;2018;2019;2020;2022;2024;2025,38.11714211388141
5,116,SP,170,175,5,126,481746034.75,5,7,2017;2018;2019;2020;2022;2024;2025,26.154859803960225
5,116,SP,175,180,5,111,464896174.75,5,7,2017;2018;2019;2020;2022;2024;2025,23.876298844508828
5,116,SP,180,185,5,118,438668734.75,5,7,2017;2018;2019;2020;2022;2024;2025,26.899569231267172
5,116,SP,185,190,5,148,412680734.75,5,7,2017;2018;2019;2020;2022;2024;2025,35.863074657375925
5,116,SP,190,195,5,128,406183734.75,5,7,2017;2018;2019;2020;2022;2024;2025,31.512832506398144
5,116,SP,195,200,5,173,406183734.75,5,7,2017;2018;2019;2020;2022;2024;2025,42.59156268442874
5,116,SP,200,205,5,193,499388802.5000001,5,5,2017;2018;2019;2020;2022,38.64724219562371
5,116,SP,205,210,5,377,535721960.99999994,5,5,2017;2018;2019;2020;2022,70.37232509495725
5,116,SP,210,215,5,710,535721960.99999994,5,5,2017;2018;2019;2020;2022,132.53143452896455
5,116,SP,215,220,5,995,459481410.7,5,5,2017;2018;2019;2020;2022,216.54847765966434
5,116,SP,220,225,5,230,208163369.0,5,1,2017,110.49014103917582
5,116,SP,225,230,5,208,204048687.5,5,1,2017,101.93645572946897
5,116,SP,230,235,2,45,40261113.3,1,1,2017,111.77038166999719
5,116,SP,260,265,1,0,0.0,0,0,,
5,116,SP,265,270,5,0,0.0,0,0,,
5,116,SP,270,275,5,0,0.0,0,0,,
5,116,SP,275,280,5,81,11516115.0,1,1,2022,703.3622015757918
5,116,SP,280,285,5,676,156974860.14999998,5,7,2018;2019;2020;2022;2023;2024;2025,430.6422056079787
5,116,SP,285,290,5,310,384241175.7500001,5,7,2018;2019;2020;2022;2023;2024;2025,80.67849558156051
5,116,SP,290,295,5,176,384241175.7500001,5,7,2018;2019;2020;2022;2023;2024;2025,45.804565233402094
5,116,SP,295,300,5,122,384241175.7500001,5,7,2018;2019;2020;2022;2023;2024;2025,31.750891809517363
5,116,SP,300,305,5,141,363765770.7500001,5,7,2018;2019;2020;2022;2023;2024;2025,38.76120606655511
5,116,SP,305,310,5,159,320847132.6000001,5,7,2018;2019;2020;2022;2023;2024;2025,49.55631010679007
5,116,SP,310,315,5,109,283704061.00000006,5,7,2018;2019;2020;2022;2023;2024;2025,38.420317148720684
5,116,SP,315,320,5,89,253102096.00000006,5,6,2018;2019;2020;2022;2024;2025,35.16367561017747
5,116,SP,320,325,5,148,283526744.0,5,7,2017;2018;2019;2020;2022;2024;2025,52.199661277808765
5,116,SP,325,330,5,173,292302439.0,5,8,2017;2018;2019;2020;2022;2023;2024;2025,59.185274194718566
5,116,SP,330,335,5,100,327406313.99999994,5,8,2017;2018;2019;2020;2022;2023;2024;2025,30.543088426816357
5,116,SP,335,340,5,163,327407043.99999994,5,8,2017;2018;2019;2020;2022;2023;2024;2025,49.78512313253714
5,116,SP,340,345,5,109,327407043.99999994,5,8,2017;2018;2019;2020;2022;2023;2024;2025,33.29189215611379
5,116,SP,345,350,5,183,327407043.99999994,5,8,2017;2018;2019;2020;2022;2023;2024;2025,55.89372719787911
5,116,SP,350,355,5,72,326013474.0,5,8,2017;2018;2019;2020;2022;2023;2024;2025,22.084976770009206
5,116,SP,355,360,5,122,320439194.0,5,8,2017;2018;2019;2020;2022;2023;2024;2025,38.0727458701572
5,116,SP,360,365,5,243,322123654.3999999,5,8,2017;2018;2019;2020;2022;2023;2024;2025,75.43686925215762
5,116,SP,365,370,5,56,323246627.99999994,5,8,2017;2018;2019;2020;2022;2023;2024;2025,17.324233309558302
5,116,SP,370,375,5,51,323246627.99999994,5,8,2017;2018;2019;2020;2022;2023;2024;2025,15.777426764062024
5,116,SP,375,380,2,23,129298651.2,2,8,2017;2018;2019;2020;2022;2023;2024;2025,17.78827527320718
5,116,SP,395,400,3,27,109045388.85000001,3,5,2017;2022;2023;2024;2025,24.760331715759662
5,116,SP,400,405,5,87,247154274.99999997,5,8,2017;2018;2019;2020;2022;2023;2024;2025,35.20068588738755
5,116,SP,405,410,5,81,292712808.5,5,8,2017;2018;2019;2020;2022;2023;2024;2025,27.672174789713722
5,116,SP,410,415,5,104,294802167.04999995,5,8,2017;2018;2019;2020;2022;2023;2024;2025,35.27789535629875
5,116,SP,415,420,5,72,343862667.49999994,5,8,2017;2018;2019;2020;2022;2023;2024;2025,20.938591712634814
5,116,SP,420,425,5,75,343862667.49999994,5,8,2017;2018;2019;2020;2022;2023;2024;2025,21.8110330339946
5,116,SP,425,430,5,73,343862667.49999994,5,8,2017;2018;2019;2020;2022;2023;2024;2025,21.22940548642141
5,116,SP,430,435,5,73,343862667.49999994,5,8,2017;2018;2019;2020;2022;2023;2024;2025,21.22940548642141
5,116,SP,435,440,5,82,344199562.49999994,5,8,2017;2018;2019;2020;2022;2023;2024;2025,23.82338879352876
5,116,SP,440,445,5,197,342418727.49999994,5,8,2017;2018;2019;2020;2022;2023;2024;2025,57.53190003312538
5,116,SP,445,450,5,244,320699855.09999996,5,8,2017;2018;2019;2020;2022;2023;2024;2025,76.08360157316454
5,116,SP,450,455,5,75,314328747.25,5,8,2017;2018;2019;2020;2022;2023;2024;2025,23.860369328659928
5,116,SP,455,460,5,58,307576247.25,5,8,2017;2018;2019;2020;2022;2023;2024;2025,18.85711283578319
5,116,SP,460,465,5,96,300656212.25,5,8,2017;2018;2019;2020;2022;2023;2024;2025,31.930156799878333
5,116,SP,465,470,5,66,271764348.9,5,8,2017;2018;2019;2020;2022;2023;2024;2025,24.2857461867766
5,116,SP,470,475,5,80,302045712.5,5,8,2017;2018;2019;2020;2022;2023;2024;2025,26.486057139447063
5,116,SP,475,480,5,118,291040053.6500001,5,8,2017;2018;2019;2020;2022;2023;2024;2025,40.54424761132873
5,116,SP,480,485,5,53,291556214.75,5,7,2018;2019;2020;2022;2023;2024;2025,18.17831255816165
5,116,SP,485,490,5,145,285660252.95000005,5,7,2018;2019;2020;2022;2023;2024;2025,50.75959938514084
5,116,SP,490,495,5,56,275488568.0,5,7,2018;2019;2020;2022;2023;2024;2025,20.32752226582411
5,116,SP,495,500,5,121,275488568.0,5,7,2018;2019;2020;2022;2023;2024;2025,43.921967752941384
5,116,SP,500,505,5,150,275488568.0,5,7,2018;2019;2020;2022;2023;2024;2025,54.44872035488602
5,116,SP,505,510,5,182,275488568.0,5,7,2018;2019;2020;2022;2023;2024;2025,66.06444736392837
5,116,SP,510,515,5,342,275488568.0,5,7,2018;2019;2020;2022;2023;2024;2025,124.1430824091401
5,116,SP,515,520,5,172,275488568.0,5,7,2018;2019;2020;2022;2023;2024;2025,62.43453267360263
5,116,SP,520,525,5,65,275488568.0,5,7,2018;2019;2020;2022;2023;2024;2025,23.594445487117273
5,116,SP,525,530,5,36,275488568.0,5,7,2018;2019;2020;2022;2023;2024;2025,13.067692885172644
5,116,SP,530,535,5,26,275488568.0,5,7,2018;2019;2020;2022;2023;2024;2025,9.437778194846908
5,116,SP,535,540,5,40,275488568.0,5,7,2018;2019;2020;2022;2023;2024;2025,14.519658761302939
5,116,SP,540,545,5,92,276133888.0,5,7,2018;2019;2020;2022;2023;2024;2025,33.31717112533468
5,116,SP,545,550,5,205,279298803.0,5,7,2018;2019;2020;2022;2023;2024;2025,73.39809472796058
5,116,SP,550,555,5,103,309650337.85,5,8,2017;2018;2019;2020;2022;2023;2024;2025,33.26332556752933
5,116,SP,555,560,5,69,318258045.25,5,8,2017;2018;2019;2020;2022;2023;2024;2025,21.68052026643936
5,116,SP,560,565,2,142,127303218.1,2,8,2017;2018;2019;2020;2022;2023;2024;2025,111.54470571863729
5,135,BA,0,5,5,0,4211048.800000001,4,1,2017,0.0
5,135,BA,5,10,5,2,28999921.6,5,8,2017;2018;2019;2020;2022;2023;2024;2025,6.896570368659203
5,135,BA,10,15,5,6,33241955.25,5,8,2017;2018;2019;2020;2022;2023;2024;2025,18.04947980609534
5,135,BA,15,20,5,3,33241955.25,5,8,2017;2018;2019;2020;2022;2023;2024;2025,9.02473990304767
5,135,BA,20,25,5,6,33241955.25,5,8,2017;2018;2019;2020;2022;2023;2024;2025,18.04947980609534
5,135,BA,25,30,5,7,33256015.049999997,5,8,2017;2018;2019;2020;2022;2023;2024;2025,21.048823767596897
5,135,BA,30,35,5,4,33259530.0,5,8,2017;2018;2019;2020;2022;2023;2024;2025,12.026628157403307
5,135,BA,35,40,5,5,33259530.0,5,8,2017;2018;2019;2020;2022;2023;2024;2025,15.033285196754134
5,135,BA,40,45,5,2,33259530.0,5,8,2017;2018;2019;2020;2022;2023;2024;2025,6.0133140787016535
5,135,BA,45,50,5,13,33259530.0,5,8,2017;2018;2019;2020;2022;2023;2024;2025,39.086541511560746
5,135,BA,50,55,5,6,33259530.0,5,8,2017;2018;2019;2020;2022;2023;2024;2025,18.03994223610496
5,135,BA,55,60,5,4,33259530.0,5,8,2017;2018;2019;2020;2022;2023;2024;2025,12.026628157403307
5,135,BA,60,65,5,4,33259530.0,5,8,2017;2018;2019;2020;2022;2023;2024;2025,12.026628157403307
5,135,BA,65,70,5,3,33259530.0,5,8,2017;2018;2019;2020;2022;2023;2024;2025,9.01997111805248
5,135,BA,70,75,5,7,33259530.0,5,8,2017;2018;2019;2020;2022;2023;2024;2025,21.046599275455787
5,135,BA,75,80,3,3,19955718.0,3,8,2017;2018;2019;2020;2022;2023;2024;2025,15.033285196754134
5,135,BA,175,180,3,0,27389924.849999994,3,5,2017;2018;2019;2020;2022,0.0
5,135,BA,180,185,5,21,26311955.75,5,6,2017;2018;2019;2020;2022;2023,79.8116270775501
5,135,BA,185,190,5,30,31677455.75,5,8,2017;2018;2019;2020;2022;2023;2024;2025,94.70457550871964
5,135,BA,190,195,5,17,35254455.75,5,8,2017;2018;2019;2020;2022;2023;2024;2025,48.22085503333858
5,135,BA,195,200,5,14,35254455.75,5,8,2017;2018;2019;2020;2022;2023;2024;2025,39.71129238039648
5,135,BA,200,205,5,19,35254455.75,5,8,2017;2018;2019;2020;2022;2023;2024;2025,53.893896801966655
5,135,BA,205,210,1,3,7050891.15,1,8,2017;2018;2019;2020;2022;2023;2024;2025,42.54781326471051
5,135,BA,225,230,2,0,8374260.699999999,2,8,2017;2018;2019;2020;2022;2023;2024;2025,0.0
5,135,BA,230,235,5,0,20935651.749999996,5,8,2017;2018;2019;2020;2022;2023;2024;2025,0.0
5,135,BA,235,240,5,0,20935651.749999996,5,8,2017;2018;2019;2020;2022;2023;2024;2025,0.0
5,135,BA,240,245,5,0,20935651.749999996,5,8,2017;2018;2019;2020;2022;2023;2024;2025,0.0
5,135,BA,245,250,5,0,20935651.749999996,5,8,2017;2018;2019;2020;2022;2023;2024;2025,0.0
5,135,BA,250,255,5,0,20935651.749999996,5,8,2017;2018;2019;2020;2022;2023;2024;2025,0.0
5,135,BA,255,260,5,0,20935651.749999996,5,8,2017;2018;2019;2020;2022;2023;2024;2025,0.0
5,135,BA,260,265,5,0,20935651.749999996,5,8,2017;2018;2019;2020;2022;2023;2024;2025,0.0
5,135,BA,265,270,5,1,20935651.749999996,5,8,2017;2018;2019;2020;2022;2023;2024;2025,4.776541050364005
5,135,BA,270,275,5,1,20935651.749999996,5,8,2017;2018;2019;2020;2022;2023;2024;2025,4.776541050364005
5,135,BA,275,280,5,0,20935651.749999996,5,8,2017;2018;2019;2020;2022;2023;2024;2025,0.0
5,135,BA,280,285,5,0,20935651.749999996,5,8,2017;2018;2019;2020;2022;2023;2024;2025,0.0
5,135,BA,285,290,5,0,20935651.749999996,5,8,2017;2018;2019;2020;2022;2023;2024;2025,0.0
5,135,BA,290,295,5,2,20935651.749999996,5,8,2017;2018;2019;2020;2022;2023;2024;2025,9.55308210072801
5,135,BA,295,300,5,1,20935651.749999996,5,8,2017;2018;2019;2020;2022;2023;2024;2025,4.776541050364005
5,135,BA,300,305,5,0,20935651.749999996,5,8,2017;2018;2019;2020;2022;2023;2024;2025,0.0
5,135,BA,305,310,4,2,16740856.399999999,4,8,2017;2018;2019;2020;2022;2023;2024;2025,11.946820116084384
5,135,BA,310,315,5,0,20922876.749999996,5,8,2017;2018;2019;2020;2022;2023;2024;2025,0.0
5,135,BA,315,320,5,0,20922876.749999996,5,8,2017;2018;2019;2020;2022;2023;2024;2025,0.0
5,135,BA,320,325,2,0,8369150.699999999,2,8,2017;2018;2019;2020;2022;2023;2024;2025,0.0
5,135,BA,325,330,5,1,20922876.749999996,5,8,2017;2018;2019;2020;2022;2023;2024;2025,4.779457490232552
5,135,BA,330,335,5,0,20922876.749999996,5,8,2017;2018;2019;2020;2022;2023;2024;2025,0.0
5,135,BA,335,340,5,0,20922876.749999996,5,8,2017;2018;2019;2020;2022;2023;2024;2025,0.0
5,135,BA,345,350,4,0,30533885.2,4,8,2017;2018;2019;2020;2022;2023;2024;2025,0.0
5,135,BA,390,395,3,0,22769276.7,3,8,2017;2018;2019;2020;2022;2023;2024;2025,0.0
5,135,BA,395,400,5,0,37948794.49999999,5,8,2017;2018;2019;2020;2022;2023;2024;2025,0.0
5,135,BA,400,405,5,0,37949144.89999999,5,8,2017;2018;2019;2020;2022;2023;2024;2025,0.0
5,135,BA,405,410,5,0,33346224.799999993,5,8,2017;2018;2019;2020;2022;2023;2024;2025,0.0
5,135,BA,410,415,5,0,35426863.5,5,8,2017;2018;2019;2020;2022;2023;2024;2025,0.0
5,135,BA,415,420,5,0,34197178.5,5,8,2017;2018;2019;2020;2022;2023;2024;2025,0.0
5,135,BA,420,425,5,0,38341388.5,5,8,2017;2018;2019;2020;2022;2023;2024;2025,0.0
5,135,BA,425,430,5,0,38341388.5,5,8,2017;2018;2019;2020;2022;2023;2024;2025,0.0
5,135,BA,430,435,5,0,38341388.5,5,8,2017;2018;2019;2020;2022;2023;2024;2025,0.0
5,135,BA,435,440,5,1,38341388.5,5,8,2017;2018;2019;2020;2022;2023;2024;2025,2.608147589647151
5,135,BA,440,445,5,0,38341388.5,5,8,2017;2018;2019;2020;2022;2023;2024;2025,0.0
5,135,BA,445,450,5,1,15860691.75,5,5,2017;2022;2023;2024;2025,6.304895245190046
5,135,BA,450,455,5,0,15048950.0,5,4,2022;2023;2024;2025,0.0
5,135,BA,455,460,1,0,3009790.0,1,4,2022;2023;2024;2025,0.0
5,135,MA,0,5,5,0,0.0,0,0,,
5,135,MA,5,10,5,0,0.0,0,0,,
5,135,MA,10,15,5,0,0.0,0,0,,
5,135,MA,15,20,5,0,0.0,0,0,,
5,135,MA,20,25,5,202,25717513.099999998,1,6,2017;2018;2019;2020;2022;2023,785.4569732872034
5,135,MA,25,30,5,54,181178590.5,5,8,2017;2018;2019;2020;2022;2023;2024;2025,29.80484606430361
5,135,MA,30,35,5,56,181178590.5,5,8,2017;2018;2019;2020;2022;2023;2024;2025,30.908729251870408
5,135,MA,35,40,5,58,181178590.5,5,8,2017;2018;2019;2020;2022;2023;2024;2025,32.01261243943721
5,135,MA,40,45,5,54,181178590.5,5,8,2017;2018;2019;2020;2022;2023;2024;2025,29.80484606430361
5,135,MA,45,50,5,64,181178590.5,5,8,2017;2018;2019;2020;2022;2023;2024;2025,35.32426200213761
5,135,MA,50,55,5,60,142689851.50000003,5,8,2017;2018;2019;2020;2022;2023;2024;2025,42.04924132253371
5,135,MA,55,60,5,31,133067666.75000003,5,8,2017;2018;2019;2020;2022;2023;2024;2025,23.296418098500997
5,135,MA,60,65,5,38,133067666.75000003,5,8,2017;2018;2019;2020;2022;2023;2024;2025,28.556899604614127
5,135,MA,65,70,5,56,133067666.75000003,5,8,2017;2018;2019;2020;2022;2023;2024;2025,42.08385204890503
5,135,MA,70,75,5,62,113691543.19999999,4,8,2017;2018;2019;2020;2022;2023;2024;2025,54.53351960482493
5,135,MA,75,80,5,35,142114429.0,5,8,2017;2018;2019;2020;2022;2023;2024;2025,24.62804111185642
5,135,MA,80,85,5,50,142114429.0,5,8,2017;2018;2019;2020;2022;2023;2024;2025,35.1829158740806
5,135,MA,85,90,5,36,142114429.0,5,8,2017;2018;2019;2020;2022;2023;2024;2025,25.331699429338027
5,135,MA,90,95,5,40,142114429.0,5,8,2017;2018;2019;2020;2022;2023;2024;2025,28.146332699264477
5,135,MA,95,100,5,56,117394307.6,5,8,2017;2018;2019;2020;2022;2023;2024;2025,47.70248331870565
5,135,MA,100,105,4,14,88971421.8,4,8,2017;2018;2019;2020;2022;2023;2024;2025,15.735389765345978
5,135,MA,125,130,2,10,33007132.5,2,8,2017;2018;2019;2020;2022;2023;2024;2025,30.296482131551414
5,135,MA,130,135,5,22,75474827.75000001,5,8,2017;2018;2019;2020;2022;2023;2024;2025,29.148791267032728
5,135,MA,135,140,5,15,80747763.75,5,8,2017;2018;2019;2020;2022;2023;2024;2025,18.576365837747424
5,135,MA,140,145,5,11,80747763.75,5,8,2017;2018;2019;2020;2022;2023;2024;2025,13.622668281014779
5,135,MA,145,150,5,10,80747763.75,5,8,2017;2018;2019;2020;2022;2023;2024;2025,12.384243891831618
5,135,MA,150,155,5,12,80747763.75,5,8,2017;2018;2019;2020;2022;2023;2024;2025,14.861092670197941
5,135,MA,155,160,5,16,80747763.75,5,8,2017;2018;2019;2020;2022;2023;2024;2025,19.81479022693059
5,135,MA,160,165,5,15,80747763.75,5,8,2017;2018;2019;2020;2022;2023;2024;2025,18.576365837747424
5,135,MA,165,170,5,20,80747763.75,5,8,2017;2018;2019;2020;2022;2023;2024;2025,24.768487783663236
5,135,MA,170,175,5,19,80747763.75,5,8,2017;2018;2019;2020;2022;2023;2024;2025,23.530063394480074
5,135,MA,175,180,4,12,64598211.0,4,8,2017;2018;2019;2020;2022;2023;2024;2025,18.576365837747424
5,135,MA,180,185,4,21,59665659.4,4,8,2017;2018;2019;2020;2022;2023;2024;2025,35.19612489190055
5,135,MA,185,190,5,22,74582074.25,5,8,2017;2018;2019;2020;2022;2023;2024;2025,29.49770467130713
5,135,MA,190,195,5,9,74582074.25,5,8,2017;2018;2019;2020;2022;2023;2024;2025,12.067242820080189
5,135,MA,195,200,5,15,65651294.400000006,5,8,2017;2018;2019;2020;2022;2023;2024;2025,22.84798820356541
5,135,MA,200,205,5,0,94516001.75,5,8,2017;2018;2019;2020;2022;2023;2024;2025,0.0
5,135,MA,205,210,5,0,94516001.75,5,8,2017;2018;2019;2020;2022;2023;2024;2025,0.0
5,135,MA,210,215,5,0,94516001.75,5,8,2017;2018;2019;2020;2022;2023;2024;2025,0.0
5,135,MA,215,220,5,0,94516001.75,5,8,2017;2018;2019;2020;2022;2023;2024;2025,0.0
5,135,MA,220,225,5,1,82908421.39999999,5,8,2017;2018;2019;2020;2022;2023;2024;2025,1.2061500908036829
5,135,MA,225,230,5,15,43657139.00000001,5,8,2017;2018;2019;2020;2022;2023;2024;2025,34.35864177906848
5,135,MA,230,235,5,13,43657139.00000001,5,8,2017;2018;2019;2020;2022;2023;2024;2025,29.777489541859342
5,135,MA,235,240,5,5,31508041.0,5,7,2018;2019;2020;2022;2023;2024;2025,15.868965004837971
5,135,MA,240,245,5,7,31508041.0,5,7,2018;2019;2020;2022;2023;2024;2025,22.21655100677316
5,135,MA,245,250,5,8,31508041.0,5,7,2018;2019;2020;2022;2023;2024;2025,25.390344007740755
5,135,MA,250,255,5,5,31508041.0,5,7,2018;2019;2020;2022;2023;2024;2025,15.868965004837971
5,135,MA,255,260,5,10,31508041.0,5,7,2018;2019;2020;2022;2023;2024;2025,31.737930009675942
5,135,MA,260,265,5,7,31508041.0,5,7,2018;2019;2020;2022;2023;2024;2025,22.21655100677316
5,135,MA,265,270,5,11,29875943.5,5,7,2018;2019;2020;2022;2023;2024;2025,36.81892088194637
5,135,MA,270,275,5,3,31606189.5,5,7,2018;2019;2020;2022;2023;2024;2025,9.491811722510871
5,135,MA,275,280,5,3,31606189.5,5,7,2018;2019;2020;2022;2023;2024;2025,9.491811722510871
5,135,MA,280,285,5,9,31606189.5,5,7,2018;2019;2020;2022;2023;2024;2025,28.475435167532616
5,135,MA,285,290,5,7,31606189.5,5,7,2018;2019;2020;2022;2023;2024;2025,22.1475606858587
5,135,MA,290,295,5,8,39559437.3,5,8,2017;2018;2019;2020;2022;2023;2024;2025,20.22273456351716
5,135,MA,295,300,5,2,41868036.75,5,8,2017;2018;2019;2020;2022;2023;2024;2025,4.776913739572468
5,135,MA,300,305,5,7,41868036.75,5,8,2017;2018;2019;2020;2022;2023;2024;2025,16.719198088503635
5,135,MA,305,310,5,6,41868036.75,5,8,2017;2018;2019;2020;2022;2023;2024;2025,14.330741218717401
5,135,MA,310,315,5,7,42270430.99999999,5,8,2017;2018;2019;2020;2022;2023;2024;2025,16.560039333405427
5,135,MA,315,320,5,5,42270430.99999999,5,8,2017;2018;2019;2020;2022;2023;2024;2025,11.82859952386102
5,135,MA,320,325,5,5,40086409.699999996,5,8,2017;2018;2019;2020;2022;2023;2024;2025,12.473055176103736
5,135,MA,325,330,5,7,45603227.74999999,5,8,2017;2018;2019;2020;2022;2023;2024;2025,15.349790673534072
5,135,MA,330,335,5,8,45603227.74999999,5,8,2017;2018;2019;2020;2022;2023;2024;2025,17.542617912610364
5,135,MA,335,340,5,6,47175512.699999996,5,8,2017;2018;2019;2020;2022;2023;2024;2025,12.718462729075968
5,135,MA,340,345,3,1,25390849.05,3,8,2017;2018;2019;2020;2022;2023;2024;2025,3.9384267852988555
5,135,MA,345,350,5,4,42318081.75,5,8,2017;2018;2019;2020;2022;2023;2024;2025,9.452224284717254
5,135,MA,350,355,5,4,42318081.75,5,8,2017;2018;2019;2020;2022;2023;2024;2025,9.452224284717254
5,135,MA,355,360,5,2,40363900.95,5,8,2017;2018;2019;2020;2022;2023;2024;2025,4.954922475103339
5,135,MA,360,365,5,2,44106654.75000001,5,8,2017;2018;2019;2020;2022;2023;2024;2025,4.534463135633744
5,135,MA,365,370,5,3,44106654.75000001,5,8,2017;2018;2019;2020;2022;2023;2024;2025,6.801694703450616
5,135,MA,370,375,5,2,44106654.75000001,5,8,2017;2018;2019;2020;2022;2023;2024;2025,4.534463135633744
5,135,MA,375,380,5,0,41352452.35,5,8,2017;2018;2019;2020;2022;2023;2024;2025,0.0
5,135,MA,380,385,5,3,44146914.24999999,5,8,2017;2018;2019;2020;2022;2023;2024;2025,6.795491940866514
5,135,MA,385,390,5,3,44146914.24999999,5,8,2017;2018;2019;2020;2022;2023;2024;2025,6.795491940866514
5,135,MA,390,395,5,1,42368853.24999999,5,8,2017;2018;2019;2020;2022;2023;2024;2025,2.3602243707174213
5,135,MA,395,400,5,1,41738644.24999999,5,8,2017;2018;2019;2020;2022;2023;2024;2025,2.3958612407493334
5,135,MA,400,405,5,1,41738644.24999999,5,8,2017;2018;2019;2020;2022;2023;2024;2025,2.3958612407493334
5,135,MA,405,410,5,3,41738644.24999999,5,8,2017;2018;2019;2020;2022;2023;2024;2025,7.187583722248
5,135,MA,410,415,5,1,41397573.650000006,5,8,2017;2018;2019;2020;2022;2023;2024;2025,2.4156005094757527
5,135,MA,415,420,5,2,41269874.75,5,8,2017;2018;2019;2020;2022;2023;2024;2025,4.8461499147147284
5,135,MA,420,425,5,0,41269874.75,5,8,2017;2018;2019;2020;2022;2023;2024;2025,0.0
5,135,MA,425,430,5,1,41269874.75,5,8,2017;2018;2019;2020;2022;2023;2024;2025,2.4230749573573642
5,135,MA,430,435,5,3,32314271.250000007,5,8,2017;2018;2019;2020;2022;2023;2024;2025,9.283823784204941
5,135,MA,435,440,5,0,29538227.250000004,5,8,2017;2018;2019;2020;2022;2023;2024;2025,0.0
5,135,MA,440,445,5,2,29538227.250000004,5,8,2017;2018;2019;2020;2022;2023;2024;2025,6.770887037576027
5,135,MA,445,450,5,0,29538227.250000004,5,8,2017;2018;2019;2020;2022;2023;2024;2025,0.0
5,135,MA,450,455,5,1,29538227.250000004,5,8,2017;2018;2019;2020;2022;2023;2024;2025,3.3854435187880134
5,135,MA,455,460,5,1,29538227.250000004,5,8,2017;2018;2019;2020;2022;2023;2024;2025,3.3854435187880134
5,135,MA,460,465,5,0,29538227.250000004,5,8,2017;2018;2019;2020;2022;2023;2024;2025,0.0
5,135,MA,465,470,5,0,29538227.250000004,5,8,2017;2018;2019;2020;2022;2023;2024;2025,0.0
5,135,MA,470,475,5,0,29538227.250000004,5,8,2017;2018;2019;2020;2022;2023;2024;2025,0.0
5,135,MA,475,480,5,0,35783771.45,5,8,2017;2018;2019;2020;2022;2023;2024;2025,0.0
5,135,MA,480,485,5,1,37345157.5,5,8,2017;2018;2019;2020;2022;2023;2024;2025,2.677723343381267
5,135,MA,485,490,5,1,37345157.5,5,8,2017;2018;2019;2020;2022;2023;2024;2025,2.677723343381267
5,135,MA,490,495,5,0,37345157.5,5,8,2017;2018;2019;2020;2022;2023;2024;2025,0.0
5,135,MA,495,500,5,2,33727343.2,5,8,2017;2018;2019;2020;2022;2023;2024;2025,5.929906746998085
5,135,MA,500,505,5,0,38182832.5,5,8,2017;2018;2019;2020;2022;2023;2024;2025,0.0
5,135,MA,505,510,5,1,38182832.5,5,8,2017;2018;2019;2020;2022;2023;2024;2025,2.6189780446487307
5,135,MA,510,515,5,0,38182832.5,5,8,2017;2018;2019;2020;2022;2023;2024;2025,0.0
5,135,MA,515,520,5,0,52902716.74999999,5,8,2017;2018;2019;2020;2022;2023;2024;2025,0.0
5,135,MA,520,525,5,0,52902716.74999999,5,8,2017;2018;2019;2020;2022;2023;2024;2025,0.0
5,135,MA,525,530,5,0,52902716.74999999,5,8,2017;2018;2019;2020;2022;2023;2024;2025,0.0
5,135,MA,530,535,5,0,52902716.74999999,5,8,2017;2018;2019;2020;2022;2023;2024;2025,0.0
5,135,MA,535,540,1,0,10580543.35,1,8,2017;2018;2019;2020;2022;2023;2024;2025,0.0
5,135,MA,550,555,3,0,20883588.150000002,3,7,2018;2019;2020;2022;2023;2024;2025,0.0
5,135,MA,555,560,5,0,34805980.25,5,7,2018;2019;2020;2022;2023;2024;2025,0.0
5,135,MA,560,565,5,0,34805980.25,5,7,2018;2019;2020;2022;2023;2024;2025,0.0
5,135,MA,565,570,5,0,34805980.25,5,7,2018;2019;2020;2022;2023;2024;2025,0.0
5,135,MA,570,575,2,0,13922392.100000001,2,7,2018;2019;2020;2022;2023;2024;2025,0.0
5,135,MG,125,130,5,0,30272844.499999993,5,8,2017;2018;2019;2020;2022;2023;2024;2025,0.0
5,135,MG,130,135,5,0,30272844.499999993,5,8,2017;2018;2019;2020;2022;2023;2024;2025,0.0
5,135,PI,35,40,1,1,6850122.9,1,5,2017;2018;2019;2020;2022,14.598278229431475
5,135,PI,40,45,5,5,30115157.2,4,8,2017;2018;2019;2020;2022;2023;2024;2025,16.602935082802755
5,135,PI,45,50,5,2,37643946.5,5,8,2017;2018;2019;2020;2022;2023;2024;2025,5.312939226496882
5,135,PI,50,55,5,1,37643946.5,5,8,2017;2018;2019;2020;2022;2023;2024;2025,2.656469613248441
5,135,PI,55,60,5,1,37643946.5,5,8,2017;2018;2019;2020;2022;2023;2024;2025,2.656469613248441
5,135,PI,60,65,5,2,37643946.5,5,8,2017;2018;2019;2020;2022;2023;2024;2025,5.312939226496882
5,135,PI,65,70,5,1,37643946.5,5,8,2017;2018;2019;2020;2022;2023;2024;2025,2.656469613248441
5,135,PI,70,75,5,1,37643946.5,5,8,2017;2018;2019;2020;2022;2023;2024;2025,2.656469613248441
5,135,PI,75,80,5,2,42421113.949999996,5,8,2017;2018;2019;2020;2022;2023;2024;2025,4.714633383643147
5,135,PI,80,85,5,1,45605892.25,5,8,2017;2018;2019;2020;2022;2023;2024;2025,2.1926991243110696
5,135,PI,85,90,5,0,45677432.25,5,8,2017;2018;2019;2020;2022;2023;2024;2025,0.0
5,135,PI,90,95,5,0,45784742.25,5,8,2017;2018;2019;2020;2022;2023;2024;2025,0.0
5,135,PI,95,100,5,1,45784742.25,5,8,2017;2018;2019;2020;2022;2023;2024;2025,2.184133732892206
5,135,PI,100,105,5,2,45784742.25,5,8,2017;2018;2019;2020;2022;2023;2024;2025,4.368267465784412
5,135,PI,105,110,5,3,45784742.25,5,8,2017;2018;2019;2020;2022;2023;2024;2025,6.552401198676619
5,135,PI,110,115,5,1,45784742.25,5,8,2017;2018;2019;2020;2022;2023;2024;2025,2.184133732892206
5,135,PI,115,120,5,8,38830203.8,5,8,2017;2018;2019;2020;2022;2023;2024;2025,20.602518702206762
5,135,PI,120,125,4,3,31613117.200000003,4,8,2017;2018;2019;2020;2022;2023;2024;2025,9.489731686440589
5,135,PI,125,130,5,13,27422906.25,5,7,2018;2019;2020;2022;2023;2024;2025,47.40562463178023
5,135,PI,130,135,5,3,27422906.25,5,7,2018;2019;2020;2022;2023;2024;2025,10.939759530410823
5,135,PI,135,140,5,2,27422906.25,5,7,2018;2019;2020;2022;2023;2024;2025,7.293173020273882
5,135,PI,140,145,5,3,27422906.25,5,7,2018;2019;2020;2022;2023;2024;2025,10.939759530410823
5,135,PI,145,150,5,5,26208332.25,5,7,2018;2019;2020;2022;2023;2024;2025,19.07790221943634
5,135,PI,150,155,5,3,25185602.25,5,7,2018;2019;2020;2022;2023;2024;2025,11.911567451201211
5,135,PI,155,160,5,0,25185602.25,5,7,2018;2019;2020;2022;2023;2024;2025,0.0
5,135,PI,160,165,5,3,25185602.25,5,7,2018;2019;2020;2022;2023;2024;2025,11.911567451201211
5,135,PI,165,170,5,8,25185602.25,5,7,2018;2019;2020;2022;2023;2024;2025,31.7641798698699
5,135,PI,170,175,5,6,25185602.25,5,7,2018;2019;2020;2022;2023;2024;2025,23.823134902402423
5,135,PI,175,180,5,4,26882885.099999998,5,8,2017;2018;2019;2020;2022;2023;2024;2025,14.879355341216707
5,135,PI,180,185,5,2,28014407.0,5,8,2017;2018;2019;2020;2022;2023;2024;2025,7.139183777832598
5,135,PI,185,190,5,1,28014407.0,5,8,2017;2018;2019;2020;2022;2023;2024;2025,3.569591888916299
5,135,PI,190,195,5,5,28014407.0,5,8,2017;2018;2019;2020;2022;2023;2024;2025,17.847959444581495
5,135,PI,195,200,5,2,22235727.0,5,8,2017;2018;2019;2020;2022;2023;2024;2025,8.99453388683896
5,135,PI,200,205,5,1,20791057.0,5,6,2017;2018;2019;2020;2022;2023,4.809760273371382
5,135,PI,205,210,5,1,20791057.0,5,6,2017;2018;2019;2020;2022;2023,4.809760273371382
5,135,PI,210,215,5,6,29850138.000000004,5,8,2017;2018;2019;2020;2022;2023;2024;2025,20.100409586046133
5,135,PI,215,220,5,5,29850138.000000004,5,8,2017;2018;2019;2020;2022;2023;2024;2025,16.75034132170511
5,135,PI,220,225,5,3,29850138.000000004,5,8,2017;2018;2019;2020;2022;2023;2024;2025,10.050204793023067
5,135,PI,225,230,5,8,31164999.400000002,5,8,2017;2018;2019;2020;2022;2023;2024;2025,25.66982240981529
5,135,PI,230,235,5,13,35794491.49999999,5,8,2017;2018;2019;2020;2022;2023;2024;2025,36.318437433312894
5,135,PI,235,240,5,9,35794491.49999999,5,8,2017;2018;2019;2020;2022;2023;2024;2025,25.143533607678158
5,135,PI,240,245,5,3,35794491.49999999,5,8,2017;2018;2019;2020;2022;2023;2024;2025,8.381177869226054
5,135,PI,245,250,5,3,35794491.49999999,5,8,2017;2018;2019;2020;2022;2023;2024;2025,8.381177869226054
5,135,PI,250,255,5,7,35794491.49999999,5,8,2017;2018;2019;2020;2022;2023;2024;2025,19.55608169486079
5,135,PI,255,260,5,2,35607377.89999999,5,8,2017;2018;2019;2020;2022;2023;2024;2025,5.616813475052316
5,135,PI,260,265,5,12,35326707.49999999,5,8,2017;2018;2019;2020;2022;2023;2024;2025,33.968634070978744
5,135,PI,265,270,5,2,35326707.49999999,5,8,2017;2018;2019;2020;2022;2023;2024;2025,5.66143901182979
5,135,PI,270,275,5,9,35326707.49999999,5,8,2017;2018;2019;2020;2022;2023;2024;2025,25.476475553234053
5,135,PI,275,280,5,5,35326707.49999999,5,8,2017;2018;2019;2020;2022;2023;2024;2025,14.153597529574474
5,135,PI,280,285,5,7,35326707.49999999,5,8,2017;2018;2019;2020;2022;2023;2024;2025,19.815036541404265
5,135,PI,285,290,5,6,35326707.49999999,5,8,2017;2018;2019;2020;2022;2023;2024;2025,16.984317035489372
5,135,PI,290,295,5,3,35326707.49999999,5,8,2017;2018;2019;2020;2022;2023;2024;2025,8.492158517744686
5,135,PI,295,300,5,10,35100407.49999999,5,8,2017;2018;2019;2020;2022;2023;2024;2025,28.489697733566206
5,135,PI,300,305,5,11,35100407.49999999,5,8,2017;2018;2019;2020;2022;2023;2024;2025,31.338667506922825
5,135,PI,305,310,5,23,35100407.49999999,5,8,2017;2018;2019;2020;2022;2023;2024;2025,65.52630478720228
5,135,PI,310,315,2,9,14040163.0,2,8,2017;2018;2019;2020;2022;2023;2024;2025,64.10181990052395
5,135,PI,315,320,3,7,20926424.55,3,8,2017;2018;2019;2020;2022;2023;2024;2025,33.45053037261446
5,135,PI,320,325,5,13,34053072.849999994,5,8,2017;2018;2019;2020;2022;2023;2024;2025,38.17570313628834
5,135,PI,325,330,5,8,32816620.749999993,5,8,2017;2018;2019;2020;2022;2023;2024;2025,24.37789088932931
5,135,PI,330,335,5,12,32816620.749999993,5,8,2017;2018;2019;2020;2022;2023;2024;2025,36.56683633399396
5,135,PI,335,340,5,37,32816620.749999993,5,8,2017;2018;2019;2020;2022;2023;2024;2025,112.74774536314806
5,135,PI,340,345,5,22,32816620.749999993,5,8,2017;2018;2019;2020;2022;2023;2024;2025,67.0391999456556
5,135,PI,345,350,5,18,31010600.749999993,5,8,2017;2018;2019;2020;2022;2023;2024;2025,58.04466719336291
5,135,PI,350,355,5,81,26911314.949999996,5,8,2017;2018;2019;2020;2022;2023;2024;2025,300.9886367518434
5,135,PI,355,360,5,10,31598506.25,5,8,2017;2018;2019;2020;2022;2023;2024;2025,31.647065595070654
5,135,PI,360,365,5,20,31598506.25,5,8,2017;2018;2019;2020;2022;2023;2024;2025,63.29413119014131
5,135,PI,365,370,5,20,31598506.25,5,8,2017;2018;2019;2020;2022;2023;2024;2025,63.29413119014131
5,135,PI,370,375,5,11,31598506.25,5,8,2017;2018;2019;2020;2022;2023;2024;2025,34.81177215457772
5,135,PI,375,380,5,6,31598506.25,5,8,2017;2018;2019;2020;2022;2023;2024;2025,18.988239357042392
5,135,PI,380,385,5,10,31598506.25,5,8,2017;2018;2019;2020;2022;2023;2024;2025,31.647065595070654
5,135,PI,385,390,5,25,31052466.25,5,8,2017;2018;2019;2020;2022;2023;2024;2025,80.50890321795295
5,135,PI,390,395,5,12,30915956.25,5,8,2017;2018;2019;2020;2022;2023;2024;2025,38.81490807841339
5,135,PI,395,400,5,3,30915956.25,5,8,2017;2018;2019;2020;2022;2023;2024;2025,9.703727019603347
5,135,PI,400,405,5,24,30915956.25,5,8,2017;2018;2019;2020;2022;2023;2024;2025,77.62981615682678
5,135,PI,405,410,5,21,29399775.450000003,5,8,2017;2018;2019;2020;2022;2023;2024;2025,71.42911698667412
5,135,PI,410,415,5,7,27125504.250000004,5,8,2017;2018;2019;2020;2022;2023;2024;2025,25.805971883453555
5,135,PI,415,420,5,9,27125504.250000004,5,8,2017;2018;2019;2020;2022;2023;2024;2025,33.17910670729743
5,135,PI,420,425,5,4,27125504.250000004,5,8,2017;2018;2019;2020;2022;2023;2024;2025,14.746269647687747
5,135,PI,425,430,5,12,27125504.250000004,5,8,2017;2018;2019;2020;2022;2023;2024;2025,44.23880894306324
5,135,PI,430,435,5,9,27125504.250000004,5,8,2017;2018;2019;2020;2022;2023;2024;2025,33.17910670729743
5,135,PI,435,440,5,7,27125504.250000004,5,8,2017;2018;2019;2020;2022;2023;2024;2025,25.805971883453555
5,135,PI,440,445,5,3,27125504.250000004,5,8,2017;2018;2019;2020;2022;2023;2024;2025,11.05970223576581
5,135,PI,445,450,5,3,27125504.250000004,5,8,2017;2018;2019;2020;2022;2023;2024;2025,11.05970223576581
5,135,PI,450,455,5,7,27125504.250000004,5,8,2017;2018;2019;2020;2022;2023;2024;2025,25.805971883453555
5,135,PI,455,460,5,5,27125504.250000004,5,8,2017;2018;2019;2020;2022;2023;2024;2025,18.43283705960968
5,135,PI,460,465,5,6,27125504.250000004,5,8,2017;2018;2019;2020;2022;2023;2024;2025,22.11940447153162
5,135,PI,465,470,5,13,27125504.250000004,5,8,2017;2018;2019;2020;2022;2023;2024;2025,47.925376354985175
5,135,PI,470,475,5,1,27125504.250000004,5,8,2017;2018;2019;2020;2022;2023;2024;2025,3.6865674119219367
5,135,PI,475,480,5,9,27125504.250000004,5,8,2017;2018;2019;2020;2022;2023;2024;2025,33.17910670729743
5,135,PI,480,485,5,7,27125504.250000004,5,8,2017;2018;2019;2020;2022;2023;2024;2025,25.805971883453555
5,135,PI,485,490,5,11,27125504.250000004,5,8,2017;2018;2019;2020;2022;2023;2024;2025,40.5522415311413
5,135,PI,490,495,5,7,27125504.250000004,5,8,2017;2018;2019;2020;2022;2023;2024;2025,25.805971883453555
5,135,PI,495,500,5,7,27125504.250000004,5,8,2017;2018;2019;2020;2022;2023;2024;2025,25.805971883453555
5,135,PI,500,505,5,16,26308557.600000005,5,8,2017;2018;2019;2020;2022;2023;2024;2025,60.81671311391088
5,135,PI,505,510,5,16,29112721.200000003,5,8,2017;2018;2019;2020;2022;2023;2024;2025,54.95879237836414
5,135,PI,510,515,5,14,33160688.000000007,5,8,2017;2018;2019;2020;2022;2023;2024;2025,42.218665668215316
5,135,PI,515,520,5,7,25483686.8,4,8,2017;2018;2019;2020;2022;2023;2024;2025,27.46855294109171
5,135,PI,520,525,5,7,31854608.5,5,8,2017;2018;2019;2020;2022;2023;2024;2025,21.974842352873367
5,135,PI,525,530,5,3,31854608.5,5,8,2017;2018;2019;2020;2022;2023;2024;2025,9.417789579802871
5,135,PI,530,535,5,6,31854608.5,5,8,2017;2018;2019;2020;2022;2023;2024;2025,18.835579159605743
5,135,PI,535,540,5,9,27288458.5,5,8,2017;2018;2019;2020;2022;2023;2024;2025,32.98097618815662
5,135,PI,540,545,5,30,27288458.5,5,8,2017;2018;2019;2020;2022;2023;2024;2025,109.93658729385538
5,135,PI,545,550,5,8,27288458.5,5,8,2017;2018;2019;2020;2022;2023;2024;2025,29.316423278361437
5,135,PI,550,555,5,17,27288458.5,5,8,2017;2018;2019;2020;2022;2023;2024;2025,62.29739946651805
5,135,PI,555,560,5,14,27288458.5,5,8,2017;2018;2019;2020;2022;2023;2024;2025,51.303740737132514
5,135,PI,560,565,5,3,27288458.5,5,8,2017;2018;2019;2020;2022;2023;2024;2025,10.993658729385539
5,135,PI,565,570,5,2,27288458.5,5,8,2017;2018;2019;2020;2022;2023;2024;2025,7.329105819590359
5,135,PI,570,575,5,2,27288458.5,5,8,2017;2018;2019;2020;2022;2023;2024;2025,7.329105819590359
5,135,PI,575,580,5,8,27288458.5,5,8,2017;2018;2019;2020;2022;2023;2024;2025,29.316423278361437
5,135,PI,580,585,5,5,27288458.5,5,8,2017;2018;2019;2020;2022;2023;2024;2025,18.322764548975897
5,135,PI,585,590,5,7,27288458.5,5,8,2017;2018;2019;2020;2022;2023;2024;2025,25.651870368566257
5,135,PI,590,595,5,14,34920042.74999999,5,8,2017;2018;2019;2020;2022;2023;2024;2025,40.09158894858456
5,135,PI,595,600,5,6,34920042.74999999,5,8,2017;2018;2019;2020;2022;2023;2024;2025,17.182109549393385
5,135,PI,600,605,5,10,34920042.74999999,5,8,2017;2018;2019;2020;2022;2023;2024;2025,28.63684924898897
5,135,PI,605,610,5,6,34920042.74999999,5,8,2017;2018;2019;2020;2022;2023;2024;2025,17.182109549393385
5,135,PI,610,615,5,6,34920042.74999999,5,8,2017;2018;2019;2020;2022;2023;2024;2025,17.182109549393385
5,135,PI,615,620,5,11,34932175.349999994,5,8,2017;2018;2019;2020;2022;2023;2024;2025,31.489593447262948
5,135,PI,620,625,5,7,34950374.25,5,8,2017;2018;2019;2020;2022;2023;2024;2025,20.02839783611187
5,135,PI,625,630,5,6,34950374.25,5,8,2017;2018;2019;2020;2022;2023;2024;2025,17.167198145238746
5,135,PI,630,635,5,11,34950374.25,5,8,2017;2018;2019;2020;2022;2023;2024;2025,31.473196599604368
5,135,PI,635,640,5,2,34950374.25,5,8,2017;2018;2019;2020;2022;2023;2024;2025,5.722399381746248
5,135,PI,640,645,1,1,6990074.850000001,1,8,2017;2018;2019;2020;2022;2023;2024;2025,14.30599845436562
5,153,GO,0,5,5,11,63422418.25,5,8,2017;2018;2019;2020;2022;2023;2024;2025,17.34402487877384
5,153,GO,5,10,5,6,63422418.25,5,8,2017;2018;2019;2020;2022;2023;2024;2025,9.460377206603912
5,153,GO,10,15,5,11,63422418.25,5,8,2017;2018;2019;2020;2022;2023;2024;2025,17.34402487877384
5,153,GO,15,20,5,15,63422418.25,5,8,2017;2018;2019;2020;2022;2023;2024;2025,23.650943016509782
5,153,GO,20,25,5,16,63422418.25,5,8,2017;2018;2019;2020;2022;2023;2024;2025,25.227672550943765
5,153,GO,25,30,5,18,63422418.25,5,8,2017;2018;2019;2020;2022;2023;2024;2025,28.381131619811736
5,153,GO,30,35,5,30,63381279.1,5,8,2017;2018;2019;2020;2022;2023;2024;2025,47.33258846459601
5,153,GO,35,40,5,13,63353853.00000001,5,8,2017;2018;2019;2020;2022;2023;2024;2025,20.519667525193768
5,153,GO,40,45,5,15,63353853.00000001,5,8,2017;2018;2019;2020;2022;2023;2024;2025,23.676539452146656
5,153,GO,45,50,5,18,63353853.00000001,5,8,2017;2018;2019;2020;2022;2023;2024;2025,28.41184734257599
5,153,GO,50,55,5,17,63353853.00000001,5,8,2017;2018;2019;2020;2022;2023;2024;2025,26.833411379099545
5,153,GO,55,60,5,20,61712834.900000006,5,8,2017;2018;2019;2020;2022;2023;2024;2025,32.408169276955384
5,153,GO,60,65,5,9,59251307.750000015,5,7,2018;2019;2020;2022;2023;2024;2025,15.1895381583371
5,153,GO,65,70,5,38,48926271.70000001,5,8,2017;2018;2019;2020;2022;2023;2024;2025,77.6678841032557
5,153,GO,70,75,5,49,61485125.999999985,5,8,2017;2018;2019;2020;2022;2023;2024;2025,79.69407105061477
5,153,GO,75,80,5,27,61485125.999999985,5,8,2017;2018;2019;2020;2022;2023;2024;2025,43.91305955850201
5,153,GO,80,85,5,19,61485125.999999985,5,8,2017;2018;2019;2020;2022;2023;2024;2025,30.901782652279195
5,153,GO,85,90,5,34,61485125.999999985,5,8,2017;2018;2019;2020;2022;2023;2024;2025,55.29792685144698
5,153,GO,90,95,5,27,61485125.999999985,5,8,2017;2018;2019;2020;2022;2023;2024;2025,43.91305955850201
5,153,GO,95,100,5,24,61485125.999999985,5,8,2017;2018;2019;2020;2022;2023;2024;2025,39.033830718668455
5,153,GO,100,105,5,19,61485125.999999985,5,8,2017;2018;2019;2020;2022;2023;2024;2025,30.901782652279195
5,153,GO,105,110,5,28,53537221.8,4,8,2017;2018;2019;2020;2022;2023;2024;2025,52.30006163674336
5,153,GO,110,115,5,20,72357928.5,5,8,2017;2018;2019;2020;2022;2023;2024;2025,27.640371158497164
5,153,GO,115,120,5,22,72357928.5,5,8,2017;2018;2019;2020;2022;2023;2024;2025,30.40440827434688
5,153,GO,120,125,5,26,72357928.5,5,8,2017;2018;2019;2020;2022;2023;2024;2025,35.93248250604631
5,153,GO,125,130,5,22,74886557.25,5,8,2017;2018;2019;2020;2022;2023;2024;2025,29.37776926579169
5,153,GO,130,135,5,27,74886557.25,5,8,2017;2018;2019;2020;2022;2023;2024;2025,36.054535008017076
5,153,GO,135,140,5,49,74886557.25,5,8,2017;2018;2019;2020;2022;2023;2024;2025,65.43230427380877
5,153,GO,140,145,5,18,67831154.70000002,5,8,2017;2018;2019;2020;2022;2023;2024;2025,26.53647881951801
5,153,GO,145,150,5,23,63127553.0,5,7,2018;2019;2020;2022;2023;2024;2025,36.434170036655786
5,153,GO,150,155,5,11,63127553.0,5,7,2018;2019;2020;2022;2023;2024;2025,17.425037843617982
5,153,GO,155,160,5,18,63792583.0,5,7,2018;2019;2020;2022;2023;2024;2025,28.216446416662574
5,153,GO,160,165,5,17,66452703.0,5,7,2018;2019;2020;2022;2023;2024;2025,25.582104613562525
5,153,GO,165,170,5,19,66452703.0,5,7,2018;2019;2020;2022;2023;2024;2025,28.591763979863995
5,153,GO,170,175,5,33,66452703.0,5,7,2018;2019;2020;2022;2023;2024;2025,49.6593795439743
5,153,GO,175,180,5,36,72586312.65,4,8,2017;2018;2019;2020;2022;2023;2024;2025,49.59612726656394
5,153,GO,180,185,5,33,106692036.75000001,5,8,2017;2018;2019;2020;2022;2023;2024;2025,30.930143434533313
5,153,GO,185,190,5,41,106692036.75000001,5,8,2017;2018;2019;2020;2022;2023;2024;2025,38.428360024723204
5,153,GO,190,195,5,31,106692036.75000001,5,8,2017;2018;2019;2020;2022;2023;2024;2025,29.055589286985843
5,153,GO,195,200,5,49,106692036.75000001,5,8,2017;2018;2019;2020;2022;2023;2024;2025,45.9265766149131
5,153,GO,200,205,3,62,63332912.95,3,8,2017;2018;2019;2020;2022;2023;2024;2025,97.89538663561503
5,153,GO,210,215,2,15,22900830.0,2,7,2018;2019;2020;2022;2023;2024;2025,65.49980939555466
5,153,GO,215,220,5,13,57252075.0,5,7,2018;2019;2020;2022;2023;2024;2025,22.70660059045895
5,153,GO,220,225,5,18,57252075.0,5,7,2018;2019;2020;2022;2023;2024;2025,31.439908509866235
5,153,GO,225,230,5,14,57252075.0,5,7,2018;2019;2020;2022;2023;2024;2025,24.453262174340402
5,153,GO,230,235,5,20,57252075.0,5,7,2018;2019;2020;2022;2023;2024;2025,34.93323167762915
5,153,GO,235,240,5,19,57252075.0,5,7,2018;2019;2020;2022;2023;2024;2025,33.1865700937477
5,153,GO,240,245,5,21,59347693.3,5,8,2017;2018;2019;2020;2022;2023;2024;2025,35.38469455560121
5,153,GO,245,250,5,18,71931845.75000001,5,8,2017;2018;2019;2020;2022;2023;2024;2025,25.02368709202766
5,153,GO,250,255,5,13,71931845.75000001,5,8,2017;2018;2019;2020;2022;2023;2024;2025,18.072662899797752
5,153,GO,255,260,5,15,71931845.75000001,5,8,2017;2018;2019;2020;2022;2023;2024;2025,20.853072576689716
5,153,GO,260,265,5,28,71931845.75000001,5,8,2017;2018;2019;2020;2022;2023;2024;2025,38.92573547648747
5,153,GO,265,270,5,16,71931845.75000001,5,8,2017;2018;2019;2020;2022;2023;2024;2025,22.243277415135697
5,153,GO,270,275,5,20,71931845.75000001,5,8,2017;2018;2019;2020;2022;2023;2024;2025,27.804096768919624
5,153,GO,275,280,5,40,70468604.55000001,5,8,2017;2018;2019;2020;2022;2023;2024;2025,56.762866606246696
5,153,GO,280,285,5,34,70102794.25,5,8,2017;2018;2019;2020;2022;2023;2024;2025,48.500206537772925
5,153,GO,285,290,5,17,64119951.5,5,8,2017;2018;2019;2020;2022;2023;2024;2025,26.51280857565839
5,153,GO,290,295,5,32,64119951.5,5,8,2017;2018;2019;2020;2022;2023;2024;2025,49.90646320123932
5,153,GO,295,300,5,42,64119951.5,5,8,2017;2018;2019;2020;2022;2023;2024;2025,65.50223295162661
5,153,GO,300,305,5,56,64119951.5,5,8,2017;2018;2019;2020;2022;2023;2024;2025,87.33631060216881
5,153,GO,305,310,5,48,53077588.24999999,5,8,2017;2018;2019;2020;2022;2023;2024;2025,90.43364927192223
5,153,GO,310,315,5,29,53077588.24999999,5,8,2017;2018;2019;2020;2022;2023;2024;2025,54.636996435119684
5,153,GO,315,320,5,36,53077588.24999999,5,8,2017;2018;2019;2020;2022;2023;2024;2025,67.82523695394168
5,153,GO,320,325,5,44,61681390.150000006,5,8,2017;2018;2019;2020;2022;2023;2024;2025,71.33431962703582
5,153,GO,325,330,5,33,64557933.250000015,5,8,2017;2018;2019;2020;2022;2023;2024;2025,51.11687803295654
5,153,GO,330,335,5,24,64557933.250000015,5,8,2017;2018;2019;2020;2022;2023;2024;2025,37.17591129669566
5,153,GO,335,340,5,13,64557933.250000015,5,8,2017;2018;2019;2020;2022;2023;2024;2025,20.136951952376815
5,153,GO,340,345,5,30,64557933.250000015,5,8,2017;2018;2019;2020;2022;2023;2024;2025,46.469889120869574
5,153,GO,345,350,5,29,64557933.250000015,5,8,2017;2018;2019;2020;2022;2023;2024;2025,44.92089281684059
5,153,GO,350,355,5,28,64557933.250000015,5,8,2017;2018;2019;2020;2022;2023;2024;2025,43.37189651281161
5,153,GO,355,360,5,84,84589111.35000002,5,8,2017;2018;2019;2020;2022;2023;2024;2025,99.30356124967138
5,153,GO,360,365,5,38,129874088.29999998,5,8,2017;2018;2019;2020;2022;2023;2024;2025,29.259108185015844
5,153,GO,365,370,5,33,133683640.74999997,5,8,2017;2018;2019;2020;2022;2023;2024;2025,24.68514458078896
5,153,GO,370,375,5,36,132648500.74999997,5,8,2017;2018;2019;2020;2022;2023;2024;2025,27.139394562663394
5,153,GO,375,380,5,25,109464255.54999998,5,8,2017;2018;2019;2020;2022;2023;2024;2025,22.83850547778197
5,153,GO,380,385,5,11,75076065.25,5,8,2017;2018;2019;2020;2022;2023;2024;2025,14.651806755415969
5,153,GO,385,390,5,14,75076065.25,5,8,2017;2018;2019;2020;2022;2023;2024;2025,18.647754052347594
5,153,GO,390,395,5,19,75076065.25,5,8,2017;2018;2019;2020;2022;2023;2024;2025,25.30766621390031
5,153,GO,395,400,5,26,75076065.25,5,8,2017;2018;2019;2020;2022;2023;2024;2025,34.63154324007411
5,153,GO,400,405,5,37,75151598.35,5,8,2017;2018;2019;2020;2022;2023;2024;2025,49.23381646213517
5,153,GO,405,410,5,31,75264897.99999999,5,8,2017;2018;2019;2020;2022;2023;2024;2025,41.18785891399203
5,153,GO,410,415,5,36,75264897.99999999,5,8,2017;2018;2019;2020;2022;2023;2024;2025,47.8310619646359
5,153,GO,415,420,5,45,75264897.99999999,5,8,2017;2018;2019;2020;2022;2023;2024;2025,59.78882745579488
5,153,GO,420,425,5,42,75264897.99999999,5,8,2017;2018;2019;2020;2022;2023;2024;2025,55.80290562540855
5,153,GO,425,430,5,80,75264897.99999999,5,8,2017;2018;2019;2020;2022;2023;2024;2025,106.291248810302
5,153,GO,430,435,5,110,75264897.99999999,5,8,2017;2018;2019;2020;2022;2023;2024;2025,146.15046711416525
5,153,GO,435,440,5,312,78825695.64999999,5,8,2017;2018;2019;2020;2022;2023;2024;2025,395.81001782126367
5,153,GO,440,445,5,150,81199560.75,5,5,2017;2018;2019;2020;2022,184.73006333350145
5,153,GO,490,495,5,70,35930180.25,5,1,2017,194.82229009969967
5,153,GO,495,500,5,88,24945019.799999997,5,1,2017,352.77582742187286
5,153,GO,500,505,2,45,6952282.75,2,1,2017,647.269416653113
5,153,GO,505,510,5,122,17139834.25,5,1,2017,711.7921808374547
5,153,GO,510,515,5,261,123684958.5,5,5,2017;2018;2019;2020;2022,211.02000046351634
5,153,GO,515,520,5,219,205753230.20000002,5,8,2017;2018;2019;2020;2022;2023;2024;2025,106.43818315130393
5,153,GO,520,525,5,96,219364215.25000003,5,8,2017;2018;2019;2020;2022;2023;2024;2025,43.76283519652141
5,153,GO,525,530,5,87,219364215.25000003,5,8,2017;2018;2019;2020;2022;2023;2024;2025,39.66006939684753
5,153,GO,530,535,5,82,179109664.65,5,8,2017;2018;2019;2020;2022;2023;2024;2025,45.78200744233262
5,153,GO,535,540,5,71,226158124.49999997,5,8,2017;2018;2019;2020;2022;2023;2024;2025,31.393963916604733
5,153,GO,540,545,5,63,226158124.49999997,5,8,2017;2018;2019;2020;2022;2023;2024;2025,27.856615869663354
5,153,GO,545,550,5,39,226158124.49999997,5,8,2017;2018;2019;2020;2022;2023;2024;2025,17.24457172883922
5,153,GO,550,555,5,43,226158124.49999997,5,8,2017;2018;2019;2020;2022;2023;2024;2025,19.01324575230991
5,153,GO,555,560,5,47,157182242.2,4,8,2017;2018;2019;2020;2022;2023;2024;2025,29.901596606693527
5,153,GO,560,565,5,64,196477802.74999997,5,8,2017;2018;2019;2020;2022;2023;2024;2025,32.57365417580231
5,153,GO,565,570,5,40,153047712.0,5,8,2017;2018;2019;2020;2022;2023;2024;2025,26.135640629505133
5,153,GO,570,575,5,45,153047712.0,5,8,2017;2018;2019;2020;2022;2023;2024;2025,29.402595708193275
5,153,GO,575,580,5,65,153047712.0,5,8,2017;2018;2019;2020;2022;2023;2024;2025,42.470416022945834
5,153,GO,580,585,5,66,153047712.0,5,8,2017;2018;2019;2020;2022;2023;2024;2025,43.123807038683466
5,153,GO,585,590,5,43,153047712.0,5,8,2017;2018;2019;2020;2022;2023;2024;2025,28.095813676718013
5,153,GO,590,595,5,74,153047712.0,5,8,2017;2018;2019;2020;2022;2023;2024;2025,48.35093516458449
5,153,GO,595,600,5,49,153641136.29999998,5,8,2017;2018;2019;2020;2022;2023;2024;2025,31.89250039411483
5,153,GO,600,605,5,40,154531272.75,5,8,2017;2018;2019;2020;2022;2023;2024;2025,25.884728241843852
5,153,GO,605,610,5,54,154531272.75,5,8,2017;2018;2019;2020;2022;2023;2024;2025,34.9443831264892
5,153,GO,610,615,5,34,154531272.75,5,8,2017;2018;2019;2020;2022;2023;2024;2025,22.002019005567274
5,153,GO,615,620,5,58,154531272.75,5,8,2017;2018;2019;2020;2022;2023;2024;2025,37.532855950673586
5,153,GO,620,625,5,44,140711299.64999998,5,8,2017;2018;2019;2020;2022;2023;2024;2025,31.269699099819242
5,153,GO,625,630,5,51,131497984.24999999,5,8,2017;2018;2019;2020;2022;2023;2024;2025,38.783864475854124
5,153,GO,630,635,5,54,133240494.25,5,8,2017;2018;2019;2020;2022;2023;2024;2025,40.5282195206207
5,153,GO,635,640,5,36,108087486.50000001,4,8,2017;2018;2019;2020;2022;2023;2024;2025,33.3063531827063
5,153,GO,640,645,5,53,134861057.75,5,8,2017;2018;2019;2020;2022;2023;2024;2025,39.29970659005898
5,153,GO,645,650,5,23,134861057.75,5,8,2017;2018;2019;2020;2022;2023;2024;2025,17.054589652289746
5,153,GO,650,655,5,34,134861057.75,5,8,2017;2018;2019;2020;2022;2023;2024;2025,25.2111325294718
5,153,GO,655,660,5,54,134861057.75,5,8,2017;2018;2019;2020;2022;2023;2024;2025,40.04121048798462
5,153,GO,660,665,5,45,137464949.5,5,8,2017;2018;2019;2020;2022;2023;2024;2025,32.735617452796575
5,153,GO,665,670,5,38,137348879.5,5,8,2017;2018;2019;2020;2022;2023;2024;2025,27.66677102742582
5,153,GO,670,675,5,37,137271499.5,5,8,2017;2018;2019;2020;2022;2023;2024;2025,26.95388346071065
5,153,GO,675,680,5,32,122067636.19999999,4,8,2017;2018;2019;2020;2022;2023;2024;2025,26.214974743649538
5,153,GO,680,685,5,31,152584545.25,5,8,2017;2018;2019;2020;2022;2023;2024;2025,20.31660542632839
5,153,GO,685,690,5,21,152584545.25,5,8,2017;2018;2019;2020;2022;2023;2024;2025,13.762861740416009
5,153,GO,690,695,5,57,152584545.25,5,8,2017;2018;2019;2020;2022;2023;2024;2025,37.35633900970059
5,153,GO,695,700,2,17,61033818.1,2,8,2017;2018;2019;2020;2022;2023;2024;2025,27.853410665127633
5,153,MG,0,5,1,10,24293896.3,1,7,2018;2019;2020;2022;2023;2024;2025,41.162602641059266
5,153,MG,5,10,5,63,121469481.5,5,7,2018;2019;2020;2022;2023;2024;2025,51.864879327734684
5,153,MG,10,15,5,66,121469481.5,5,7,2018;2019;2020;2022;2023;2024;2025,54.33463548619823
5,153,MG,15,20,5,59,123931537.90000002,5,7,2018;2019;2020;2022;2023;2024;2025,47.606929599798015
5,153,MG,20,25,5,62,133779763.50000003,5,7,2018;2019;2020;2022;2023;2024;2025,46.34482703357447
5,153,MG,25,30,5,48,133779763.50000003,5,7,2018;2019;2020;2022;2023;2024;2025,35.87986609050926
5,153,MG,30,35,5,53,140499085.00000003,5,8,2017;2018;2019;2020;2022;2023;2024;2025,37.72266559600725
5,153,MG,35,40,5,52,167376371.0,5,8,2017;2018;2019;2020;2022;2023;2024;2025,31.067706683639354
5,153,MG,40,45,5,63,167376371.0,5,8,2017;2018;2019;2020;2022;2023;2024;2025,37.6397215590246
5,153,MG,45,50,5,67,167376371.0,5,8,2017;2018;2019;2020;2022;2023;2024;2025,40.02954515007379
5,153,MG,50,55,5,46,167376371.0,5,8,2017;2018;2019;2020;2022;2023;2024;2025,27.482971297065582
5,153,MG,55,60,5,106,131532969.49999999,5,8,2017;2018;2019;2020;2022;2023;2024;2025,80.58816006583051
5,153,MG,60,65,5,14,77767867.24999999,5,8,2017;2018;2019;2020;2022;2023;2024;2025,18.002293871573293
5,153,MG,65,70,5,35,77767867.24999999,5,8,2017;2018;2019;2020;2022;2023;2024;2025,45.00573467893323
5,153,MG,70,75,5,21,77767867.24999999,5,8,2017;2018;2019;2020;2022;2023;2024;2025,27.003440807359937
5,153,MG,75,80,5,64,77767867.24999999,5,8,2017;2018;2019;2020;2022;2023;2024;2025,82.29620055576362
5,153,MG,80,85,5,34,77767867.24999999,5,8,2017;2018;2019;2020;2022;2023;2024;2025,43.71985654524942
5,153,MG,85,90,5,34,77767867.24999999,5,8,2017;2018;2019;2020;2022;2023;2024;2025,43.71985654524942
5,153,MG,90,95,5,49,77767867.24999999,5,8,2017;2018;2019;2020;2022;2023;2024;2025,63.008028550506516
5,153,MG,95,100,5,39,77767867.24999999,5,8,2017;2018;2019;2020;2022;2023;2024;2025,50.14924721366845
5,153,MG,100,105,5,39,77767867.24999999,5,8,2017;2018;2019;2020;2022;2023;2024;2025,50.14924721366845
5,153,MG,105,110,5,61,83757210.64999999,5,8,2017;2018;2019;2020;2022;2023;2024;2025,72.82955046688868
5,153,MG,110,115,5,48,92741225.74999997,5,8,2017;2018;2019;2020;2022;2023;2024;2025,51.75691782357106
5,153,MG,115,120,5,20,92741225.74999997,5,8,2017;2018;2019;2020;2022;2023;2024;2025,21.56538242648794
5,153,MG,120,125,5,23,92741225.74999997,5,8,2017;2018;2019;2020;2022;2023;2024;2025,24.80018979046113
5,153,MG,125,130,5,27,92741225.74999997,5,8,2017;2018;2019;2020;2022;2023;2024;2025,29.11326627575872
5,153,MG,130,135,5,47,90903450.74999997,5,8,2017;2018;2019;2020;2022;2023;2024;2025,51.703207757489906
5,153,MG,135,140,5,20,90903450.74999997,5,8,2017;2018;2019;2020;2022;2023;2024;2025,22.001365003187196
5,153,MG,140,145,5,21,90903450.74999997,5,8,2017;2018;2019;2020;2022;2023;2024;2025,23.101433253346553
5,153,MG,145,150,5,39,89840972.24999999,5,8,2017;2018;2019;2020;2022;2023;2024;2025,43.41003778484822
5,153,MG,150,155,5,14,88247254.49999999,5,8,2017;2018;2019;2020;2022;2023;2024;2025,15.864516215629125
5,153,MG,155,160,5,25,88247254.49999999,5,8,2017;2018;2019;2020;2022;2023;2024;2025,28.329493242194864
5,153,MG,160,165,5,11,88247254.49999999,5,8,2017;2018;2019;2020;2022;2023;2024;2025,12.464977026565741
5,153,MG,165,170,5,16,77007400.7,5,8,2017;2018;2019;2020;2022;2023;2024;2025,20.777223818177774
5,153,MG,170,175,5,37,76689657.25000001,5,8,2017;2018;2019;2020;2022;2023;2024;2025,48.24640157066289
5,153,MG,175,180,5,20,78351137.25000001,5,8,2017;2018;2019;2020;2022;2023;2024;2025,25.526113215414746
5,153,MG,180,185,5,30,78351137.25000001,5,8,2017;2018;2019;2020;2022;2023;2024;2025,38.289169823122116
5,153,MG,185,190,5,24,78351137.25000001,5,8,2017;2018;2019;2020;2022;2023;2024;2025,30.631335858497692
5,153,MG,190,195,5,31,68246860.5,5,8,2017;2018;2019;2020;2022;2023;2024;2025,45.42333489465058
5,153,MG,195,200,5,35,64073815.50000001,5,8,2017;2018;2019;2020;2022;2023;2024;2025,54.624497896492514
5,153,MG,200,205,5,6,65042386.800000004,5,8,2017;2018;2019;2020;2022;2023;2024;2025,9.224753726288531
5,153,MG,205,210,5,22,70668288.75,5,8,2017;2018;2019;2020;2022;2023;2024;2025,31.131360882146733
5,153,MG,210,215,5,42,75761863.75,5,8,2017;2018;2019;2020;2022;2023;2024;2025,55.43686219044473
5,153,MG,215,220,5,24,75761863.75,5,8,2017;2018;2019;2020;2022;2023;2024;2025,31.678206965968414
5,153,MG,220,225,5,26,75761863.75,5,8,2017;2018;2019;2020;2022;2023;2024;2025,34.31805754646578
5,153,MG,225,230,5,29,75761863.75,5,8,2017;2018;2019;2020;2022;2023;2024;2025,38.27783341721184
5,153,MG,230,235,5,23,75761863.75,5,8,2017;2018;2019;2020;2022;2023;2024;2025,30.358281675719734
5,153,MG,235,240,5,76,76049509.3,5,8,2017;2018;2019;2020;2022;2023;2024;2025,99.93489859375069
5,153,PA,35,40,5,0,48728978.25000001,5,8,2017;2018;2019;2020;2022;2023;2024;2025,0.0
5,153,PA,40,45,5,3,28254733.950000007,5,8,2017;2018;2019;2020;2022;2023;2024;2025,10.617689783626505
5,153,PA,45,50,5,5,14605237.75,5,8,2017;2018;2019;2020;2022;2023;2024;2025,34.234293789568746
5,153,PA,50,55,5,5,14605237.75,5,8,2017;2018;2019;2020;2022;2023;2024;2025,34.234293789568746
5,153,PA,55,60,5,5,14605237.75,5,8,2017;2018;2019;2020;2022;2023;2024;2025,34.234293789568746
5,153,PA,60,65,5,2,13902977.75,5,8,2017;2018;2019;2020;2022;2023;2024;2025,14.385407471431794
5,153,PA,65,70,5,1,12849587.75,5,8,2017;2018;2019;2020;2022;2023;2024;2025,7.782350838453942
5,153,PA,70,75,5,2,12849587.75,5,8,2017;2018;2019;2020;2022;2023;2024;2025,15.564701676907884
5,153,PA,75,80,5,3,12849587.75,5,8,2017;2018;2019;2020;2022;2023;2024;2025,23.347052515361824
5,153,PA,80,85,5,1,12849587.75,5,8,2017;2018;2019;2020;2022;2023;2024;2025,7.782350838453942
5,153,PA,85,90,5,2,12849587.75,5,8,2017;2018;2019;2020;2022;2023;2024;2025,15.564701676907884
5,153,PA,90,95,5,2,12849587.75,5,8,2017;2018;2019;2020;2022;2023;2024;2025,15.564701676907884
5,153,PA,95,100,5,0,12849587.75,5,8,2017;2018;2019;2020;2022;2023;2024;2025,0.0
5,153,PA,100,105,5,0,12849587.75,5,8,2017;2018;2019;2020;2022;2023;2024;2025,0.0
5,153,PA,105,110,5,1,12849587.75,5,8,2017;2018;2019;2020;2022;2023;2024;2025,7.782350838453942
5,153,PA,110,115,5,2,12849587.75,5,8,2017;2018;2019;2020;2022;2023;2024;2025,15.564701676907884
5,153,PA,115,120,5,0,12849587.75,5,8,2017;2018;2019;2020;2022;2023;2024;2025,0.0
5,153,PA,120,125,5,3,12849587.75,5,8,2017;2018;2019;2020;2022;2023;2024;2025,23.347052515361824
5,153,PA,125,130,5,1,12849587.75,5,8,2017;2018;2019;2020;2022;2023;2024;2025,7.782350838453942
5,153,PA,130,135,5,1,12849587.75,5,8,2017;2018;2019;2020;2022;2023;2024;2025,7.782350838453942
5,153,PA,135,140,5,2,12849587.75,5,8,2017;2018;2019;2020;2022;2023;2024;2025,15.564701676907884
5,153,PA,140,145,5,2,12849587.75,5,8,2017;2018;2019;2020;2022;2023;2024;2025,15.564701676907884
5,153,PA,145,150,5,3,12891197.750000002,5,8,2017;2018;2019;2020;2022;2023;2024;2025,23.271693276134872
5,153,PA,150,155,2,0,2943265.1,2,5,2017;2018;2019;2020;2022,0.0
5,153,PR,0,5,5,0,0.0,0,0,,
5,153,PR,5,10,5,19,33886439.400000006,4,5,2017;2022;2023;2024;2025,56.06962648309399
5,153,PR,10,15,5,35,58003967.70000001,5,8,2017;2018;2019;2020;2022;2023;2024;2025,60.34069976216471
5,153,PR,15,20,5,87,66365307.400000006,5,8,2017;2018;2019;2020;2022;2023;2024;2025,131.0925894995553
5,153,PR,20,25,5,65,58088217.00000001,5,5,2017;2018;2019;2020;2022,111.89876941824535
5,153,PR,25,30,5,61,100987561.24999999,5,8,2017;2018;2019;2020;2022;2023;2024;2025,60.40347865118884
5,153,PR,30,35,5,75,100987561.24999999,5,8,2017;2018;2019;2020;2022;2023;2024;2025,74.26657211211743
5,153,PR,35,40,5,84,100987561.24999999,5,8,2017;2018;2019;2020;2022;2023;2024;2025,83.17856076557152
5,153,PR,40,45,5,160,78082807.5,5,8,2017;2018;2019;2020;2022;2023;2024;2025,204.91066487331412
5,153,PR,45,50,5,53,142286672.50000003,5,8,2017;2018;2019;2020;2022;2023;2024;2025,37.248745134580325
5,153,PR,50,55,5,30,75310873.4,4,8,2017;2018;2019;2020;2022;2023;2024;2025,39.834885250447776
5,153,PR,55,60,5,15,45990511.0,5,8,2017;2018;2019;2020;2022;2023;2024;2025,32.615423646847496
5,153,PR,60,65,5,5,45990511.0,5,8,2017;2018;2019;2020;2022;2023;2024;2025,10.8718078822825
5,153,PR,65,70,5,34,46047932.8,5,8,2017;2018;2019;2020;2022;2023;2024;2025,73.83610497277307
5,153,PR,70,75,5,10,45427480.24999999,5,8,2017;2018;2019;2020;2022;2023;2024;2025,22.01310736357648
5,153,PR,75,80,5,18,45427480.24999999,5,8,2017;2018;2019;2020;2022;2023;2024;2025,39.623593254437665
5,153,PR,80,85,5,15,48055020.349999994,5,8,2017;2018;2019;2020;2022;2023;2024;2025,31.214220472180077
5,153,PR,85,90,5,13,51996330.5,5,8,2017;2018;2019;2020;2022;2023;2024;2025,25.00176430719472
5,153,PR,90,95,5,15,51996330.5,5,8,2017;2018;2019;2020;2022;2023;2024;2025,28.848189585224674
5,153,PR,95,100,5,32,54791135.5,5,8,2017;2018;2019;2020;2022;2023;2024;2025,58.40360800699229
5,153,PR,100,105,5,32,65970355.5,5,8,2017;2018;2019;2020;2022;2023;2024;2025,48.50663568123413
5,153,PR,105,110,3,29,23525385.150000002,3,5,2017;2018;2019;2020;2022,123.27109552125651
5,153,PR,110,115,3,23,25633041.15,3,8,2017;2018;2019;2020;2022;2023;2024;2025,89.72794084559881
5,153,PR,115,120,5,21,42718815.24999999,5,8,2017;2018;2019;2020;2022;2023;2024;2025,49.15866668376297
5,153,PR,120,125,5,39,42718085.24999999,5,8,2017;2018;2019;2020;2022;2023;2024;2025,91.29622681297496
5,153,PR,125,130,5,10,42718085.24999999,5,8,2017;2018;2019;2020;2022;2023;2024;2025,23.40928892640384
5,153,PR,130,135,5,8,42718085.24999999,5,8,2017;2018;2019;2020;2022;2023;2024;2025,18.72743114112307
5,153,PR,135,140,5,63,42718085.24999999,5,8,2017;2018;2019;2020;2022;2023;2024;2025,147.4785202363442
5,153,PR,140,145,5,19,42718085.24999999,5,8,2017;2018;2019;2020;2022;2023;2024;2025,44.47764896016729
5,153,PR,145,150,5,23,42718085.24999999,5,8,2017;2018;2019;2020;2022;2023;2024;2025,53.841364530728825
5,153,PR,150,155,5,14,42718085.24999999,5,8,2017;2018;2019;2020;2022;2023;2024;2025,32.77300449696538
5,153,PR,155,160,5,9,42718085.24999999,5,8,2017;2018;2019;2020;2022;2023;2024;2025,21.068360033763454
5,153,PR,160,165,5,18,36693307.64999999,5,8,2017;2018;2019;2020;2022;2023;2024;2025,49.055266894152574
5,153,PR,165,170,5,7,35187113.25,5,7,2018;2019;2020;2022;2023;2024;2025,19.89364671738168
5,153,PR,170,175,5,6,35187113.25,5,7,2018;2019;2020;2022;2023;2024;2025,17.051697186327157
5,153,PR,175,180,5,5,35187113.25,5,7,2018;2019;2020;2022;2023;2024;2025,14.209747655272631
5,153,PR,180,185,5,6,35187113.25,5,7,2018;2019;2020;2022;2023;2024;2025,17.051697186327157
5,153,PR,185,190,5,6,35187113.25,5,7,2018;2019;2020;2022;2023;2024;2025,17.051697186327157
5,153,PR,190,195,5,3,35187113.25,5,7,2018;2019;2020;2022;2023;2024;2025,8.525848593163579
5,153,PR,195,200,5,4,35187113.25,5,7,2018;2019;2020;2022;2023;2024;2025,11.367798124218105
5,153,PR,200,205,5,18,43097031.900000006,5,8,2017;2018;2019;2020;2022;2023;2024;2025,41.76621731576832
5,153,PR,205,210,5,16,74736706.5,5,8,2017;2018;2019;2020;2022;2023;2024;2025,21.408489548572764
5,153,PR,210,215,5,8,74736706.5,5,8,2017;2018;2019;2020;2022;2023;2024;2025,10.704244774286382
5,153,PR,215,220,5,14,74736706.5,5,8,2017;2018;2019;2020;2022;2023;2024;2025,18.73242835500117
5,153,PR,220,225,5,8,74736706.5,5,8,2017;2018;2019;2020;2022;2023;2024;2025,10.704244774286382
5,153,PR,225,230,5,5,74736706.5,5,8,2017;2018;2019;2020;2022;2023;2024;2025,6.690152983928988
5,153,PR,230,235,5,9,74736706.5,5,8,2017;2018;2019;2020;2022;2023;2024;2025,12.04227537107218
5,153,PR,235,240,5,14,74736706.5,5,8,2017;2018;2019;2020;2022;2023;2024;2025,18.73242835500117
5,153,PR,240,245,5,20,74736706.5,5,8,2017;2018;2019;2020;2022;2023;2024;2025,26.760611935715954
5,153,PR,245,250,1,0,14947341.299999999,1,8,2017;2018;2019;2020;2022;2023;2024;2025,0.0
5,153,PR,305,310,4,22,26971474.25,4,8,2017;2018;2019;2020;2022;2023;2024;2025,81.56765846790893
5,153,PR,310,315,5,12,36404351.75,5,8,2017;2018;2019;2020;2022;2023;2024;2025,32.963092111645686
5,153,PR,315,320,5,15,36404351.75,5,8,2017;2018;2019;2020;2022;2023;2024;2025,41.20386513955711
5,153,PR,320,325,5,12,36404351.75,5,8,2017;2018;2019;2020;2022;2023;2024;2025,32.963092111645686
5,153,PR,325,330,5,35,34061635.75,5,8,2017;2018;2019;2020;2022;2023;2024;2025,102.7549007243435
5,153,PR,330,335,5,64,38435211.75000001,5,5,2017;2018;2019;2020;2022,166.51397790204703
5,153,PR,335,340,5,136,37404101.35000001,5,8,2017;2018;2019;2020;2022;2023;2024;2025,363.59649100351925
5,153,PR,340,345,5,56,56643364.5,5,8,2017;2018;2019;2020;2022;2023;2024;2025,98.86418381803573
5,153,PR,345,350,5,44,47996802.85,5,8,2017;2018;2019;2020;2022;2023;2024;2025,91.67277274177857
5,153,PR,350,355,5,69,52669591.25,5,8,2017;2018;2019;2020;2022;2023;2024;2025,131.0053834906114
5,153,PR,355,360,5,30,52669591.25,5,8,2017;2018;2019;2020;2022;2023;2024;2025,56.95886238722235
5,153,PR,360,365,4,22,42135673.0,4,8,2017;2018;2019;2020;2022;2023;2024;2025,52.212290521620474
5,153,PR,365,370,3,18,26998320.0,3,7,2018;2019;2020;2022;2023;2024;2025,66.67081507293787
5,153,PR,370,375,5,21,44997200.00000001,5,7,2018;2019;2020;2022;2023;2024;2025,46.6695705510565
5,153,PR,375,380,5,21,44997200.00000001,5,7,2018;2019;2020;2022;2023;2024;2025,46.6695705510565
5,153,PR,380,385,5,15,44997200.00000001,5,7,2018;2019;2020;2022;2023;2024;2025,33.33540753646893
5,153,PR,385,390,5,20,44997200.00000001,5,7,2018;2019;2020;2022;2023;2024;2025,44.44721004862524
5,153,PR,390,395,5,20,45805926.85,5,8,2017;2018;2019;2020;2022;2023;2024;2025,43.662472032262784
5,153,PR,395,400,5,20,48412030.50000001,5,8,2017;2018;2019;2020;2022;2023;2024;2025,41.3120453602953
5,153,PR,400,405,5,19,48412030.50000001,5,8,2017;2018;2019;2020;2022;2023;2024;2025,39.246443092280536
5,153,PR,405,410,5,17,48870353.7,5,8,2017;2018;2019;2020;2022;2023;2024;2025,34.78591561738584
5,153,PR,410,415,5,14,44820886.74999999,5,8,2017;2018;2019;2020;2022;2023;2024;2025,31.235437348860575
5,153,PR,415,420,5,1,55833845.6,5,8,2017;2018;2019;2020;2022;2023;2024;2025,1.7910283435680094
5,153,PR,420,425,5,0,60281392.5,5,8,2017;2018;2019;2020;2022;2023;2024;2025,0.0
5,153,PR,425,430,5,0,60281392.5,5,8,2017;2018;2019;2020;2022;2023;2024;2025,0.0
5,153,PR,430,435,5,0,61044045.4,5,8,2017;2018;2019;2020;2022;2023;2024;2025,0.0
5,153,PR,435,440,5,0,62532511.75,5,8,2017;2018;2019;2020;2022;2023;2024;2025,0.0
5,153,PR,440,445,5,0,62347967.74999999,5,8,2017;2018;2019;2020;2022;2023;2024;2025,0.0
5,153,PR,445,450,5,1,62347967.74999999,5,8,2017;2018;2019;2020;2022;2023;2024;2025,1.6039015161003385
5,153,PR,450,455,5,22,25918810.600000005,5,5,2017;2018;2019;2020;2022,84.8804381478832
5,153,PR,455,460,2,8,20323995.7,2,7,2017;2018;2019;2020;2022;2024;2025,39.362338577940164
5,153,PR,485,490,5,29,99123433.25000001,5,8,2017;2018;2019;2020;2022;2023;2024;2025,29.256452333384036
5,153,PR,490,495,2,19,37555149.3,2,8,2017;2018;2019;2020;2022;2023;2024;2025,50.59226325589392
5,153,PR,520,525,2,8,26118075.05,2,8,2017;2018;2019;2020;2022;2023;2024;2025,30.630128693194028
5,153,RS,0,5,5,23,16920137.1,5,3,2020;2022;2023,135.9327047060393
5,153,RS,5,10,5,26,27096950.3,5,8,2017;2018;2019;2020;2022;2023;2024;2025,95.951757345918
5,153,RS,10,15,5,22,52949071.749999985,5,8,2017;2018;2019;2020;2022;2023;2024;2025,41.549359172665774
5,153,RS,15,20,5,18,52949071.749999985,5,8,2017;2018;2019;2020;2022;2023;2024;2025,33.99493023218109
5,153,RS,20,25,5,20,56801354.749999985,5,8,2017;2018;2019;2020;2022;2023;2024;2025,35.210427793537804
5,153,RS,25,30,5,23,56801354.749999985,5,8,2017;2018;2019;2020;2022;2023;2024;2025,40.49199196256848
5,153,RS,30,35,5,13,56801354.749999985,5,8,2017;2018;2019;2020;2022;2023;2024;2025,22.88677806579957
5,153,RS,35,40,5,21,56801354.749999985,5,8,2017;2018;2019;2020;2022;2023;2024;2025,36.97094918321469
5,153,RS,40,45,5,86,51245124.0,5,8,2017;2018;2019;2020;2022;2023;2024;2025,167.82084476954336
5,153,RS,45,50,5,161,26183888.199999996,5,5,2017;2018;2019;2020;2022,614.881941025092
5,153,RS,50,55,3,83,5880993.149999999,2,5,2017;2018;2019;2020;2022,1411.3262485265777
5,153,RS,165,170,1,0,23597797.5,1,8,2017;2018;2019;2020;2022;2023;2024;2025,0.0
5,153,RS,170,175,5,0,118512397.5,5,8,2017;2018;2019;2020;2022;2023;2024;2025,0.0
5,153,RS,175,180,5,0,120606037.5,5,8,2017;2018;2019;2020;2022;2023;2024;2025,0.0
5,153,RS,180,185,5,0,119986997.5,5,8,2017;2018;2019;2020;2022;2023;2024;2025,0.0
5,153,RS,185,190,5,0,119832237.5,5,8,2017;2018;2019;2020;2022;2023;2024;2025,0.0
5,153,RS,190,195,5,0,119832237.5,5,8,2017;2018;2019;2020;2022;2023;2024;2025,0.0
5,153,RS,195,200,4,0,95865790.0,4,8,2017;2018;2019;2020;2022;2023;2024;2025,0.0
5,153,RS,200,205,1,0,16135737.5,1,5,2017;2018;2019;2020;2022,0.0
5,153,RS,365,370,2,1,14343580.2,2,8,2017;2018;2019;2020;2022;2023;2024;2025,6.971760090970872
5,153,RS,370,375,5,8,35858950.5,5,8,2017;2018;2019;2020;2022;2023;2024;2025,22.30963229110679
5,153,RS,375,380,5,11,35858950.5,5,8,2017;2018;2019;2020;2022;2023;2024;2025,30.675744400271835
5,153,RS,380,385,5,11,35858950.5,5,8,2017;2018;2019;2020;2022;2023;2024;2025,30.675744400271835
5,153,RS,385,390,5,4,35858950.5,5,8,2017;2018;2019;2020;2022;2023;2024;2025,11.154816145553395
5,153,RS,390,395,5,9,35858950.5,5,8,2017;2018;2019;2020;2022;2023;2024;2025,25.09833632749514
5,153,RS,395,400,5,13,33520760.5,5,8,2017;2018;2019;2020;2022;2023;2024;2025,38.781936346581396
5,153,RS,400,405,5,13,24168000.5,5,5,2017;2018;2019;2020;2022,53.79013460381218
5,153,RS,405,410,5,31,31311926.499999993,5,8,2017;2018;2019;2020;2022;2023;2024;2025,99.00380929930968
5,153,RS,410,415,5,21,29913246.499999993,5,8,2017;2018;2019;2020;2022;2023;2024;2025,70.20301189976155
5,153,RS,415,420,5,10,31311926.499999993,5,8,2017;2018;2019;2020;2022;2023;2024;2025,31.936712677196663
5,153,RS,420,425,5,3,31311926.499999993,5,8,2017;2018;2019;2020;2022;2023;2024;2025,9.581013803159
5,153,RS,425,430,5,2,31311926.499999993,5,8,2017;2018;2019;2020;2022;2023;2024;2025,6.387342535439333
5,153,RS,430,435,1,0,6262385.3,1,8,2017;2018;2019;2020;2022;2023;2024;2025,0.0
5,153,RS,485,490,5,1,20436715.0,5,8,2017;2018;2019;2020;2022;2023;2024;2025,4.893154305865694
5,153,RS,490,495,5,10,20929100.0,5,8,2017;2018;2019;2020;2022;2023;2024;2025,47.78036322632125
5,153,RS,495,500,5,6,20929100.0,5,8,2017;2018;2019;2020;2022;2023;2024;2025,28.668217935792747
5,153,RS,500,505,5,4,20929100.0,5,8,2017;2018;2019;2020;2022;2023;2024;2025,19.1121452905285
5,153,RS,505,510,5,5,20929100.0,5,8,2017;2018;2019;2020;2022;2023;2024;2025,23.890181613160625
5,153,RS,510,515,5,5,22947053.6,5,8,2017;2018;2019;2020;2022;2023;2024;2025,21.789289758751423
5,153,RS,515,520,5,14,23451542.0,5,8,2017;2018;2019;2020;2022;2023;2024;2025,59.69756700860012
5,153,RS,520,525,5,6,23451542.0,5,8,2017;2018;2019;2020;2022;2023;2024;2025,25.584671575114335
5,153,RS,525,530,5,5,23451542.0,5,8,2017;2018;2019;2020;2022;2023;2024;2025,21.32055964592861
5,153,RS,530,535,5,7,23451542.0,5,8,2017;2018;2019;2020;2022;2023;2024;2025,29.84878350430006
5,153,RS,535,540,5,1,23452272.0,5,8,2017;2018;2019;2020;2022;2023;2024;2025,4.263979199968344
5,153,RS,540,545,5,7,23453367.0,5,8,2017;2018;2019;2020;2022;2023;2024;2025,29.84646085144193
5,153,RS,545,550,5,8,23453367.0,5,8,2017;2018;2019;2020;2022;2023;2024;2025,34.110240973076486
5,153,RS,550,555,5,4,23453367.0,5,8,2017;2018;2019;2020;2022;2023;2024;2025,17.055120486538243
5,153,RS,555,560,5,6,23453367.0,5,8,2017;2018;2019;2020;2022;2023;2024;2025,25.582680729807365
5,153,RS,560,565,5,9,23453367.0,5,8,2017;2018;2019;2020;2022;2023;2024;2025,38.374021094711054
5,153,RS,565,570,5,7,23453367.0,5,8,2017;2018;2019;2020;2022;2023;2024;2025,29.84646085144193
5,153,RS,570,575,5,10,23453367.0,5,8,2017;2018;2019;2020;2022;2023;2024;2025,42.63780121634561
5,153,RS,575,580,5,4,23453367.0,5,8,2017;2018;2019;2020;2022;2023;2024;2025,17.055120486538243
5,153,RS,580,585,5,14,23453367.0,5,8,2017;2018;2019;2020;2022;2023;2024;2025,59.69292170288386
5,153,RS,585,590,5,8,23453367.0,5,8,2017;2018;2019;2020;2022;2023;2024;2025,34.110240973076486
5,153,RS,590,595,5,8,23453367.0,5,8,2017;2018;2019;2020;2022;2023;2024;2025,34.110240973076486
5,153,RS,595,600,5,6,23453367.0,5,8,2017;2018;2019;2020;2022;2023;2024;2025,25.582680729807365
5,153,RS,600,605,5,2,23453367.0,5,8,2017;2018;2019;2020;2022;2023;2024;2025,8.527560243269122
5,153,RS,605,610,5,4,23453367.0,5,8,2017;2018;2019;2020;2022;2023;2024;2025,17.055120486538243
5,153,RS,610,615,5,5,23453367.0,5,8,2017;2018;2019;2020;2022;2023;2024;2025,21.318900608172804
5,153,RS,615,620,5,7,23453367.0,5,8,2017;2018;2019;2020;2022;2023;2024;2025,29.84646085144193
5,153,RS,620,625,3,2,14072020.200000001,3,8,2017;2018;2019;2020;2022;2023;2024;2025,14.212600405448537
5,153,RS,630,635,5,1,19013726.0,5,4,2017;2018;2024;2025,5.259358423488378
5,153,RS,635,640,5,5,21147778.8,5,8,2017;2018;2019;2020;2022;2023;2024;2025,23.643144971801956
5,153,RS,640,645,5,4,29308295.500000007,5,8,2017;2018;2019;2020;2022;2023;2024;2025,13.64801306851843
5,153,RS,645,650,5,2,29308295.500000007,5,8,2017;2018;2019;2020;2022;2023;2024;2025,6.824006534259215
5,153,RS,650,655,5,7,29308295.500000007,5,8,2017;2018;2019;2020;2022;2023;2024;2025,23.884022869907252
5,153,RS,655,660,5,3,29308295.500000007,5,8,2017;2018;2019;2020;2022;2023;2024;2025,10.236009801388823
5,153,RS,660,665,5,2,29308295.500000007,5,8,2017;2018;2019;2020;2022;2023;2024;2025,6.824006534259215
5,153,RS,665,670,5,6,24530321.400000002,5,8,2017;2018;2019;2020;2022;2023;2024;2025,24.459524611039132
5,153,RS,670,675,5,2,24807845.500000004,5,8,2017;2018;2019;2020;2022;2023;2024;2025,8.061965719675252
5,153,RS,675,680,5,5,24807845.500000004,5,8,2017;2018;2019;2020;2022;2023;2024;2025,20.154914299188132
5,153,RS,680,685,5,1,24807845.500000004,5,8,2017;2018;2019;2020;2022;2023;2024;2025,4.030982859837626
5,153,RS,685,690,5,1,24807845.500000004,5,8,2017;2018;2019;2020;2022;2023;2024;2025,4.030982859837626
5,153,RS,690,695,4,1,18762591.400000002,4,8,2017;2018;2019;2020;2022;2023;2024;2025,5.329754183102873
5,153,SC,0,5,5,27,76498889.99999999,5,8,2017;2018;2019;2020;2022;2023;2024;2025,35.29462976521621
5,153,SC,5,10,5,22,76498889.99999999,5,8,2017;2018;2019;2020;2022;2023;2024;2025,28.758587216102097
5,153,SC,10,15,5,22,76743863.39999999,5,8,2017;2018;2019;2020;2022;2023;2024;2025,28.666787187052144
5,153,SC,15,20,5,18,72682413.5,5,8,2017;2018;2019;2020;2022;2023;2024;2025,24.76527557797733
5,153,SC,20,25,5,10,72682413.5,5,8,2017;2018;2019;2020;2022;2023;2024;2025,13.75848643220963
5,153,SC,25,30,5,9,72682413.5,5,8,2017;2018;2019;2020;2022;2023;2024;2025,12.382637788988665
5,153,SC,30,35,5,5,72682413.5,5,8,2017;2018;2019;2020;2022;2023;2024;2025,6.879243216104815
5,153,SC,35,40,5,31,72682413.5,5,8,2017;2018;2019;2020;2022;2023;2024;2025,42.65130793984985
5,153,SC,40,45,5,8,72682413.5,5,8,2017;2018;2019;2020;2022;2023;2024;2025,11.006789145767703
5,153,SC,45,50,5,26,58145565.8,4,8,2017;2018;2019;2020;2022;2023;2024;2025,44.71536159684253
5,153,SC,50,55,5,12,72680588.5,5,8,2017;2018;2019;2020;2022;2023;2024;2025,16.510598287189158
5,153,SC,55,60,5,63,58144470.8,4,8,2017;2018;2019;2020;2022;2023;2024;2025,108.35080125967886
5,153,SC,60,65,5,25,48279717.99999999,5,7,2018;2019;2020;2022;2023;2024;2025,51.78157834310466
5,153,SC,65,70,5,38,51529031.95,5,7,2018;2019;2020;2022;2023;2024;2025,73.74483579833678
5,153,SC,70,75,5,30,53695241.25,5,7,2018;2019;2020;2022;2023;2024;2025,55.87087291464586
5,153,SC,75,80,5,15,53695241.25,5,7,2018;2019;2020;2022;2023;2024;2025,27.93543645732293
5,153,SC,80,85,5,29,53695241.25,5,7,2018;2019;2020;2022;2023;2024;2025,54.00851048415767
5,153,SC,85,90,5,26,53695241.25,5,7,2018;2019;2020;2022;2023;2024;2025,48.42142319269307
5,153,SC,90,95,5,33,83304767.6,4,8,2017;2018;2019;2020;2022;2023;2024;2025,39.613579091240396
5,153,SC,95,100,5,81,55790906.99999999,5,8,2017;2018;2019;2020;2022;2023;2024;2025,145.18494922479036
5,153,SC,100,105,5,41,51355208.0,5,8,2017;2018;2019;2020;2022;2023;2024;2025,79.836109319234
5,153,SC,105,110,5,38,51355208.0,5,8,2017;2018;2019;2020;2022;2023;2024;2025,73.99444278368028
5,153,SC,110,115,5,46,59913494.39999999,5,8,2017;2018;2019;2020;2022;2023;2024;2025,76.7773611949431
5,153,SC,115,120,5,11,56480172.99999999,5,8,2017;2018;2019;2020;2022;2023;2024;2025,19.475861024717474
5,153,SP,0,5,5,38,54497273.99999999,3,8,2017;2018;2019;2020;2022;2023;2024;2025,69.72825833453616
5,153,SP,5,10,5,26,90828789.99999999,5,8,2017;2018;2019;2020;2022;2023;2024;2025,28.62528500049379
5,153,SP,10,15,5,45,90828789.99999999,5,8,2017;2018;2019;2020;2022;2023;2024;2025,49.54376250085464
5,153,SP,15,20,5,40,90828789.99999999,5,8,2017;2018;2019;2020;2022;2023;2024;2025,44.03890000075968
5,153,SP,20,25,5,26,90828789.99999999,5,8,2017;2018;2019;2020;2022;2023;2024;2025,28.62528500049379
5,153,SP,25,30,1,16,18165758.0,1,8,2017;2018;2019;2020;2022;2023;2024;2025,88.07780000151935
5,153,SP,30,35,5,68,146314721.25000003,5,8,2017;2018;2019;2020;2022;2023;2024;2025,46.47515945016366
5,153,SP,35,40,5,77,137823098.45000005,5,8,2017;2018;2019;2020;2022;2023;2024;2025,55.8687192973929
5,153,SP,40,45,5,68,125085664.25,5,8,2017;2018;2019;2020;2022;2023;2024;2025,54.36274445014989
5,153,SP,45,50,5,97,125085664.25,5,8,2017;2018;2019;2020;2022;2023;2024;2025,77.54685605389028
5,153,SP,50,55,5,119,97038334.25,5,8,2017;2018;2019;2020;2022;2023;2024;2025,122.63194841475753
5,153,SP,55,60,5,239,78340114.25000001,5,5,2017;2018;2019;2020;2022,305.0799737632498
5,153,SP,60,65,5,504,83352951.25000001,5,6,2017;2018;2019;2020;2022;2023,604.6576545182616
5,153,SP,65,70,5,100,90964332.74999999,5,6,2017;2018;2019;2020;2022;2023,109.93319796544102
5,153,SP,70,75,5,224,98528388.34999998,5,6,2017;2018;2019;2020;2022;2023,227.34564499755166
5,153,SP,75,80,5,124,138212699.45,5,8,2017;2018;2019;2020;2022;2023;2024;2025,89.71679193984515
5,153,SP,80,85,5,43,147661023.74999997,5,8,2017;2018;2019;2020;2022;2023;2024;2025,29.120751643170163
5,153,SP,85,90,5,47,147661023.74999997,5,8,2017;2018;2019;2020;2022;2023;2024;2025,31.829658772767388
5,153,SP,90,95,5,32,146072543.74999997,5,8,2017;2018;2019;2020;2022;2023;2024;2025,21.906923216704786
5,153,SP,95,100,5,58,145675423.74999997,5,8,2017;2018;2019;2020;2022;2023;2024;2025,39.81454009671279
5,153,SP,100,105,5,19,66097193.00000001,5,8,2017;2018;2019;2020;2022;2023;2024;2025,28.745547484898484
5,153,SP,105,110,5,68,71114636.30000001,5,8,2017;2018;2019;2020;2022;2023;2024;2025,95.62025981984807
5,153,SP,110,115,5,74,79515706.25,5,8,2017;2018;2019;2020;2022;2023;2024;2025,93.06337513665736
5,153,SP,115,120,5,43,80098976.25,5,8,2017;2018;2019;2020;2022;2023;2024;2025,53.6835825039649
5,153,SP,120,125,5,21,80098976.25,5,8,2017;2018;2019;2020;2022;2023;2024;2025,26.217563548447973
5,153,SP,125,130,5,11,80098976.25,5,8,2017;2018;2019;2020;2022;2023;2024;2025,13.733009477758463
5,153,SP,130,135,5,9,80098976.25,5,8,2017;2018;2019;2020;2022;2023;2024;2025,11.23609866362056
5,153,SP,135,140,5,17,80098976.25,5,8,2017;2018;2019;2020;2022;2023;2024;2025,21.22374192017217
5,153,SP,140,145,5,14,80098976.25,5,8,2017;2018;2019;2020;2022;2023;2024;2025,17.478375698965316
5,153,SP,145,150,5,25,80098976.25,5,8,2017;2018;2019;2020;2022;2023;2024;2025,31.211385176723777
5,153,SP,150,155,5,23,80098976.25,5,8,2017;2018;2019;2020;2022;2023;2024;2025,28.71447436258588
5,153,SP,155,160,5,32,80098976.25,5,8,2017;2018;2019;2020;2022;2023;2024;2025,39.950573026206435
5,153,SP,160,165,5,35,66648580.25,5,8,2017;2018;2019;2020;2022;2023;2024;2025,52.514246918260504
5,153,SP,165,170,5,16,60458143.75,5,8,2017;2018;2019;2020;2022;2023;2024;2025,26.464590223215378
5,153,SP,170,175,5,61,60527384.25,5,8,2017;2018;2019;2020;2022;2023;2024;2025,100.78082962919383
5,153,SP,175,180,5,26,61031368.94999999,5,8,2017;2018;2019;2020;2022;2023;2024;2025,42.60104344259511
5,153,SP,180,185,5,32,72022785.49999999,5,8,2017;2018;2019;2020;2022;2023;2024;2025,44.43038377070268
5,153,SP,185,190,5,21,73926990.49999999,5,8,2017;2018;2019;2020;2022;2023;2024;2025,28.406404559374025
5,153,SP,190,195,5,23,73926990.49999999,5,8,2017;2018;2019;2020;2022;2023;2024;2025,31.111776422171552
5,153,SP,195,200,5,21,70474309.5,5,8,2017;2018;2019;2020;2022;2023;2024;2025,29.798092594294946
5,153,SP,200,205,5,16,70474309.5,5,8,2017;2018;2019;2020;2022;2023;2024;2025,22.70330864327234
5,153,SP,205,210,5,28,72404068.15,5,8,2017;2018;2019;2020;2022;2023;2024;2025,38.67186018055257
5,153,SP,210,215,5,22,80123102.75000001,5,8,2017;2018;2019;2020;2022;2023;2024;2025,27.45774844571904
5,153,SP,215,220,5,29,80123102.75000001,5,8,2017;2018;2019;2020;2022;2023;2024;2025,36.19430476935692
5,153,SP,220,225,5,26,80123102.75000001,5,8,2017;2018;2019;2020;2022;2023;2024;2025,32.45006634494069
5,153,SP,225,230,5,20,80123102.75000001,5,8,2017;2018;2019;2020;2022;2023;2024;2025,24.961589496108218
5,153,SP,255,260,4,109,50281991.20000001,4,8,2017;2018;2019;2020;2022;2023;2024;2025,216.77741354045654
5,153,SP,260,265,5,19,62852489.000000015,5,8,2017;2018;2019;2020;2022;2023;2024;2025,30.229510879036145
5,153,SP,265,270,5,23,62852489.000000015,5,8,2017;2018;2019;2020;2022;2023;2024;2025,36.59361843251744
5,153,SP,270,275,5,40,62852489.000000015,5,8,2017;2018;2019;2020;2022;2023;2024;2025,63.64107553481294
5,153,SP,275,280,5,33,62852489.000000015,5,8,2017;2018;2019;2020;2022;2023;2024;2025,52.50388731622068
5,153,SP,280,285,2,8,19732272.3,2,8,2017;2018;2019;2020;2022;2023;2024;2025,40.54272046509311
5,153,SP,285,290,5,28,48557610.74999999,5,8,2017;2018;2019;2020;2022;2023;2024;2025,57.66346318841481
5,153,SP,290,295,5,10,47398005.74999999,5,8,2017;2018;2019;2020;2022;2023;2024;2025,21.097934062341857
5,153,SP,295,300,5,14,47398005.74999999,5,8,2017;2018;2019;2020;2022;2023;2024;2025,29.5371076872786
5,153,SP,300,305,3,9,28438803.45,3,8,2017;2018;2019;2020;2022;2023;2024;2025,31.64690109351278
5,153,SP,305,310,1,1,8259902.55,1,7,2018;2019;2020;2022;2023;2024;2025,12.106680362712028
5,153,SP,310,315,5,12,41299512.75,5,7,2018;2019;2020;2022;2023;2024;2025,29.056032870508865
5,153,SP,315,320,5,8,41299512.75,5,7,2018;2019;2020;2022;2023;2024;2025,19.370688580339245
5,153,SP,320,325,5,17,36734092.75,5,7,2018;2019;2020;2022;2023;2024;2025,46.278535081011356
5,153,SP,325,330,5,14,37219907.75,5,7,2018;2019;2020;2022;2023;2024;2025,37.61427914877086
5,153,SP,330,335,5,18,38304687.75,5,7,2018;2019;2020;2022;2023;2024;2025,46.99163746609578
5,153,SP,335,340,5,18,55507360.400000006,5,8,2017;2018;2019;2020;2022;2023;2024;2025,32.42813181943344
5,153,SP,340,345,5,31,88668774.75000001,5,7,2017;2018;2019;2020;2022;2024;2025,34.9615747904535
5,153,SP,345,350,2,5,23818899.9,2,5,2017;2018;2019;2020;2022,20.99173354349585
5,153,TO,0,5,1,4,3523359.6,1,8,2017;2018;2019;2020;2022;2023;2024;2025,113.52800889242188
5,153,TO,5,10,5,10,17616798.0,5,8,2017;2018;2019;2020;2022;2023;2024;2025,56.76400444621094
5,153,TO,10,15,5,2,17616798.0,5,8,2017;2018;2019;2020;2022;2023;2024;2025,11.352800889242188
5,153,TO,15,20,5,2,17616798.0,5,8,2017;2018;2019;2020;2022;2023;2024;2025,11.352800889242188
5,153,TO,20,25,5,1,17616798.0,5,8,2017;2018;2019;2020;2022;2023;2024;2025,5.676400444621094
5,153,TO,25,30,5,1,17616798.0,5,8,2017;2018;2019;2020;2022;2023;2024;2025,5.676400444621094
5,153,TO,30,35,5,4,14093438.4,4,8,2017;2018;2019;2020;2022;2023;2024;2025,28.38200222310547
5,153,TO,35,40,5,2,19058091.750000004,5,8,2017;2018;2019;2020;2022;2023;2024;2025,10.494230095203521
5,153,TO,40,45,5,1,19058091.750000004,5,8,2017;2018;2019;2020;2022;2023;2024;2025,5.247115047601761
5,153,TO,45,50,5,0,17477101.550000004,5,8,2017;2018;2019;2020;2022;2023;2024;2025,0.0
5,153,TO,50,55,5,2,11153140.750000002,5,7,2018;2019;2020;2022;2023;2024;2025,17.932168568750463
5,153,TO,55,60,5,2,11153140.750000002,5,7,2018;2019;2020;2022;2023;2024;2025,17.932168568750463
5,153,TO,60,65,5,1,11153140.750000002,5,7,2018;2019;2020;2022;2023;2024;2025,8.966084284375231
5,153,TO,65,70,5,0,11153140.750000002,5,7,2018;2019;2020;2022;2023;2024;2025,0.0
5,153,TO,70,75,5,2,11153140.750000002,5,7,2018;2019;2020;2022;2023;2024;2025,17.932168568750463
5,153,TO,75,80,5,2,11153140.750000002,5,7,2018;2019;2020;2022;2023;2024;2025,17.932168568750463
5,153,TO,80,85,5,2,11153140.750000002,5,7,2018;2019;2020;2022;2023;2024;2025,17.932168568750463
5,153,TO,85,90,5,7,11153140.750000002,5,7,2018;2019;2020;2022;2023;2024;2025,62.76258999062662
5,153,TO,90,95,5,12,33213503.500000004,5,8,2017;2018;2019;2020;2022;2023;2024;2025,36.129883136237034
5,153,TO,95,100,5,15,63343304.500000015,5,8,2017;2018;2019;2020;2022;2023;2024;2025,23.68048228364846
5,153,TO,100,105,5,20,63343304.500000015,5,8,2017;2018;2019;2020;2022;2023;2024;2025,31.57397637819794
5,153,TO,105,110,5,18,65001933.85000001,5,8,2017;2018;2019;2020;2022;2023;2024;2025,27.69148382806152
5,153,TO,110,115,5,22,71636451.25,5,8,2017;2018;2019;2020;2022;2023;2024;2025,30.710622338372744
5,153,TO,115,120,5,13,71636451.25,5,8,2017;2018;2019;2020;2022;2023;2024;2025,18.147185927220256
5,153,TO,120,125,5,23,71636451.25,5,8,2017;2018;2019;2020;2022;2023;2024;2025,32.106559717389686
5,153,TO,125,130,5,17,71636451.25,5,8,2017;2018;2019;2020;2022;2023;2024;2025,23.73093544328803
5,153,TO,130,135,5,73,71636451.25,5,8,2017;2018;2019;2020;2022;2023;2024;2025,101.90342866823683
5,153,TO,135,140,5,170,48832711.25,5,8,2017;2018;2019;2020;2022;2023;2024;2025,348.12730165581377
5,153,TO,140,145,5,143,47482915.7,5,5,2017;2018;2019;2020;2022,301.16094997932066
5,153,TO,145,150,5,190,36695136.29999999,5,8,2017;2018;2019;2020;2022;2023;2024;2025,517.7797908874372
5,153,TO,150,155,5,77,61844103.499999985,5,8,2017;2018;2019;2020;2022;2023;2024;2025,124.50661525071669
5,153,TO,155,160,5,15,64049068.499999985,5,8,2017;2018;2019;2020;2022;2023;2024;2025,23.419544345129708
5,153,TO,160,165,5,26,64049068.499999985,5,8,2017;2018;2019;2020;2022;2023;2024;2025,40.59387686489149
5,153,TO,165,170,5,9,64049068.499999985,5,8,2017;2018;2019;2020;2022;2023;2024;2025,14.051726607077827
5,153,TO,170,175,5,16,64049068.499999985,5,8,2017;2018;2019;2020;2022;2023;2024;2025,24.980847301471687
5,153,TO,175,180,5,18,64049068.499999985,5,8,2017;2018;2019;2020;2022;2023;2024;2025,28.103453214155653
5,153,TO,180,185,5,18,64049068.499999985,5,8,2017;2018;2019;2020;2022;2023;2024;2025,28.103453214155653
5,153,TO,185,190,5,15,64049068.499999985,5,8,2017;2018;2019;2020;2022;2023;2024;2025,23.419544345129708
5,153,TO,190,195,5,14,64049068.499999985,5,8,2017;2018;2019;2020;2022;2023;2024;2025,21.85824138878773
5,153,TO,195,200,5,25,63761211.24999999,5,8,2017;2018;2019;2020;2022;2023;2024;2025,39.2087909089086
5,153,TO,200,205,5,22,62609782.25000001,5,8,2017;2018;2019;2020;2022;2023;2024;2025,35.13827905063509
5,153,TO,205,210,5,22,62609782.25000001,5,8,2017;2018;2019;2020;2022;2023;2024;2025,35.13827905063509
5,153,TO,210,215,5,8,62609782.25000001,5,8,2017;2018;2019;2020;2022;2023;2024;2025,12.777556018412762
5,153,TO,215,220,5,15,64389033.150000006,5,8,2017;2018;2019;2020;2022;2023;2024;2025,23.29589258632935
5,153,TO,220,225,5,16,67057909.5,5,8,2017;2018;2019;2020;2022;2023;2024;2025,23.85997434053622
5,153,TO,225,230,5,12,67057909.5,5,8,2017;2018;2019;2020;2022;2023;2024;2025,17.894980755402166
5,153,TO,230,235,5,17,67057909.5,5,8,2017;2018;2019;2020;2022;2023;2024;2025,25.351222736819732
5,153,TO,235,240,5,28,67057909.5,5,8,2017;2018;2019;2020;2022;2023;2024;2025,41.754955095938385
5,153,TO,240,245,5,37,60989784.5,5,8,2017;2018;2019;2020;2022;2023;2024;2025,60.665897253662216
5,153,TO,245,250,5,53,41143453.35,5,8,2017;2018;2019;2020;2022;2023;2024;2025,128.81757773013965
5,153,TO,250,255,5,20,58697913.0,5,7,2018;2019;2020;2022;2023;2024;2025,34.07276166701191
5,153,TO,255,260,5,12,58697913.0,5,7,2018;2019;2020;2022;2023;2024;2025,20.443657000207143
5,153,TO,260,265,5,13,58697913.0,5,7,2018;2019;2020;2022;2023;2024;2025,22.14729508355774
5,153,TO,265,270,5,11,58697913.0,5,7,2018;2019;2020;2022;2023;2024;2025,18.74001891685655
5,153,TO,270,275,5,12,58697913.0,5,7,2018;2019;2020;2022;2023;2024;2025,20.443657000207143
5,153,TO,275,280,5,6,58697913.0,5,7,2018;2019;2020;2022;2023;2024;2025,10.221828500103571
5,153,TO,280,285,5,13,60246721.150000006,5,8,2017;2018;2019;2020;2022;2023;2024;2025,21.577937772967083
5,153,TO,285,290,5,18,66441953.75,5,8,2017;2018;2019;2020;2022;2023;2024;2025,27.091316531311364
5,153,TO,290,295,5,14,66185548.550000004,5,8,2017;2018;2019;2020;2022;2023;2024;2025,21.152653874922063
5,153,TO,295,300,5,17,66491480.599999994,5,8,2017;2018;2019;2020;2022;2023;2024;2025,25.567185219214387
5,153,TO,300,305,5,15,70678727.75,5,8,2017;2018;2019;2020;2022;2023;2024;2025,21.222792879148844
5,153,TO,305,310,5,24,70678727.75,5,8,2017;2018;2019;2020;2022;2023;2024;2025,33.956468606638154
5,153,TO,310,315,5,22,70678727.75,5,8,2017;2018;2019;2020;2022;2023;2024;2025,31.126762889418305
5,153,TO,315,320,5,8,70678727.75,5,8,2017;2018;2019;2020;2022;2023;2024;2025,11.318822868879385
5,153,TO,320,325,5,14,70678727.75,5,8,2017;2018;2019;2020;2022;2023;2024;2025,19.807940020538926
5,153,TO,325,330,5,18,70678727.75,5,8,2017;2018;2019;2020;2022;2023;2024;2025,25.467351454978616
5,153,TO,330,335,5,153,64454433.849999994,5,8,2017;2018;2019;2020;2022;2023;2024;2025,237.3769977656859
5,153,TO,335,340,5,96,65663773.749999985,5,7,2017;2018;2019;2020;2022;2024;2025,146.19933414960028
5,153,TO,340,345,5,31,73639023.74999999,5,7,2017;2018;2019;2020;2022;2024;2025,42.0972446691351
5,153,TO,345,350,5,33,84344860.64999999,5,8,2017;2018;2019;2020;2022;2023;2024;2025,39.12508687036405
5,153,TO,350,355,5,36,91482085.24999999,5,8,2017;2018;2019;2020;2022;2023;2024;2025,39.35196700164856
5,153,TO,355,360,5,37,90789088.94999999,5,8,2017;2018;2019;2020;2022;2023;2024;2025,40.75379588881755
5,153,TO,360,365,5,27,69642675.25,5,8,2017;2018;2019;2020;2022;2023;2024;2025,38.769332026773334
5,153,TO,365,370,5,8,69642675.25,5,8,2017;2018;2019;2020;2022;2023;2024;2025,11.487209489414324
5,153,TO,370,375,5,8,69642675.25,5,8,2017;2018;2019;2020;2022;2023;2024;2025,11.487209489414324
5,153,TO,375,380,5,8,69642675.25,5,8,2017;2018;2019;2020;2022;2023;2024;2025,11.487209489414324
5,153,TO,380,385,5,20,69642675.25,5,8,2017;2018;2019;2020;2022;2023;2024;2025,28.718023723535808
5,153,TO,385,390,5,18,69642675.25,5,8,2017;2018;2019;2020;2022;2023;2024;2025,25.84622135118223
5,153,TO,390,395,5,47,74177354.94999999,5,8,2017;2018;2019;2020;2022;2023;2024;2025,63.36165536191043
5,153,TO,395,400,5,19,77200474.75,5,8,2017;2018;2019;2020;2022;2023;2024;2025,24.611247614121698
5,153,TO,400,405,5,23,77200474.75,5,8,2017;2018;2019;2020;2022;2023;2024;2025,29.792562901305214
5,153,TO,405,410,5,25,77200474.75,5,8,2017;2018;2019;2020;2022;2023;2024;2025,32.38322054489697
5,153,TO,410,415,5,48,44330480.05,5,6,2017;2018;2019;2020;2022;2023,108.27764541656481
5,153,TO,415,420,5,19,41131882.85000001,5,8,2017;2018;2019;2020;2022;2023;2024;2025,46.19287687191299
5,153,TO,420,425,5,6,47589430.00000001,5,7,2018;2019;2020;2022;2023;2024;2025,12.607841699301712
5,153,TO,425,430,5,9,47589430.00000001,5,7,2018;2019;2020;2022;2023;2024;2025,18.91176254895257
5,153,TO,430,435,5,5,47589430.00000001,5,7,2018;2019;2020;2022;2023;2024;2025,10.506534749418094
5,153,TO,435,440,5,11,47589430.00000001,5,7,2018;2019;2020;2022;2023;2024;2025,23.114376448719806
5,153,TO,440,445,5,7,47440510.00000001,5,7,2018;2019;2020;2022;2023;2024;2025,14.755321981150706
5,153,TO,445,450,5,11,47217130.00000001,5,7,2018;2019;2020;2022;2023;2024;2025,23.29662984599021
5,153,TO,450,455,5,13,44789777.800000004,5,8,2017;2018;2019;2020;2022;2023;2024;2025,29.024479777615685
5,153,TO,455,460,5,8,43171543.0,5,5,2017;2018;2019;2024;2025,18.530725204795203
5,153,TO,460,465,5,7,43171543.0,5,5,2017;2018;2019;2024;2025,16.214384554195803
5,153,TO,465,470,5,17,43171543.0,5,5,2017;2018;2019;2024;2025,39.377791060189814
5,153,TO,470,475,5,13,43171543.0,5,5,2017;2018;2019;2024;2025,30.112428457792205
5,153,TO,475,480,5,6,43171543.0,5,5,2017;2018;2019;2024;2025,13.898043903596404
5,153,TO,480,485,5,13,43171543.0,5,5,2017;2018;2019;2024;2025,30.112428457792205
5,153,TO,485,490,5,12,43171543.0,5,5,2017;2018;2019;2024;2025,27.79608780719281
5,153,TO,490,495,5,23,39807338.0,5,5,2017;2018;2019;2024;2025,57.77829203248909
5,153,TO,495,500,5,58,38074482.25,5,5,2017;2018;2019;2020;2022,152.33299725303553
5,153,TO,500,505,5,62,44026650.4,5,8,2017;2018;2019;2020;2022;2023;2024;2025,140.82379521654457
5,153,TO,505,510,5,23,60018154.5,5,8,2017;2018;2019;2020;2022;2023;2024;2025,38.32173813341761
5,153,TO,510,515,5,24,60018154.5,5,8,2017;2018;2019;2020;2022;2023;2024;2025,39.98790066095751
5,153,TO,515,520,5,19,60018154.5,5,8,2017;2018;2019;2020;2022;2023;2024;2025,31.65708802325803
5,153,TO,520,525,5,16,60018154.5,5,8,2017;2018;2019;2020;2022;2023;2024;2025,26.658600440638338
5,153,TO,525,530,5,22,62832359.25,5,8,2017;2018;2019;2020;2022;2023;2024;2025,35.01380540632811
5,153,TO,530,535,5,15,62832359.25,5,8,2017;2018;2019;2020;2022;2023;2024;2025,23.873049140678255
5,153,TO,535,540,5,15,57850839.25,5,8,2017;2018;2019;2020;2022;2023;2024;2025,25.928750895346777
5,153,TO,540,545,5,18,57075871.25,5,8,2017;2018;2019;2020;2022;2023;2024;2025,31.536969310827647
5,153,TO,545,550,5,13,63958749.25,5,8,2017;2018;2019;2020;2022;2023;2024;2025,20.32560072303165
5,153,TO,550,555,5,17,63958749.25,5,8,2017;2018;2019;2020;2022;2023;2024;2025,26.579631714733697
5,153,TO,555,560,5,20,57094902.349999994,5,8,2017;2018;2019;2020;2022;2023;2024;2025,35.02939698083222
5,153,TO,560,565,5,19,23868864.75,5,5,2017;2018;2019;2024;2025,79.60160736174099
5,153,TO,565,570,5,15,29639514.75,5,5,2017;2018;2019;2024;2025,50.60811597801209
5,153,TO,570,575,5,15,29504829.75,5,5,2017;2018;2019;2024;2025,50.83913422682942
5,153,TO,575,580,5,4,28966089.75,5,5,2017;2018;2019;2024;2025,13.809250867214482
5,153,TO,580,585,5,4,28966089.75,5,5,2017;2018;2019;2024;2025,13.809250867214482
5,153,TO,585,590,5,9,28966089.75,5,5,2017;2018;2019;2024;2025,31.070814451232582
5,153,TO,590,595,5,5,28966089.75,5,5,2017;2018;2019;2024;2025,17.261563584018102
5,153,TO,595,600,5,3,28966089.75,5,5,2017;2018;2019;2024;2025,10.356938150410862
5,153,TO,600,605,5,14,28966089.75,5,5,2017;2018;2019;2024;2025,48.33237803525068
5,153,TO,605,610,5,10,28966089.75,5,5,2017;2018;2019;2024;2025,34.523127168036204
5,153,TO,610,615,5,5,28966089.75,5,5,2017;2018;2019;2024;2025,17.261563584018102
5,153,TO,615,620,5,9,28966089.75,5,5,2017;2018;2019;2024;2025,31.070814451232582
5,153,TO,620,625,5,32,44169449.349999994,5,8,2017;2018;2019;2020;2022;2023;2024;2025,72.44826564721484
5,153,TO,625,630,5,35,67183451.24999999,5,8,2017;2018;2019;2020;2022;2023;2024;2025,52.0961625948027
5,153,TO,630,635,5,27,67183451.24999999,5,8,2017;2018;2019;2020;2022;2023;2024;2025,40.18846828741923
5,153,TO,635,640,5,26,67183451.24999999,5,8,2017;2018;2019;2020;2022;2023;2024;2025,38.70000649899629
5,153,TO,640,645,5,20,67183451.24999999,5,8,2017;2018;2019;2020;2022;2023;2024;2025,29.769235768458685
5,153,TO,645,650,5,26,67183451.24999999,5,8,2017;2018;2019;2020;2022;2023;2024;2025,38.70000649899629
5,153,TO,650,655,5,24,67183451.24999999,5,8,2017;2018;2019;2020;2022;2023;2024;2025,35.723082922150425
5,153,TO,655,660,5,21,69793931.25,5,8,2017;2018;2019;2020;2022;2023;2024;2025,30.08857593187946
5,153,TO,660,665,5,12,69828971.25,5,8,2017;2018;2019;2020;2022;2023;2024;2025,17.18484432061571
5,153,TO,665,670,5,42,68902601.24999999,5,8,2017;2018;2019;2020;2022;2023;2024;2025,60.95560869699387
5,153,TO,670,675,5,89,82222126.5,5,8,2017;2018;2019;2020;2022;2023;2024;2025,108.24336925900353
5,153,TO,675,680,5,68,106468966.99999999,5,8,2017;2018;2019;2020;2022;2023;2024;2025,63.86837584326334
5,153,TO,680,685,5,37,106468966.99999999,5,8,2017;2018;2019;2020;2022;2023;2024;2025,34.751910385305045
5,153,TO,685,690,5,31,106468966.99999999,5,8,2017;2018;2019;2020;2022;2023;2024;2025,29.116465457958284
5,153,TO,690,695,5,29,106468966.99999999,5,8,2017;2018;2019;2020;2022;2023;2024;2025,27.237983815509363
5,153,TO,695,700,5,24,106468966.99999999,5,8,2017;2018;2019;2020;2022;2023;2024;2025,22.541779709387058
5,153,TO,700,705,5,35,72184867.4,5,8,2017;2018;2019;2020;2022;2023;2024;2025,48.48661673928627
5,153,TO,705,710,5,25,63613842.500000015,5,8,2017;2018;2019;2020;2022;2023;2024;2025,39.29962256249494
5,153,TO,710,715,5,16,63613842.500000015,5,8,2017;2018;2019;2020;2022;2023;2024;2025,25.15175843999676
5,153,TO,715,720,5,23,63613842.500000015,5,8,2017;2018;2019;2020;2022;2023;2024;2025,36.155652757495346
5,153,TO,720,725,5,41,62850660.35000001,5,8,2017;2018;2019;2020;2022;2023;2024;2025,65.2340003616207
5,153,TO,725,730,5,12,62520266.0,5,8,2017;2018;2019;2020;2022;2023;2024;2025,19.193776302871136
5,153,TO,730,735,5,19,62520266.0,5,8,2017;2018;2019;2020;2022;2023;2024;2025,30.3901458128793
5,153,TO,735,740,5,12,62520266.0,5,8,2017;2018;2019;2020;2022;2023;2024;2025,19.193776302871136
5,153,TO,740,745,5,8,62520266.0,5,8,2017;2018;2019;2020;2022;2023;2024;2025,12.795850868580759
5,153,TO,745,750,5,13,62520266.0,5,8,2017;2018;2019;2020;2022;2023;2024;2025,20.793257661443732
5,153,TO,750,755,5,14,62520266.0,5,8,2017;2018;2019;2020;2022;2023;2024;2025,22.392739020016325
5,153,TO,755,760,5,18,59196941.0,5,8,2017;2018;2019;2020;2022;2023;2024;2025,30.406976603740386
5,153,TO,760,765,5,25,34708780.75,5,8,2017;2018;2019;2020;2022;2023;2024;2025,72.0278830307227
5,153,TO,765,770,5,10,49845786.99999999,5,8,2017;2018;2019;2020;2022;2023;2024;2025,20.061876041800687
5,153,TO,770,775,5,18,49845786.99999999,5,8,2017;2018;2019;2020;2022;2023;2024;2025,36.111376875241234
5,153,TO,775,780,5,15,49845786.99999999,5,8,2017;2018;2019;2020;2022;2023;2024;2025,30.092814062701034
5,153,TO,780,785,5,13,49845786.99999999,5,8,2017;2018;2019;2020;2022;2023;2024;2025,26.080438854340894
5,153,TO,785,790,5,28,49845786.99999999,5,8,2017;2018;2019;2020;2022;2023;2024;2025,56.17325291704192
5,153,TO,790,795,5,23,49845786.99999999,5,8,2017;2018;2019;2020;2022;2023;2024;2025,46.14231489614158
5,153,TO,795,800,5,14,42613585.74999999,5,8,2017;2018;2019;2020;2022;2023;2024;2025,32.85337235437879
5,153,TO,800,805,2,3,15116847.3,2,5,2017;2018;2019;2020;2022,19.84540784506039
5,158,GO,5,10,3,7,11395194.15,3,5,2017;2022;2023;2024;2025,61.42940530767525
5,158,GO,10,15,5,7,33084476.0,5,8,2017;2018;2019;2020;2022;2023;2024;2025,21.15795940065667
5,158,GO,15,20,5,3,33084476.0,5,8,2017;2018;2019;2020;2022;2023;2024;2025,9.067696885995716
5,158,GO,20,25,5,7,33084476.0,5,8,2017;2018;2019;2020;2022;2023;2024;2025,21.15795940065667
5,158,GO,25,30,5,4,33084476.0,5,8,2017;2018;2019;2020;2022;2023;2024;2025,12.090262514660955
5,158,GO,30,35,5,5,33084476.0,5,8,2017;2018;2019;2020;2022;2023;2024;2025,15.112828143326192
5,158,GO,35,40,5,9,37575436.0,5,8,2017;2018;2019;2020;2022;2023;2024;2025,23.95181788442854
5,158,GO,40,45,5,8,39919393.0,5,8,2017;2018;2019;2020;2022;2023;2024;2025,20.040384882605807
5,158,GO,45,50,5,4,39919393.0,5,8,2017;2018;2019;2020;2022;2023;2024;2025,10.020192441302903
5,158,GO,50,55,5,5,39919393.0,5,8,2017;2018;2019;2020;2022;2023;2024;2025,12.525240551628627
5,158,GO,55,60,5,2,39919393.0,5,8,2017;2018;2019;2020;2022;2023;2024;2025,5.010096220651452
5,158,GO,60,65,5,3,39919393.0,5,8,2017;2018;2019;2020;2022;2023;2024;2025,7.515144330977177
5,158,GO,65,70,5,6,39919393.0,5,8,2017;2018;2019;2020;2022;2023;2024;2025,15.030288661954353
5,158,GO,70,75,5,6,39919393.0,5,8,2017;2018;2019;2020;2022;2023;2024;2025,15.030288661954353
5,158,GO,75,80,5,2,39919393.0,5,8,2017;2018;2019;2020;2022;2023;2024;2025,5.010096220651452
5,158,GO,80,85,5,7,37107433.00000001,5,8,2017;2018;2019;2020;2022;2023;2024;2025,18.864145089206247
5,158,GO,85,90,5,8,28382108.000000007,5,8,2017;2018;2019;2020;2022;2023;2024;2025,28.186771750709983
5,158,GO,90,95,5,7,19792070.25,5,8,2017;2018;2019;2020;2022;2023;2024;2025,35.36769984938791
5,158,GO,95,100,5,3,21412305.25,5,8,2017;2018;2019;2020;2022;2023;2024;2025,14.010635309806263
5,158,GO,100,105,5,0,21412305.25,5,8,2017;2018;2019;2020;2022;2023;2024;2025,0.0
5,158,GO,105,110,5,2,21412305.25,5,8,2017;2018;2019;2020;2022;2023;2024;2025,9.34042353987084
5,158,GO,110,115,5,3,21412305.25,5,8,2017;2018;2019;2020;2022;2023;2024;2025,14.010635309806263
5,158,GO,115,120,5,3,21412305.25,5,8,2017;2018;2019;2020;2022;2023;2024;2025,14.010635309806263
5,158,GO,120,125,5,1,21412305.25,5,8,2017;2018;2019;2020;2022;2023;2024;2025,4.67021176993542
5,158,GO,125,130,5,4,21412305.25,5,8,2017;2018;2019;2020;2022;2023;2024;2025,18.68084707974168
5,158,GO,130,135,5,5,21412305.25,5,8,2017;2018;2019;2020;2022;2023;2024;2025,23.351058849677102
5,158,GO,135,140,5,1,21412305.25,5,8,2017;2018;2019;2020;2022;2023;2024;2025,4.67021176993542
5,158,GO,140,145,5,6,21412305.25,5,8,2017;2018;2019;2020;2022;2023;2024;2025,28.021270619612526
5,158,GO,145,150,5,2,23405935.25,5,8,2017;2018;2019;2020;2022;2023;2024;2025,8.544841206462792
5,158,GO,150,155,3,12,16972259.1,3,8,2017;2018;2019;2020;2022;2023;2024;2025,70.70361069375849
5,158,GO,155,160,5,9,33239593.7,5,8,2017;2018;2019;2020;2022;2023;2024;2025,27.076143232159907
5,158,GO,160,165,5,5,33168681.5,5,8,2017;2018;2019;2020;2022;2023;2024;2025,15.074461129846236
5,158,GO,165,170,5,2,33168681.5,5,8,2017;2018;2019;2020;2022;2023;2024;2025,6.029784451938495
5,158,GO,170,175,5,6,33168681.5,5,8,2017;2018;2019;2020;2022;2023;2024;2025,18.089353355815486
5,158,GO,175,180,5,5,33168681.5,5,8,2017;2018;2019;2020;2022;2023;2024;2025,15.074461129846236
5,158,GO,180,185,5,1,33168681.5,5,8,2017;2018;2019;2020;2022;2023;2024;2025,3.0148922259692474
5,158,GO,185,190,5,7,33168681.5,5,8,2017;2018;2019;2020;2022;2023;2024;2025,21.10424558178473
5,158,GO,190,195,5,7,33168681.5,5,8,2017;2018;2019;2020;2022;2023;2024;2025,21.10424558178473
5,158,GO,195,200,5,18,33168681.5,5,8,2017;2018;2019;2020;2022;2023;2024;2025,54.268060067446456
5,158,GO,200,205,5,18,33082979.499999996,5,8,2017;2018;2019;2020;2022;2023;2024;2025,54.40864236547982
5,158,GO,205,210,5,1,32981801.499999993,5,8,2017;2018;2019;2020;2022;2023;2024;2025,3.0319750726775805
5,158,GO,210,215,5,5,32981801.499999993,5,8,2017;2018;2019;2020;2022;2023;2024;2025,15.159875363387899
5,158,GO,215,220,5,2,32981801.499999993,5,8,2017;2018;2019;2020;2022;2023;2024;2025,6.063950145355161
5,158,GO,220,225,5,6,32981801.499999993,5,8,2017;2018;2019;2020;2022;2023;2024;2025,18.19185043606548
5,158,GO,225,230,5,3,30402711.499999993,5,8,2017;2018;2019;2020;2022;2023;2024;2025,9.867540926407175
5,158,GO,230,235,5,3,30546255.049999997,5,8,2017;2018;2019;2020;2022;2023;2024;2025,9.821171188053706
5,158,GO,235,240,5,5,29596590.75,5,8,2017;2018;2019;2020;2022;2023;2024;2025,16.89383767959828
5,158,GO,240,245,5,7,29596590.75,5,8,2017;2018;2019;2020;2022;2023;2024;2025,23.651372751437595
5,158,GO,245,250,5,7,29596590.75,5,8,2017;2018;2019;2020;2022;2023;2024;2025,23.651372751437595
5,158,GO,250,255,5,3,29596590.75,5,8,2017;2018;2019;2020;2022;2023;2024;2025,10.136302607758969
5,158,GO,255,260,5,8,29596590.75,5,8,2017;2018;2019;2020;2022;2023;2024;2025,27.030140287357252
5,158,GO,260,265,5,12,27258116.049999997,5,8,2017;2018;2019;2020;2022;2023;2024;2025,44.02358540842738
5,158,GO,265,270,5,45,17501016.35,5,6,2017;2018;2019;2020;2022;2023,257.12792388768895
5,158,GO,270,275,4,48,6247336.35,4,5,2017;2018;2019;2020;2022,768.3274488654673
5,158,MS,0,5,4,37,12806645.5,4,7,2017;2018;2019;2022;2023;2024;2025,288.9125024972386
5,158,MS,5,10,5,18,18886359.25,5,7,2017;2018;2019;2022;2023;2024;2025,95.30688134082803
5,158,MS,10,15,5,18,19689359.25,5,8,2017;2018;2019;2020;2022;2023;2024;2025,91.41993790376901
5,158,MS,15,20,5,9,22901359.25,5,8,2017;2018;2019;2020;2022;2023;2024;2025,39.29897741768319
5,158,MS,20,25,5,11,22901359.25,5,8,2017;2018;2019;2020;2022;2023;2024;2025,48.03208351050168
5,158,MS,25,30,5,11,35031418.85,5,8,2017;2018;2019;2020;2022;2023;2024;2025,31.40038388710596
5,158,MS,30,35,5,12,38063933.75,5,8,2017;2018;2019;2020;2022;2023;2024;2025,31.52590606849719
5,158,MS,35,40,5,17,43197658.75,5,8,2017;2018;2019;2020;2022;2023;2024;2025,39.353984664736025
5,158,MS,40,45,5,18,43197658.75,5,8,2017;2018;2019;2020;2022;2023;2024;2025,41.66892493913227
5,158,MS,45,50,5,10,43197658.75,5,8,2017;2018;2019;2020;2022;2023;2024;2025,23.14940274396237
5,158,MS,50,55,5,18,43197658.75,5,8,2017;2018;2019;2020;2022;2023;2024;2025,41.66892493913227
5,158,MS,55,60,5,13,34558127.0,4,8,2017;2018;2019;2020;2022;2023;2024;2025,37.61777945893885
5,158,MS,60,65,5,11,54671433.74999999,5,8,2017;2018;2019;2020;2022;2023;2024;2025,20.12019668315357
5,158,MS,65,70,5,21,54671433.74999999,5,8,2017;2018;2019;2020;2022;2023;2024;2025,38.411284576929546
5,158,MS,70,75,5,13,54671433.74999999,5,8,2017;2018;2019;2020;2022;2023;2024;2025,23.778414261908765
5,158,MS,75,80,5,23,54671433.74999999,5,8,2017;2018;2019;2020;2022;2023;2024;2025,42.06950215568474
5,158,MS,80,85,5,16,54671433.74999999,5,8,2017;2018;2019;2020;2022;2023;2024;2025,29.265740630041556
5,158,MS,85,90,5,21,54671433.74999999,5,8,2017;2018;2019;2020;2022;2023;2024;2025,38.411284576929546
5,158,MS,90,95,4,37,42514736.449999996,4,8,2017;2018;2019;2020;2022;2023;2024;2025,87.028647216276
5,158,MS,95,100,5,68,75475977.5,5,8,2017;2018;2019;2020;2022;2023;2024;2025,90.09489145072682
5,158,MS,100,105,5,22,99488232.49999999,5,8,2017;2018;2019;2020;2022;2023;2024;2025,22.11316800708064
5,158,MS,105,110,5,16,99488232.49999999,5,8,2017;2018;2019;2020;2022;2023;2024;2025,16.082304005149556
5,158,MS,110,115,5,25,99488232.49999999,5,8,2017;2018;2019;2020;2022;2023;2024;2025,25.12860000804618
5,158,MS,115,120,5,18,99488232.49999999,5,8,2017;2018;2019;2020;2022;2023;2024;2025,18.09259200579325
5,158,MS,120,125,5,12,99488232.49999999,5,8,2017;2018;2019;2020;2022;2023;2024;2025,12.061728003862166
5,158,MS,125,130,5,16,99488232.49999999,5,8,2017;2018;2019;2020;2022;2023;2024;2025,16.082304005149556
5,158,MS,130,135,5,16,99488232.49999999,5,8,2017;2018;2019;2020;2022;2023;2024;2025,16.082304005149556
5,158,MS,135,140,5,19,99488232.49999999,5,8,2017;2018;2019;2020;2022;2023;2024;2025,19.0977360061151
5,158,MS,140,145,5,16,77938446.35000001,5,8,2017;2018;2019;2020;2022;2023;2024;2025,20.52902097656454
5,158,MS,145,150,5,14,51320989.25,5,8,2017;2018;2019;2020;2022;2023;2024;2025,27.27928709986821
5,158,MS,150,155,5,15,48258256.0,5,8,2017;2018;2019;2020;2022;2023;2024;2025,31.08276436678524
5,158,MS,155,160,5,4,48258256.0,5,8,2017;2018;2019;2020;2022;2023;2024;2025,8.288737164476064
5,158,MS,160,165,5,11,48258256.0,5,8,2017;2018;2019;2020;2022;2023;2024;2025,22.794027202309177
5,158,MS,165,170,5,7,48258256.0,5,8,2017;2018;2019;2020;2022;2023;2024;2025,14.505290037833111
5,158,MS,170,175,5,4,48258256.0,5,8,2017;2018;2019;2020;2022;2023;2024;2025,8.288737164476064
5,158,MS,175,180,5,10,48258256.0,5,8,2017;2018;2019;2020;2022;2023;2024;2025,20.72184291119016
5,158,MS,180,185,5,2,48258256.0,5,8,2017;2018;2019;2020;2022;2023;2024;2025,4.144368582238032
5,158,MS,185,190,5,4,48258256.0,5,8,2017;2018;2019;2020;2022;2023;2024;2025,8.288737164476064
5,158,MS,190,195,5,7,48258256.0,5,8,2017;2018;2019;2020;2022;2023;2024;2025,14.505290037833111
5,158,MS,195,200,5,7,8698953.75,5,4,2017;2018;2019;2020,80.46944725967764
5,158,MS,200,205,5,2,16478928.75,5,6,2017;2018;2019;2020;2024;2025,12.136711253151088
5,158,MS,205,210,5,3,16478928.75,5,6,2017;2018;2019;2020;2024;2025,18.205066879726633
5,158,MS,210,215,5,1,16478928.75,5,6,2017;2018;2019;2020;2024;2025,6.068355626575544
5,158,MS,215,220,5,3,16478928.75,5,6,2017;2018;2019;2020;2024;2025,18.205066879726633
5,158,MS,220,225,5,2,16478928.75,5,6,2017;2018;2019;2020;2024;2025,12.136711253151088
5,158,MS,225,230,5,3,16478928.75,5,6,2017;2018;2019;2020;2024;2025,18.205066879726633
5,158,MS,230,235,5,8,16478928.75,5,6,2017;2018;2019;2020;2024;2025,48.54684501260435
5,158,MS,235,240,5,3,16478928.75,5,6,2017;2018;2019;2020;2024;2025,18.205066879726633
5,158,MS,240,245,5,2,16478928.75,5,6,2017;2018;2019;2020;2024;2025,12.136711253151088
5,158,MS,245,250,5,7,18585577.35,5,8,2017;2018;2019;2020;2022;2023;2024;2025,37.66361339320997
5,158,MS,250,255,5,16,19990009.75,5,8,2017;2018;2019;2020;2022;2023;2024;2025,80.03998097099478
5,158,MS,255,260,5,20,20571089.75,5,8,2017;2018;2019;2020;2022;2023;2024;2025,97.22382354585761
5,158,MS,260,265,5,21,22891029.749999996,5,8,2017;2018;2019;2020;2022;2023;2024;2025,91.73899221375135
5,158,MS,265,270,5,33,17628459.75,5,8,2017;2018;2019;2020;2022;2023;2024;2025,187.1972961222548
5,158,MS,270,275,1,3,1947796.95,1,5,2017;2018;2019;2020;2022,154.02016108506587
5,158,MS,275,280,5,6,40622127.50000001,5,5,2017;2018;2019;2020;2022,14.770275141300758
5,158,MS,280,285,5,28,27538191.5,5,8,2017;2018;2019;2020;2022;2023;2024;2025,101.67697468441237
5,158,MS,285,290,5,14,29231791.5,5,8,2017;2018;2019;2020;2022;2023;2024;2025,47.893061908299394
5,158,MS,290,295,5,6,29231791.5,5,8,2017;2018;2019;2020;2022;2023;2024;2025,20.52559796069974
5,158,MS,295,300,5,22,29231791.5,5,8,2017;2018;2019;2020;2022;2023;2024;2025,75.26052585589905
5,158,MS,300,305,5,9,29231791.5,5,8,2017;2018;2019;2020;2022;2023;2024;2025,30.788396941049612
5,158,MS,305,310,5,8,29231791.5,5,8,2017;2018;2019;2020;2022;2023;2024;2025,27.367463947599656
5,158,MS,310,315,5,11,29231791.5,5,8,2017;2018;2019;2020;2022;2023;2024;2025,37.63026292794952
5,158,MS,315,320,5,6,29231791.5,5,8,2017;2018;2019;2020;2022;2023;2024;2025,20.52559796069974
5,158,MS,320,325,5,6,29231791.5,5,8,2017;2018;2019;2020;2022;2023;2024;2025,20.52559796069974
5,158,MS,325,330,5,12,29231791.5,5,8,2017;2018;2019;2020;2022;2023;2024;2025,41.05119592139948
5,158,MS,330,335,5,9,29231791.5,5,8,2017;2018;2019;2020;2022;2023;2024;2025,30.788396941049612
5,158,MS,335,340,3,12,17539074.9,3,8,2017;2018;2019;2020;2022;2023;2024;2025,68.41865986899914
5,158,MS,340,345,4,4,31528481.0,4,8,2017;2018;2019;2020;2022;2023;2024;2025,12.68694168932528
5,158,MS,345,350,5,5,40872335.0,5,8,2017;2018;2019;2020;2022;2023;2024;2025,12.23321349269622
5,158,MS,350,355,5,7,40872335.0,5,8,2017;2018;2019;2020;2022;2023;2024;2025,17.12649888977471
5,158,MS,355,360,4,4,32697868.0,4,8,2017;2018;2019;2020;2022;2023;2024;2025,12.23321349269622
5,158,MT,190,195,5,0,30686918.75,5,8,2017;2018;2019;2020;2022;2023;2024;2025,0.0
5,158,MT,195,200,5,0,30686918.75,5,8,2017;2018;2019;2020;2022;2023;2024;2025,0.0
5,158,MT,200,205,1,0,6137383.75,1,8,2017;2018;2019;2020;2022;2023;2024;2025,0.0
5,158,MT,330,335,4,4,24282909.8,4,8,2017;2018;2019;2020;2022;2023;2024;2025,16.472490459112933
5,158,MT,335,340,5,1,30321882.25,5,8,2017;2018;2019;2020;2022;2023;2024;2025,3.2979482993672002
5,158,MT,340,345,5,0,30300712.25,5,8,2017;2018;2019;2020;2022;2023;2024;2025,0.0
5,158,MT,345,350,5,0,30300712.25,5,8,2017;2018;2019;2020;2022;2023;2024;2025,0.0
5,158,MT,350,355,5,1,30300712.25,5,8,2017;2018;2019;2020;2022;2023;2024;2025,3.3002524552867563
5,158,MT,355,360,5,0,30300712.25,5,8,2017;2018;2019;2020;2022;2023;2024;2025,0.0
5,158,MT,360,365,5,3,30300712.25,5,8,2017;2018;2019;2020;2022;2023;2024;2025,9.900757365860269
5,158,MT,365,370,5,3,30300712.25,5,8,2017;2018;2019;2020;2022;2023;2024;2025,9.900757365860269
5,158,MT,370,375,5,3,30300712.25,5,8,2017;2018;2019;2020;2022;2023;2024;2025,9.900757365860269
5,158,MT,375,380,5,2,30300712.25,5,8,2017;2018;2019;2020;2022;2023;2024;2025,6.6005049105735125
5,158,MT,380,385,5,3,30300712.25,5,8,2017;2018;2019;2020;2022;2023;2024;2025,9.900757365860269
5,158,MT,385,390,5,1,30300712.25,5,8,2017;2018;2019;2020;2022;2023;2024;2025,3.3002524552867563
5,158,MT,390,395,5,1,30300712.25,5,8,2017;2018;2019;2020;2022;2023;2024;2025,3.3002524552867563
5,158,MT,395,400,5,7,29744437.65,5,8,2017;2018;2019;2020;2022;2023;2024;2025,23.533811875579367
5,158,MT,400,405,5,2,29605368.999999993,5,8,2017;2018;2019;2020;2022;2023;2024;2025,6.755531403780174
5,158,MT,405,410,5,9,29825098.999999993,5,8,2017;2018;2019;2020;2022;2023;2024;2025,30.175926658282012
5,158,MT,410,415,5,8,30154693.999999993,5,8,2017;2018;2019;2020;2022;2023;2024;2025,26.5298662954431
5,158,MT,415,420,5,8,30154693.999999993,5,8,2017;2018;2019;2020;2022;2023;2024;2025,26.5298662954431
5,158,MT,420,425,2,0,12045456.25,2,8,2017;2018;2019;2020;2022;2023;2024;2025,0.0
5,158,MT,425,430,5,7,30072587.25,5,8,2017;2018;2019;2020;2022;2023;2024;2025,23.27701285495481
5,158,MT,430,435,5,10,30072587.25,5,8,2017;2018;2019;2020;2022;2023;2024;2025,33.25287550707829
5,158,MT,435,440,5,4,30072587.25,5,8,2017;2018;2019;2020;2022;2023;2024;2025,13.301150202831318
5,158,MT,440,445,5,1,30072587.25,5,8,2017;2018;2019;2020;2022;2023;2024;2025,3.3252875507078294
5,158,MT,445,450,5,1,30072587.25,5,8,2017;2018;2019;2020;2022;2023;2024;2025,3.3252875507078294
5,158,MT,450,455,5,6,30072587.25,5,8,2017;2018;2019;2020;2022;2023;2024;2025,19.951725304246978
5,158,MT,455,460,5,12,30072587.25,5,8,2017;2018;2019;2020;2022;2023;2024;2025,39.903450608493955
5,158,MT,460,465,5,5,30072587.25,5,8,2017;2018;2019;2020;2022;2023;2024;2025,16.626437753539147
5,158,MT,465,470,5,1,30072587.25,5,8,2017;2018;2019;2020;2022;2023;2024;2025,3.3252875507078294
5,158,MT,470,475,5,5,30072587.25,5,8,2017;2018;2019;2020;2022;2023;2024;2025,16.626437753539147
5,158,MT,475,480,5,3,30072587.25,5,8,2017;2018;2019;2020;2022;2023;2024;2025,9.975862652123489
5,158,MT,480,485,5,2,30072587.25,5,8,2017;2018;2019;2020;2022;2023;2024;2025,6.650575101415659
5,158,MT,485,490,5,1,30072587.25,5,8,2017;2018;2019;2020;2022;2023;2024;2025,3.3252875507078294
5,158,MT,490,495,5,4,30072587.25,5,8,2017;2018;2019;2020;2022;2023;2024;2025,13.301150202831318
5,158,MT,495,500,5,2,30072587.25,5,8,2017;2018;2019;2020;2022;2023;2024;2025,6.650575101415659
5,158,MT,500,505,5,4,30072587.25,5,8,2017;2018;2019;2020;2022;2023;2024;2025,13.301150202831318
5,158,MT,505,510,5,2,30072587.25,5,8,2017;2018;2019;2020;2022;2023;2024;2025,6.650575101415659
5,158,MT,510,515,5,7,30072587.25,5,8,2017;2018;2019;2020;2022;2023;2024;2025,23.27701285495481
5,158,MT,515,520,5,8,26664016.499999996,5,8,2017;2018;2019;2020;2022;2023;2024;2025,30.00298173382844
5,158,MT,520,525,5,20,26664016.499999996,5,8,2017;2018;2019;2020;2022;2023;2024;2025,75.0074543345711
5,158,MT,525,530,5,10,26667666.499999996,5,8,2017;2018;2019;2020;2022;2023;2024;2025,37.49859403708982
5,158,MT,530,535,5,12,26615427.699999996,5,8,2017;2018;2019;2020;2022;2023;2024;2025,45.08663221669739
5,158,MT,535,540,5,13,26537069.499999993,5,8,2017;2018;2019;2020;2022;2023;2024;2025,48.98807684850056
5,158,MT,540,545,5,8,26537069.499999993,5,8,2017;2018;2019;2020;2022;2023;2024;2025,30.1465088298465
5,158,MT,545,550,5,18,26537069.499999993,5,8,2017;2018;2019;2020;2022;2023;2024;2025,67.82964486715463
5,158,MT,550,555,5,40,26537069.499999993,5,8,2017;2018;2019;2020;2022;2023;2024;2025,150.7325441492325
5,158,MT,555,560,5,28,26537069.499999993,5,8,2017;2018;2019;2020;2022;2023;2024;2025,105.51278090446274
5,158,MT,560,565,5,23,26537069.499999993,5,8,2017;2018;2019;2020;2022;2023;2024;2025,86.67121288580869
5,158,MT,565,570,5,17,31246847.0,5,8,2017;2018;2019;2020;2022;2023;2024;2025,54.405489296248035
5,158,MT,570,575,5,21,33498824.000000004,5,8,2017;2018;2019;2020;2022;2023;2024;2025,62.68876782062558
5,158,MT,575,580,5,21,33498824.000000004,5,8,2017;2018;2019;2020;2022;2023;2024;2025,62.68876782062558
5,158,MT,580,585,5,12,33498824.000000004,5,8,2017;2018;2019;2020;2022;2023;2024;2025,35.82215304035747
5,158,MT,585,590,5,8,33498824.000000004,5,8,2017;2018;2019;2020;2022;2023;2024;2025,23.881435360238317
5,158,MT,590,595,5,12,33498824.000000004,5,8,2017;2018;2019;2020;2022;2023;2024;2025,35.82215304035747
5,158,MT,595,600,5,8,33498824.000000004,5,8,2017;2018;2019;2020;2022;2023;2024;2025,23.881435360238317
5,158,MT,600,605,5,10,33498824.000000004,5,8,2017;2018;2019;2020;2022;2023;2024;2025,29.851794200297896
5,158,MT,605,610,5,12,33498824.000000004,5,8,2017;2018;2019;2020;2022;2023;2024;2025,35.82215304035747
5,158,MT,610,615,5,5,33498824.000000004,5,8,2017;2018;2019;2020;2022;2023;2024;2025,14.925897100148948
5,158,MT,615,620,5,5,33498824.000000004,5,8,2017;2018;2019;2020;2022;2023;2024;2025,14.925897100148948
5,158,MT,620,625,5,18,33498824.000000004,5,8,2017;2018;2019;2020;2022;2023;2024;2025,53.733229560536216
5,158,MT,625,630,5,26,33498824.000000004,5,8,2017;2018;2019;2020;2022;2023;2024;2025,77.61466492077452
5,158,MT,630,635,5,34,33498824.000000004,5,8,2017;2018;2019;2020;2022;2023;2024;2025,101.49610028101284
5,158,MT,635,640,5,12,33495539.000000004,5,8,2017;2018;2019;2020;2022;2023;2024;2025,35.82566621782082
5,158,MT,640,645,5,16,33493349.000000004,5,8,2017;2018;2019;2020;2022;2023;2024;2025,47.77067829197969
5,158,MT,645,650,4,11,16840355.4,4,5,2017;2018;2019;2020;2022,65.31928655139903
5,158,MT,650,655,2,11,12693429.8,2,8,2017;2018;2019;2020;2022;2023;2024;2025,86.6590052753118
5,158,MT,655,660,5,1,31733574.5,5,8,2017;2018;2019;2020;2022;2023;2024;2025,3.151236555465884
5,158,MT,660,665,5,12,31733574.5,5,8,2017;2018;2019;2020;2022;2023;2024;2025,37.81483866559061
5,158,MT,665,670,5,12,31733574.5,5,8,2017;2018;2019;2020;2022;2023;2024;2025,37.81483866559061
5,158,MT,670,675,5,11,31733574.5,5,8,2017;2018;2019;2020;2022;2023;2024;2025,34.66360211012472
5,158,MT,675,680,5,12,31733574.5,5,8,2017;2018;2019;2020;2022;2023;2024;2025,37.81483866559061
5,158,MT,680,685,5,9,31733574.5,5,8,2017;2018;2019;2020;2022;2023;2024;2025,28.361128999192953
5,158,MT,685,690,5,7,31733574.5,5,8,2017;2018;2019;2020;2022;2023;2024;2025,22.058655888261185
5,158,MT,690,695,5,21,31733574.5,5,8,2017;2018;2019;2020;2022;2023;2024;2025,66.17596766478356
5,158,MT,695,700,5,13,31733574.5,5,8,2017;2018;2019;2020;2022;2023;2024;2025,40.966075221056485
5,158,MT,700,705,5,7,31733574.5,5,8,2017;2018;2019;2020;2022;2023;2024;2025,22.058655888261185
5,158,MT,705,710,5,7,31733574.5,5,8,2017;2018;2019;2020;2022;2023;2024;2025,22.058655888261185
5,158,MT,710,715,5,8,31733574.5,5,8,2017;2018;2019;2020;2022;2023;2024;2025,25.20989244372707
5,158,MT,715,720,5,12,31733574.5,5,8,2017;2018;2019;2020;2022;2023;2024;2025,37.81483866559061
5,158,MT,720,725,5,14,31733574.5,5,8,2017;2018;2019;2020;2022;2023;2024;2025,44.11731177652237
5,158,MT,725,730,5,6,31733574.5,5,8,2017;2018;2019;2020;2022;2023;2024;2025,18.907419332795303
5,158,MT,730,735,5,10,31733574.5,5,8,2017;2018;2019;2020;2022;2023;2024;2025,31.512365554658835
5,158,MT,735,740,5,10,25386859.6,4,8,2017;2018;2019;2020;2022;2023;2024;2025,39.39045694332354
5,158,MT,740,745,5,9,31733574.5,5,8,2017;2018;2019;2020;2022;2023;2024;2025,28.361128999192953
5,158,MT,745,750,5,10,31733574.5,5,8,2017;2018;2019;2020;2022;2023;2024;2025,31.512365554658835
5,158,MT,750,755,5,18,31733574.5,5,8,2017;2018;2019;2020;2022;2023;2024;2025,56.722257998385906
5,158,MT,755,760,5,4,31733574.5,5,8,2017;2018;2019;2020;2022;2023;2024;2025,12.604946221863536
5,158,MT,760,765,5,10,31733574.5,5,8,2017;2018;2019;2020;2022;2023;2024;2025,31.512365554658835
5,158,MT,765,770,5,10,31733574.5,5,8,2017;2018;2019;2020;2022;2023;2024;2025,31.512365554658835
5,158,MT,770,775,5,11,31733574.5,5,8,2017;2018;2019;2020;2022;2023;2024;2025,34.66360211012472
5,158,MT,775,780,5,9,32756786.299999993,5,8,2017;2018;2019;2020;2022;2023;2024;2025,27.47522274491256
5,158,MT,780,785,5,10,33438927.499999993,5,8,2017;2018;2019;2020;2022;2023;2024;2025,29.90526535278382
5,158,MT,785,790,5,10,33438927.499999993,5,8,2017;2018;2019;2020;2022;2023;2024;2025,29.90526535278382
5,158,MT,790,795,5,14,33438927.499999993,5,8,2017;2018;2019;2020;2022;2023;2024;2025,41.86737149389736
5,158,MT,795,800,2,14,12474094.0,2,8,2017;2018;2019;2020;2022;2023;2024;2025,112.23259981847178
5,158,PA,590,595,5,1,41602484.65,5,8,2017;2018;2019;2020;2022;2023;2024;2025,2.4037025875087967
5,158,PA,595,600,5,0,44205861.75000001,5,8,2017;2018;2019;2020;2022;2023;2024;2025,0.0
5,158,PA,600,605,5,0,44205861.75000001,5,8,2017;2018;2019;2020;2022;2023;2024;2025,0.0
5,158,PA,605,610,5,0,42226747.8,5,8,2017;2018;2019;2020;2022;2023;2024;2025,0.0
5,158,PA,610,615,5,0,40907338.5,5,8,2017;2018;2019;2020;2022;2023;2024;2025,0.0
5,158,PA,615,620,5,0,40907338.5,5,8,2017;2018;2019;2020;2022;2023;2024;2025,0.0
5,158,PA,620,625,5,0,40907338.5,5,8,2017;2018;2019;2020;2022;2023;2024;2025,0.0
5,158,PA,625,630,5,1,40907338.5,5,8,2017;2018;2019;2020;2022;2023;2024;2025,2.444549160781995
5,158,PA,630,635,5,0,40907338.5,5,8,2017;2018;2019;2020;2022;2023;2024;2025,0.0
5,158,PA,635,640,5,0,40907338.5,5,8,2017;2018;2019;2020;2022;2023;2024;2025,0.0
5,158,PA,640,645,5,0,40907338.5,5,8,2017;2018;2019;2020;2022;2023;2024;2025,0.0
5,158,PA,645,650,5,0,40907338.5,5,8,2017;2018;2019;2020;2022;2023;2024;2025,0.0
5,158,PA,650,655,5,1,40907338.5,5,8,2017;2018;2019;2020;2022;2023;2024;2025,2.444549160781995
5,158,PA,655,660,5,0,40907338.5,5,8,2017;2018;2019;2020;2022;2023;2024;2025,0.0
5,158,PA,660,665,5,0,40907338.5,5,8,2017;2018;2019;2020;2022;2023;2024;2025,0.0
5,158,PA,665,670,5,0,40907338.5,5,8,2017;2018;2019;2020;2022;2023;2024;2025,0.0
5,158,PA,670,675,5,0,40907338.5,5,8,2017;2018;2019;2020;2022;2023;2024;2025,0.0
5,158,PA,675,680,5,0,40907338.5,5,8,2017;2018;2019;2020;2022;2023;2024;2025,0.0
5,158,PA,680,685,5,0,40907338.5,5,8,2017;2018;2019;2020;2022;2023;2024;2025,0.0
5,158,PA,685,690,5,1,40907338.5,5,8,2017;2018;2019;2020;2022;2023;2024;2025,2.444549160781995
5,158,PA,690,695,5,0,40907338.5,5,8,2017;2018;2019;2020;2022;2023;2024;2025,0.0
5,158,PA,695,700,5,0,40683958.5,5,8,2017;2018;2019;2020;2022;2023;2024;2025,0.0
5,158,PA,700,705,5,0,39790438.5,5,8,2017;2018;2019;2020;2022;2023;2024;2025,0.0
5,158,PA,705,710,5,0,39790438.5,5,8,2017;2018;2019;2020;2022;2023;2024;2025,0.0
5,158,PA,710,715,5,0,39790438.5,5,8,2017;2018;2019;2020;2022;2023;2024;2025,0.0
5,158,PA,715,720,5,0,39790438.5,5,8,2017;2018;2019;2020;2022;2023;2024;2025,0.0
5,158,PA,720,725,5,0,39790438.5,5,8,2017;2018;2019;2020;2022;2023;2024;2025,0.0
5,158,PA,725,730,5,0,39790438.5,5,8,2017;2018;2019;2020;2022;2023;2024;2025,0.0
5,158,PA,730,735,5,0,39790438.5,5,8,2017;2018;2019;2020;2022;2023;2024;2025,0.0
5,158,PA,735,740,5,2,39790438.5,5,8,2017;2018;2019;2020;2022;2023;2024;2025,5.0263331478490745
5,158,PA,740,745,5,0,39790438.5,5,8,2017;2018;2019;2020;2022;2023;2024;2025,0.0
5,158,PA,745,750,5,0,39790438.5,5,8,2017;2018;2019;2020;2022;2023;2024;2025,0.0
5,158,PA,750,755,5,1,39790438.5,5,8,2017;2018;2019;2020;2022;2023;2024;2025,2.5131665739245372
5,158,PA,755,760,5,0,39790438.5,5,8,2017;2018;2019;2020;2022;2023;2024;2025,0.0
5,158,PA,760,765,5,0,38737898.95,5,8,2017;2018;2019;2020;2022;2023;2024;2025,0.0
5,158,PA,765,770,5,0,34527740.75,5,8,2017;2018;2019;2020;2022;2023;2024;2025,0.0
5,158,PA,770,775,5,0,34527740.75,5,8,2017;2018;2019;2020;2022;2023;2024;2025,0.0
5,158,PA,775,780,5,0,33472423.549999997,5,8,2017;2018;2019;2020;2022;2023;2024;2025,0.0
5,158,PA,780,785,5,0,31889447.749999993,5,8,2017;2018;2019;2020;2022;2023;2024;2025,0.0
5,158,PA,785,790,5,0,31889447.749999993,5,8,2017;2018;2019;2020;2022;2023;2024;2025,0.0
5,158,PA,790,795,5,0,31889447.749999993,5,8,2017;2018;2019;2020;2022;2023;2024;2025,0.0
5,158,PA,795,800,5,0,31889447.749999993,5,8,2017;2018;2019;2020;2022;2023;2024;2025,0.0
5,158,PA,800,805,5,0,31889447.749999993,5,8,2017;2018;2019;2020;2022;2023;2024;2025,0.0
5,158,PA,805,810,5,0,31889447.749999993,5,8,2017;2018;2019;2020;2022;2023;2024;2025,0.0
5,158,PA,810,815,5,0,31889447.749999993,5,8,2017;2018;2019;2020;2022;2023;2024;2025,0.0
5,158,PA,815,820,5,0,31889447.749999993,5,8,2017;2018;2019;2020;2022;2023;2024;2025,0.0
5,158,PA,820,825,5,0,31889447.749999993,5,8,2017;2018;2019;2020;2022;2023;2024;2025,0.0
5,158,PA,825,830,5,0,31889447.749999993,5,8,2017;2018;2019;2020;2022;2023;2024;2025,0.0
5,158,PA,830,835,5,0,31889447.749999993,5,8,2017;2018;2019;2020;2022;2023;2024;2025,0.0
5,158,PA,835,840,5,0,31889447.749999993,5,8,2017;2018;2019;2020;2022;2023;2024;2025,0.0
5,158,PA,840,845,5,0,31889447.749999993,5,8,2017;2018;2019;2020;2022;2023;2024;2025,0.0
5,158,PA,845,850,5,0,31889447.749999993,5,8,2017;2018;2019;2020;2022;2023;2024;2025,0.0
5,158,PA,850,855,5,0,31889447.749999993,5,8,2017;2018;2019;2020;2022;2023;2024;2025,0.0
5,158,PA,855,860,5,0,31889447.749999993,5,8,2017;2018;2019;2020;2022;2023;2024;2025,0.0
5,158,PA,860,865,5,0,31889447.749999993,5,8,2017;2018;2019;2020;2022;2023;2024;2025,0.0
5,158,PA,865,870,5,0,31889447.749999993,5,8,2017;2018;2019;2020;2022;2023;2024;2025,0.0
5,158,PA,870,875,5,1,31889447.749999993,5,8,2017;2018;2019;2020;2022;2023;2024;2025,3.1358335454398083
5,158,PA,875,880,5,0,31889447.749999993,5,8,2017;2018;2019;2020;2022;2023;2024;2025,0.0
5,158,PA,880,885,5,1,31889447.749999993,5,8,2017;2018;2019;2020;2022;2023;2024;2025,3.1358335454398083
5,158,PA,885,890,5,0,31889447.749999993,5,8,2017;2018;2019;2020;2022;2023;2024;2025,0.0
5,158,PR,220,225,3,0,0.0,0,0,,
5,158,PR,225,230,2,0,0.0,0,0,,
5,158,PR,335,340,4,13,35892114.4,4,8,2017;2018;2019;2020;2022;2023;2024;2025,36.21965497803049
5,158,PR,340,345,5,1,44865142.99999999,5,8,2017;2018;2019;2020;2022;2023;2024;2025,2.228901844801877
5,158,PR,345,350,5,15,44865142.99999999,5,8,2017;2018;2019;2020;2022;2023;2024;2025,33.433527672028156
5,158,PR,350,355,5,7,44865142.99999999,5,8,2017;2018;2019;2020;2022;2023;2024;2025,15.602312913613138
5,158,PR,355,360,5,4,44865142.99999999,5,8,2017;2018;2019;2020;2022;2023;2024;2025,8.915607379207508
5,158,PR,360,365,5,2,44865142.99999999,5,8,2017;2018;2019;2020;2022;2023;2024;2025,4.457803689603754
5,158,PR,365,370,5,4,42464037.95,5,8,2017;2018;2019;2020;2022;2023;2024;2025,9.419735364568645
5,158,PR,370,375,5,7,40863301.25,5,8,2017;2018;2019;2020;2022;2023;2024;2025,17.130285086792885
5,158,PR,375,380,5,5,40863301.25,5,8,2017;2018;2019;2020;2022;2023;2024;2025,12.235917919137773
5,158,PR,380,385,5,9,40863301.25,5,8,2017;2018;2019;2020;2022;2023;2024;2025,22.024652254447993
5,158,PR,385,390,5,8,40863301.25,5,8,2017;2018;2019;2020;2022;2023;2024;2025,19.57746867062044
5,158,PR,390,395,5,12,40863301.25,5,8,2017;2018;2019;2020;2022;2023;2024;2025,29.36620300593066
5,158,PR,395,400,5,11,40863301.25,5,8,2017;2018;2019;2020;2022;2023;2024;2025,26.9190194221031
5,158,PR,400,405,5,14,40863301.25,5,8,2017;2018;2019;2020;2022;2023;2024;2025,34.26057017358577
5,158,PR,405,410,3,5,24641858.099999998,3,5,2017;2018;2019;2020;2022,20.29067767418075
5,158,PR,505,510,3,38,41938105.8,3,8,2017;2018;2019;2020;2022;2023;2024;2025,90.60971943086662
5,158,PR,510,515,5,47,69896843.0,5,8,2017;2018;2019;2020;2022;2023;2024;2025,67.24194968290628
5,158,PR,515,520,5,71,69896843.0,5,8,2017;2018;2019;2020;2022;2023;2024;2025,101.5782644146031
5,158,PR,520,525,5,103,69896843.0,5,8,2017;2018;2019;2020;2022;2023;2024;2025,147.36001739019886
5,158,PR,525,530,5,84,69799753.0,5,8,2017;2018;2019;2020;2022;2023;2024;2025,120.34426540162684
5,158,PR,530,535,5,147,89964674.40000002,5,8,2017;2018;2019;2020;2022;2023;2024;2025,163.3974679288118
5,158,PR,535,540,5,57,69885418.5,5,5,2017;2018;2019;2020;2022,81.56207864735045
5,158,PR,540,545,4,0,70405229.59999998,4,5,2017;2018;2019;2020;2022,0.0
5,158,RS,0,5,3,0,0.0,0,0,,
5,158,RS,5,10,5,0,61387269.49999999,5,8,2017;2018;2019;2020;2022;2023;2024;2025,0.0
5,158,RS,10,15,5,1,61387269.49999999,5,8,2017;2018;2019;2020;2022;2023;2024;2025,1.6290022477706068
5,158,RS,15,20,5,1,61387269.49999999,5,8,2017;2018;2019;2020;2022;2023;2024;2025,1.6290022477706068
5,158,RS,20,25,5,1,61387269.49999999,5,8,2017;2018;2019;2020;2022;2023;2024;2025,1.6290022477706068
5,158,RS,25,30,5,3,61387269.49999999,5,8,2017;2018;2019;2020;2022;2023;2024;2025,4.8870067433118205
5,158,RS,30,35,2,0,24554907.799999997,2,8,2017;2018;2019;2020;2022;2023;2024;2025,0.0
5,158,RS,50,55,4,0,49800829.949999996,4,8,2017;2018;2019;2020;2022;2023;2024;2025,0.0
5,158,RS,55,60,5,0,75396608.25,5,8,2017;2018;2019;2020;2022;2023;2024;2025,0.0
5,158,RS,60,65,5,0,75396608.25,5,8,2017;2018;2019;2020;2022;2023;2024;2025,0.0
5,158,RS,65,70,5,1,75396608.25,5,8,2017;2018;2019;2020;2022;2023;2024;2025,1.3263196093439655
5,158,RS,70,75,5,2,56882797.199999996,5,8,2017;2018;2019;2020;2022;2023;2024;2025,3.51600149508822
5,158,RS,75,80,5,15,43777881.00000001,5,8,2017;2018;2019;2020;2022;2023;2024;2025,34.263878601159334
5,158,RS,80,85,5,11,43777881.00000001,5,8,2017;2018;2019;2020;2022;2023;2024;2025,25.12684430751684
5,158,RS,85,90,5,20,43777881.00000001,5,8,2017;2018;2019;2020;2022;2023;2024;2025,45.685171468212445
5,158,RS,90,95,5,13,43777881.00000001,5,8,2017;2018;2019;2020;2022;2023;2024;2025,29.69536145433809
5,158,RS,95,100,5,30,31064755.800000004,5,8,2017;2018;2019;2020;2022;2023;2024;2025,96.57246364061228
5,158,RS,100,105,5,8,22309179.6,4,5,2017;2018;2019;2020;2022,35.85967813894868
5,158,RS,105,110,5,10,45485624.75,5,8,2017;2018;2019;2020;2022;2023;2024;2025,21.984967899116302
5,158,RS,110,115,5,17,45488544.75,5,8,2017;2018;2019;2020;2022;2023;2024;2025,37.37204628864281
5,158,RS,115,120,5,16,45488544.75,5,8,2017;2018;2019;2020;2022;2023;2024;2025,35.173690624605
5,158,RS,120,125,5,11,45488544.75,5,8,2017;2018;2019;2020;2022;2023;2024;2025,24.18191230441594
5,158,RS,125,130,5,8,45488544.75,5,8,2017;2018;2019;2020;2022;2023;2024;2025,17.5868453123025
5,158,RS,130,135,5,8,45488544.75,5,8,2017;2018;2019;2020;2022;2023;2024;2025,17.5868453123025
5,158,RS,135,140,5,14,45488544.75,5,8,2017;2018;2019;2020;2022;2023;2024;2025,30.776979296529376
5,158,RS,140,145,5,37,45488544.75,5,8,2017;2018;2019;2020;2022;2023;2024;2025,81.33915956939906
5,158,RS,145,150,5,33,45488544.75,5,8,2017;2018;2019;2020;2022;2023;2024;2025,72.54573691324781
5,158,RS,150,155,5,30,45488544.75,5,8,2017;2018;2019;2020;2022;2023;2024;2025,65.95066992113438
5,158,RS,155,160,5,30,44877326.7,5,8,2017;2018;2019;2020;2022;2023;2024;2025,66.84890167488518
5,158,RS,160,165,5,15,42432454.49999999,5,8,2017;2018;2019;2020;2022;2023;2024;2025,35.35030008692993
5,158,RS,165,170,5,9,42432454.49999999,5,8,2017;2018;2019;2020;2022;2023;2024;2025,21.21018005215796
5,158,RS,170,175,5,9,42529821.9,5,8,2017;2018;2019;2020;2022;2023;2024;2025,21.161621652593848
5,158,RS,175,180,5,14,42919291.5,5,8,2017;2018;2019;2020;2022;2023;2024;2025,32.61936418498427
5,158,RS,180,185,5,15,42919291.5,5,8,2017;2018;2019;2020;2022;2023;2024;2025,34.94931876962601
5,158,RS,185,190,5,18,42919291.5,5,8,2017;2018;2019;2020;2022;2023;2024;2025,41.93918252355121
5,158,RS,190,195,5,38,42919291.5,5,8,2017;2018;2019;2020;2022;2023;2024;2025,88.53827421638589
5,158,RS,195,200,1,10,18564159.15,1,8,2017;2018;2019;2020;2022;2023;2024;2025,53.86723912028087
5,158,RS,200,205,5,35,92820795.75,5,8,2017;2018;2019;2020;2022;2023;2024;2025,37.707067384196606
5,158,RS,205,210,5,19,66374516.35000001,5,8,2017;2018;2019;2020;2022;2023;2024;2025,28.62544398788677
5,158,RS,210,215,5,18,59762946.50000001,5,8,2017;2018;2019;2020;2022;2023;2024;2025,30.11899689383621
5,158,RS,215,220,5,20,59762946.50000001,5,8,2017;2018;2019;2020;2022;2023;2024;2025,33.46555210426246
5,158,RS,220,225,5,19,59762946.50000001,5,8,2017;2018;2019;2020;2022;2023;2024;2025,31.792274499049338
5,158,RS,225,230,5,17,59762946.50000001,5,8,2017;2018;2019;2020;2022;2023;2024;2025,28.445719288623092
5,158,RS,230,235,5,12,59762946.50000001,5,8,2017;2018;2019;2020;2022;2023;2024;2025,20.079331262557478
5,158,RS,235,240,5,14,59762946.50000001,5,8,2017;2018;2019;2020;2022;2023;2024;2025,23.425886472983724
5,158,RS,240,245,5,16,71028335.7,5,8,2017;2018;2019;2020;2022;2023;2024;2025,22.526221179641126
5,158,RS,245,250,5,26,73844683.0,5,8,2017;2018;2019;2020;2022;2023;2024;2025,35.209034616615526
5,158,RS,250,255,5,15,73844683.0,5,8,2017;2018;2019;2020;2022;2023;2024;2025,20.312904586508957
5,158,RS,255,260,5,8,73844683.0,5,8,2017;2018;2019;2020;2022;2023;2024;2025,10.833549112804777
5,158,RS,260,265,5,46,73181897.75,5,8,2017;2018;2019;2020;2022;2023;2024;2025,62.85707451471495
5,158,RS,265,270,5,23,70530756.74999999,5,8,2017;2018;2019;2020;2022;2023;2024;2025,32.6098868916503
5,158,RS,270,275,5,16,70530756.74999999,5,8,2017;2018;2019;2020;2022;2023;2024;2025,22.685138707234987
5,158,RS,275,280,5,15,70530756.74999999,5,8,2017;2018;2019;2020;2022;2023;2024;2025,21.2673175380328
5,158,RS,280,285,5,15,70530756.74999999,5,8,2017;2018;2019;2020;2022;2023;2024;2025,21.2673175380328
5,158,RS,285,290,5,15,70530756.74999999,5,8,2017;2018;2019;2020;2022;2023;2024;2025,21.2673175380328
5,158,RS,290,295,5,16,71883819.04999998,5,8,2017;2018;2019;2020;2022;2023;2024;2025,22.25813849549498
5,158,RS,295,300,5,7,73913412.5,5,8,2017;2018;2019;2020;2022;2023;2024;2025,9.470540952225686
5,158,RS,300,305,5,18,73913412.5,5,8,2017;2018;2019;2020;2022;2023;2024;2025,24.35281959143748
5,158,RS,305,310,5,18,51937525.349999994,5,5,2017;2018;2019;2020;2022,34.65702279556144
5,158,RS,310,315,5,29,72993776.75,5,5,2017;2018;2019;2020;2022,39.7294143298319
5,158,RS,315,320,5,47,72993776.75,5,5,2017;2018;2019;2020;2022,64.3890508104172
5,158,RS,320,325,5,78,74263137.24999999,5,5,2017;2018;2019;2020;2022,105.03192147326098
5,158,RS,325,330,3,141,26604360.900000002,3,5,2017;2018;2019;2020;2022,529.9882997753199
5,158,RS,330,335,5,188,26726887.749999996,5,8,2017;2018;2019;2020;2022;2023;2024;2025,703.4114924211482
5,158,RS,335,340,5,44,29976117.749999993,5,8,2017;2018;2019;2020;2022;2023;2024;2025,146.7835173552453
5,158,RS,340,345,5,17,29976117.749999993,5,8,2017;2018;2019;2020;2022;2023;2024;2025,56.7118135236175
5,158,RS,345,350,5,8,29976117.749999993,5,8,2017;2018;2019;2020;2022;2023;2024;2025,26.68791224640823
5,158,RS,350,355,5,9,29976117.749999993,5,8,2017;2018;2019;2020;2022;2023;2024;2025,30.023901277209262
5,158,RS,355,360,5,5,29976117.749999993,5,8,2017;2018;2019;2020;2022;2023;2024;2025,16.679945154005146
5,158,RS,360,365,5,11,29976117.749999993,5,8,2017;2018;2019;2020;2022;2023;2024;2025,36.695879338811324
5,158,RS,365,370,5,10,29976117.749999993,5,8,2017;2018;2019;2020;2022;2023;2024;2025,33.35989030801029
5,158,RS,370,375,5,3,29976117.749999993,5,8,2017;2018;2019;2020;2022;2023;2024;2025,10.007967092403087
5,158,RS,375,380,5,10,29976117.749999993,5,8,2017;2018;2019;2020;2022;2023;2024;2025,33.35989030801029
5,158,RS,380,385,5,8,29976117.749999993,5,8,2017;2018;2019;2020;2022;2023;2024;2025,26.68791224640823
5,158,RS,385,390,5,3,29976117.749999993,5,8,2017;2018;2019;2020;2022;2023;2024;2025,10.007967092403087
5,158,RS,390,395,5,6,29976117.749999993,5,8,2017;2018;2019;2020;2022;2023;2024;2025,20.015934184806174
5,158,RS,395,400,5,3,29976117.749999993,5,8,2017;2018;2019;2020;2022;2023;2024;2025,10.007967092403087
5,158,RS,400,405,5,5,29976117.749999993,5,8,2017;2018;2019;2020;2022;2023;2024;2025,16.679945154005146
5,158,RS,405,410,5,5,29976117.749999993,5,8,2017;2018;2019;2020;2022;2023;2024;2025,16.679945154005146
5,158,RS,410,415,5,5,29976117.749999993,5,8,2017;2018;2019;2020;2022;2023;2024;2025,16.679945154005146
5,158,RS,415,420,5,7,29976117.749999993,5,8,2017;2018;2019;2020;2022;2023;2024;2025,23.3519232156072
5,158,RS,420,425,5,6,29976117.749999993,5,8,2017;2018;2019;2020;2022;2023;2024;2025,20.015934184806174
5,158,RS,425,430,5,3,29976117.749999993,5,8,2017;2018;2019;2020;2022;2023;2024;2025,10.007967092403087
5,158,RS,430,435,5,5,29976117.749999993,5,8,2017;2018;2019;2020;2022;2023;2024;2025,16.679945154005146
5,158,RS,435,440,5,11,29976117.749999993,5,8,2017;2018;2019;2020;2022;2023;2024;2025,36.695879338811324
5,158,RS,440,445,5,6,29976117.749999993,5,8,2017;2018;2019;2020;2022;2023;2024;2025,20.015934184806174
5,158,RS,445,450,5,6,81535233.0,5,8,2017;2018;2019;2020;2022;2023;2024;2025,7.358781939091288
5,158,RS,450,455,5,0,81535233.0,5,8,2017;2018;2019;2020;2022;2023;2024;2025,0.0
5,158,RS,455,460,4,0,65228186.39999999,4,8,2017;2018;2019;2020;2022;2023;2024;2025,0.0
5,158,RS,465,470,4,10,33717021.0,4,8,2017;2018;2019;2020;2022;2023;2024;2025,29.65861070585091
5,158,RS,470,475,5,11,42146276.25,5,8,2017;2018;2019;2020;2022;2023;2024;2025,26.0995774211488
5,158,RS,475,480,5,3,42146276.25,5,8,2017;2018;2019;2020;2022;2023;2024;2025,7.118066569404219
5,158,RS,480,485,5,3,42146276.25,5,8,2017;2018;2019;2020;2022;2023;2024;2025,7.118066569404219
5,158,RS,485,490,5,13,42146276.25,5,8,2017;2018;2019;2020;2022;2023;2024;2025,30.844955134084948
5,158,RS,490,495,5,5,42146276.25,5,8,2017;2018;2019;2020;2022;2023;2024;2025,11.863444282340364
5,158,RS,495,500,5,5,42146276.25,5,8,2017;2018;2019;2020;2022;2023;2024;2025,11.863444282340364
5,158,RS,500,505,5,9,42146276.25,5,8,2017;2018;2019;2020;2022;2023;2024;2025,21.354199708212654
5,158,RS,505,510,5,7,42146276.25,5,8,2017;2018;2019;2020;2022;2023;2024;2025,16.60882199527651
5,158,RS,510,515,5,5,42146276.25,5,8,2017;2018;2019;2020;2022;2023;2024;2025,11.863444282340364
5,158,RS,515,520,5,10,42146276.25,5,8,2017;2018;2019;2020;2022;2023;2024;2025,23.726888564680728
5,158,RS,520,525,5,7,42146276.25,5,8,2017;2018;2019;2020;2022;2023;2024;2025,16.60882199527651
5,158,RS,525,530,5,4,42146276.25,5,8,2017;2018;2019;2020;2022;2023;2024;2025,9.490755425872292
5,158,RS,530,535,5,18,47265795.45,5,8,2017;2018;2019;2020;2022;2023;2024;2025,38.08250729439485
5,158,RS,535,540,5,12,50678808.25000001,5,8,2017;2018;2019;2020;2022;2023;2024;2025,23.6785362844439
5,158,RS,540,545,5,11,50678808.25000001,5,8,2017;2018;2019;2020;2022;2023;2024;2025,21.70532492740691
5,158,RS,545,550,5,11,50678808.25000001,5,8,2017;2018;2019;2020;2022;2023;2024;2025,21.70532492740691
5,158,RS,550,555,5,4,50678808.25000001,5,8,2017;2018;2019;2020;2022;2023;2024;2025,7.892845428147966
5,158,RS,555,560,5,8,50678808.25000001,5,8,2017;2018;2019;2020;2022;2023;2024;2025,15.785690856295933
5,158,RS,560,565,3,17,29978055.9,3,8,2017;2018;2019;2020;2022;2023;2024;2025,56.70814697493443
5,158,RS,565,570,1,28,9706532.6,1,5,2017;2018;2019;2020;2022,288.46552269344875
5,158,SC,100,105,4,46,91241966.35000001,4,8,2017;2018;2019;2020;2022;2023;2024;2025,50.415397475703344
5,158,SC,105,110,5,49,82123934.19999999,5,8,2017;2018;2019;2020;2022;2023;2024;2025,59.66591892768821
5,158,SC,110,115,5,40,79355869.1,5,8,2017;2018;2019;2020;2022;2023;2024;2025,50.40584956557423
5,158,SC,115,120,5,29,57856697.5,5,8,2017;2018;2019;2020;2022;2023;2024;2025,50.12384261994906
5,158,SC,120,125,5,18,57856697.5,5,8,2017;2018;2019;2020;2022;2023;2024;2025,31.111350591692517
5,158,SC,125,130,5,20,57856697.5,5,8,2017;2018;2019;2020;2022;2023;2024;2025,34.568167324102795
5,158,SC,130,135,5,26,57764764.95,5,8,2017;2018;2019;2020;2022;2023;2024;2025,45.0101372740027
5,158,SC,135,140,5,40,57371473.8,5,8,2017;2018;2019;2020;2022;2023;2024;2025,69.72106057348661
5,158,SC,140,145,4,13,48580930.6,4,8,2017;2018;2019;2020;2022;2023;2024;2025,26.75947092705548
5,158,SC,145,150,5,3,55551266.25,5,8,2017;2018;2019;2020;2022;2023;2024;2025,5.4004169526918755
5,158,SC,150,155,3,0,28947536.8,3,7,2018;2019;2020;2022;2023;2024;2025,0.0
5,158,SP,0,5,4,1,33509628.0,4,8,2017;2018;2019;2020;2022;2023;2024;2025,2.9842169540049803
5,158,SP,5,10,5,8,41107723.5,5,8,2017;2018;2019;2020;2022;2023;2024;2025,19.461063077355767
5,158,SP,10,15,1,0,7956682.45,1,8,2017;2018;2019;2020;2022;2023;2024;2025,0.0
5,163,MS,0,5,5,48,30811438.5,4,8,2017;2018;2019;2020;2022;2023;2024;2025,155.78629994831303
5,163,MS,5,10,5,65,60170041.949999996,5,8,2017;2018;2019;2020;2022;2023;2024;2025,108.0271807920852
5,163,MS,10,15,5,60,57665273.24999999,5,8,2017;2018;2019;2020;2022;2023;2024;2025,104.04875693535365
5,163,MS,15,20,5,45,53766343.25,5,7,2017;2018;2019;2020;2022;2024;2025,83.69548174545048
5,163,MS,25,30,4,20,52402188.6,4,8,2017;2018;2019;2020;2022;2023;2024;2025,38.1663448308722
5,163,MS,30,35,5,19,65502735.75000001,5,8,2017;2018;2019;2020;2022;2023;2024;2025,29.006422071462868
5,163,MS,35,40,5,50,65502735.75000001,5,8,2017;2018;2019;2020;2022;2023;2024;2025,76.33268966174438
5,163,MS,40,45,5,45,42490471.25,5,8,2017;2018;2019;2020;2022;2023;2024;2025,105.90609771126039
5,163,MS,45,50,5,19,42490471.25,5,8,2017;2018;2019;2020;2022;2023;2024;2025,44.71590792253216
5,163,MS,50,55,5,19,42490471.25,5,8,2017;2018;2019;2020;2022;2023;2024;2025,44.71590792253216
5,163,MS,55,60,5,10,42490471.25,5,8,2017;2018;2019;2020;2022;2023;2024;2025,23.534688380280084
5,163,MS,60,65,5,21,42490471.25,5,8,2017;2018;2019;2020;2022;2023;2024;2025,49.42284559858818
5,163,MS,65,70,5,15,42490471.25,5,8,2017;2018;2019;2020;2022;2023;2024;2025,35.302032570420124
5,163,MS,70,75,5,18,42490471.25,5,8,2017;2018;2019;2020;2022;2023;2024;2025,42.36243908450415
5,163,MS,75,80,5,65,44968697.150000006,5,8,2017;2018;2019;2020;2022;2023;2024;2025,144.54499267164113
5,163,MS,80,85,5,25,48686036.00000001,5,8,2017;2018;2019;2020;2022;2023;2024;2025,51.34942594217364
5,163,MS,85,90,5,34,48686036.00000001,5,8,2017;2018;2019;2020;2022;2023;2024;2025,69.83521928135615
5,163,MS,90,95,5,22,48686036.00000001,5,8,2017;2018;2019;2020;2022;2023;2024;2025,45.1874948291128
5,163,MS,95,100,5,23,48686036.00000001,5,8,2017;2018;2019;2020;2022;2023;2024;2025,47.24147186679974
5,163,MS,100,105,5,37,53396211.35000001,5,8,2017;2018;2019;2020;2022;2023;2024;2025,69.29330576934275
5,163,MS,105,110,5,22,72236912.75000001,5,8,2017;2018;2019;2020;2022;2023;2024;2025,30.45534362208744
5,163,MS,110,115,5,24,72236912.75000001,5,8,2017;2018;2019;2020;2022;2023;2024;2025,33.22401122409539
5,163,MS,115,120,5,27,70396582.75000001,5,8,2017;2018;2019;2020;2022;2023;2024;2025,38.35413445548249
5,163,MS,120,125,4,12,54108870.20000001,4,8,2017;2018;2019;2020;2022;2023;2024;2025,22.177509816126225
5,163,MS,125,130,3,18,35588332.2,3,8,2017;2018;2019;2020;2022;2023;2024;2025,50.578374673033984
5,163,MS,130,135,5,19,59313887.000000015,5,8,2017;2018;2019;2020;2022;2023;2024;2025,32.03297062625485
5,163,MS,135,140,5,18,59313887.000000015,5,8,2017;2018;2019;2020;2022;2023;2024;2025,30.347024803820382
5,163,MS,140,145,5,12,59313887.000000015,5,8,2017;2018;2019;2020;2022;2023;2024;2025,20.23134986921359
5,163,MS,145,150,5,26,59313887.000000015,5,8,2017;2018;2019;2020;2022;2023;2024;2025,43.834591383296114
5,163,MS,150,155,5,26,59313887.000000015,5,8,2017;2018;2019;2020;2022;2023;2024;2025,43.834591383296114
5,163,MS,155,160,5,18,59313887.000000015,5,8,2017;2018;2019;2020;2022;2023;2024;2025,30.347024803820382
5,163,MS,160,165,5,7,59313887.000000015,5,8,2017;2018;2019;2020;2022;2023;2024;2025,11.801620757041261
5,163,MS,165,170,5,15,59313887.000000015,5,8,2017;2018;2019;2020;2022;2023;2024;2025,25.28918733651699
5,163,MS,170,175,5,31,53895699.25,5,8,2017;2018;2019;2020;2022;2023;2024;2025,57.5185041318487
5,163,MS,175,180,5,31,56205090.74999999,5,8,2017;2018;2019;2020;2022;2023;2024;2025,55.15514624447076
5,163,MS,180,185,5,27,56205090.74999999,5,8,2017;2018;2019;2020;2022;2023;2024;2025,48.03835318066808
5,163,MS,185,190,5,26,56205090.74999999,5,8,2017;2018;2019;2020;2022;2023;2024;2025,46.259154914717406
5,163,MS,190,195,5,30,56205090.74999999,5,8,2017;2018;2019;2020;2022;2023;2024;2025,53.37594797852009
5,163,MS,195,200,5,14,56205090.74999999,5,8,2017;2018;2019;2020;2022;2023;2024;2025,24.908775723309372
5,163,MS,200,205,5,16,56205090.74999999,5,8,2017;2018;2019;2020;2022;2023;2024;2025,28.46717225521071
5,163,MS,205,210,5,53,57410072.54999999,5,8,2017;2018;2019;2020;2022;2023;2024;2025,92.31829476237094
5,163,MS,210,215,5,26,71333355.25,5,8,2017;2018;2019;2020;2022;2023;2024;2025,36.44858693226826
5,163,MS,215,220,5,21,79369195.25,5,8,2017;2018;2019;2020;2022;2023;2024;2025,26.458627851590826
5,163,MS,220,225,5,20,79369195.25,5,8,2017;2018;2019;2020;2022;2023;2024;2025,25.198693191991257
5,163,MS,225,230,5,33,79222483.5,5,8,2017;2018;2019;2020;2022;2023;2024;2025,41.65484158294533
5,163,MS,230,235,5,15,79222483.5,5,8,2017;2018;2019;2020;2022;2023;2024;2025,18.934018901338785
5,163,MS,235,240,5,27,79222483.5,5,8,2017;2018;2019;2020;2022;2023;2024;2025,34.08123402240982
5,163,MS,240,245,5,29,79222483.5,5,8,2017;2018;2019;2020;2022;2023;2024;2025,36.60576987592165
5,163,MS,245,250,5,46,79222483.5,5,8,2017;2018;2019;2020;2022;2023;2024;2025,58.06432463077227
5,163,MS,250,255,5,94,57223940.800000004,4,8,2017;2018;2019;2020;2022;2023;2024;2025,164.2669111666633
5,163,MS,255,260,5,239,75046255.69999999,5,6,2017;2018;2019;2020;2022;2023,318.47025247390195
5,163,MS,260,265,5,139,77850302.49999999,5,5,2017;2018;2019;2020;2022,178.54779690804673
5,163,MS,270,275,5,65,120236967.74999999,5,8,2017;2018;2019;2020;2022;2023;2024;2025,54.05991286735523
5,163,MS,275,280,5,55,155491733.74999994,5,8,2017;2018;2019;2020;2022;2023;2024;2025,35.37165524723595
5,163,MS,280,285,5,57,155491733.74999994,5,8,2017;2018;2019;2020;2022;2023;2024;2025,36.65789725622635
5,163,MS,285,290,5,24,158559193.74999994,5,8,2017;2018;2019;2020;2022;2023;2024;2025,15.136302999774815
5,163,MS,290,295,1,1,6475465.0,1,2,2024;2025,15.442906416759259
5,163,MS,295,300,5,10,81617011.25,5,8,2017;2018;2019;2020;2022;2023;2024;2025,12.252347699144643
5,163,MS,300,305,5,17,81716291.25,5,8,2017;2018;2019;2020;2022;2023;2024;2025,20.80368521374861
5,163,MS,305,310,5,25,82113411.25,5,8,2017;2018;2019;2020;2022;2023;2024;2025,30.445696530479967
5,163,MS,310,315,5,21,82113411.25,5,8,2017;2018;2019;2020;2022;2023;2024;2025,25.574385085603176
5,163,MS,315,320,5,25,82113411.25,5,8,2017;2018;2019;2020;2022;2023;2024;2025,30.445696530479967
5,163,MS,320,325,5,26,77514703.25,5,8,2017;2018;2019;2020;2022;2023;2024;2025,33.54202352571091
5,163,MS,325,330,5,31,70616641.25,5,8,2017;2018;2019;2020;2022;2023;2024;2025,43.899000931313765
5,163,MS,330,335,5,16,70616641.25,5,8,2017;2018;2019;2020;2022;2023;2024;2025,22.657548867774846
5,163,MS,335,340,5,27,70616641.25,5,8,2017;2018;2019;2020;2022;2023;2024;2025,38.23461371437005
5,163,MS,340,345,4,29,56493313.00000001,4,8,2017;2018;2019;2020;2022;2023;2024;2025,51.333509153552384
5,163,MS,360,365,1,11,22999825.3,1,8,2017;2018;2019;2020;2022;2023;2024;2025,47.82645022960239
5,163,MS,365,370,5,40,114999126.49999997,5,8,2017;2018;2019;2020;2022;2023;2024;2025,34.78287289425629
5,163,MS,370,375,5,45,114999126.49999997,5,8,2017;2018;2019;2020;2022;2023;2024;2025,39.130732006038336
5,163,MS,375,380,5,25,114999126.49999997,5,8,2017;2018;2019;2020;2022;2023;2024;2025,21.739295558910186
5,163,MS,380,385,5,14,114999126.49999997,5,8,2017;2018;2019;2020;2022;2023;2024;2025,12.174005512989705
5,163,MS,385,390,5,18,114999126.49999997,5,8,2017;2018;2019;2020;2022;2023;2024;2025,15.652292802415333
5,163,MS,390,395,5,13,114999126.49999997,5,8,2017;2018;2019;2020;2022;2023;2024;2025,11.304433690633296
5,163,MS,395,400,5,19,114999126.49999997,5,8,2017;2018;2019;2020;2022;2023;2024;2025,16.52186462477174
5,163,MS,400,405,5,27,114999126.49999997,5,8,2017;2018;2019;2020;2022;2023;2024;2025,23.478439203623
5,163,MS,405,410,5,19,114999126.49999997,5,8,2017;2018;2019;2020;2022;2023;2024;2025,16.52186462477174
5,163,MS,410,415,5,15,114999126.49999997,5,8,2017;2018;2019;2020;2022;2023;2024;2025,13.043577335346113
5,163,MS,415,420,5,32,113961168.69999997,5,8,2017;2018;2019;2020;2022;2023;2024;2025,28.079740112387956
5,163,MS,420,425,5,33,109736081.99999999,5,8,2017;2018;2019;2020;2022;2023;2024;2025,30.072150744365015
5,163,MS,425,430,5,16,109736081.99999999,5,8,2017;2018;2019;2020;2022;2023;2024;2025,14.580436724540615
5,163,MS,430,435,5,16,109736081.99999999,5,8,2017;2018;2019;2020;2022;2023;2024;2025,14.580436724540615
5,163,MS,435,440,5,18,109736081.99999999,5,8,2017;2018;2019;2020;2022;2023;2024;2025,16.40299131510819
5,163,MS,440,445,5,28,109736081.99999999,5,8,2017;2018;2019;2020;2022;2023;2024;2025,25.515764267946075
5,163,MS,445,450,5,22,109736081.99999999,5,8,2017;2018;2019;2020;2022;2023;2024;2025,20.048100496243347
5,163,MS,450,455,5,19,109736081.99999999,5,8,2017;2018;2019;2020;2022;2023;2024;2025,17.31426861039198
5,163,MS,455,460,5,62,109736081.99999999,5,8,2017;2018;2019;2020;2022;2023;2024;2025,56.49919230759488
5,163,MS,460,465,5,86,109736081.99999999,5,8,2017;2018;2019;2020;2022;2023;2024;2025,78.3698473944058
5,163,MS,465,470,5,92,25473247.8,5,8,2017;2018;2019;2020;2022;2023;2024;2025,361.16321217587335
5,163,MS,470,475,5,10,4407539.25,5,1,2017,226.883969325968
5,163,MS,475,480,5,39,4407539.25,5,1,2017,884.8474803712752
5,163,MS,480,485,5,31,9169453.349999998,5,1,2017,338.07904153850143
5,163,MS,485,490,5,28,12344062.75,5,1,2017,226.8296959200082
5,163,MS,490,495,5,22,12344062.75,5,1,2017,178.22333250857784
5,163,MS,495,500,1,0,2468812.55,1,1,2017,0.0
5,163,MS,575,580,4,10,63971316.2,4,8,2017;2018;2019;2020;2022;2023;2024;2025,15.63200602084845
5,163,MS,580,585,5,20,79964145.25000001,5,8,2017;2018;2019;2020;2022;2023;2024;2025,25.011209633357517
5,163,MS,585,590,5,19,79964145.25000001,5,8,2017;2018;2019;2020;2022;2023;2024;2025,23.76064915168964
5,163,MS,590,595,5,12,79763957.35000001,5,8,2017;2018;2019;2020;2022;2023;2024;2025,15.044388967995452
5,163,MS,595,600,5,16,79463675.5,5,8,2017;2018;2019;2020;2022;2023;2024;2025,20.134986079268383
5,163,MS,600,605,5,19,79463675.5,5,8,2017;2018;2019;2020;2022;2023;2024;2025,23.9102959691312
5,163,MS,605,610,5,29,79463675.5,5,8,2017;2018;2019;2020;2022;2023;2024;2025,36.49466226867394
5,163,MS,610,615,5,69,79463675.5,5,8,2017;2018;2019;2020;2022;2023;2024;2025,86.8321274668449
5,163,MS,615,620,5,90,64986490.7,5,8,2017;2018;2019;2020;2022;2023;2024;2025,138.49032165080428
5,163,MS,620,625,5,18,61367194.5,5,8,2017;2018;2019;2020;2022;2023;2024;2025,29.331632554914986
5,163,MS,625,630,5,32,60149554.5,5,8,2017;2018;2019;2020;2022;2023;2024;2025,53.20072653239684
5,163,MS,630,635,5,11,59337794.5,5,8,2017;2018;2019;2020;2022;2023;2024;2025,18.537932008915497
5,163,MS,635,640,5,15,59338524.5,5,8,2017;2018;2019;2020;2022;2023;2024;2025,25.278687204296762
5,163,MS,640,645,5,11,59341444.5,5,8,2017;2018;2019;2020;2022;2023;2024;2025,18.536791769536382
5,163,MS,645,650,5,23,59341444.5,5,8,2017;2018;2019;2020;2022;2023;2024;2025,38.75874642721244
5,163,MS,650,655,5,15,59341444.5,5,8,2017;2018;2019;2020;2022;2023;2024;2025,25.277443322095067
5,163,MS,655,660,5,30,59341444.5,5,8,2017;2018;2019;2020;2022;2023;2024;2025,50.554886644190134
5,163,MS,660,665,5,35,59341444.5,5,8,2017;2018;2019;2020;2022;2023;2024;2025,58.98070108488849
5,163,MS,665,670,5,31,59341444.5,5,8,2017;2018;2019;2020;2022;2023;2024;2025,52.240049532329806
5,163,MS,670,675,5,22,59339619.5,5,8,2017;2018;2019;2020;2022;2023;2024;2025,37.07472374338362
5,163,MS,675,680,5,33,59339619.5,5,8,2017;2018;2019;2020;2022;2023;2024;2025,55.61208561507544
5,163,MS,680,685,5,107,62193423.1,5,8,2017;2018;2019;2020;2022;2023;2024;2025,172.0439150422
5,163,MS,685,690,5,18,62906874.0,5,8,2017;2018;2019;2020;2022;2023;2024;2025,28.61372510737062
5,163,MS,690,695,5,28,62906874.0,5,8,2017;2018;2019;2020;2022;2023;2024;2025,44.51023905590985
5,163,MS,695,700,5,23,62906874.0,5,8,2017;2018;2019;2020;2022;2023;2024;2025,36.56198208164024
5,163,MS,700,705,5,13,51121199.2,4,8,2017;2018;2019;2020;2022;2023;2024;2025,25.429763392561412
5,163,MS,705,710,5,13,63901499.0,5,8,2017;2018;2019;2020;2022;2023;2024;2025,20.343810714049134
5,163,MS,710,715,5,13,63901499.0,5,8,2017;2018;2019;2020;2022;2023;2024;2025,20.343810714049134
5,163,MS,715,720,5,14,63901499.0,5,8,2017;2018;2019;2020;2022;2023;2024;2025,21.90871923051445
5,163,MS,720,725,5,29,63901499.0,5,8,2017;2018;2019;2020;2022;2023;2024;2025,45.38234697749422
5,163,MS,725,730,5,60,63901499.0,5,8,2017;2018;2019;2020;2022;2023;2024;2025,93.89451098791908
5,163,MS,730,735,5,44,62946542.19999999,5,8,2017;2018;2019;2020;2022;2023;2024;2025,69.90058303790357
5,163,MS,735,740,5,20,62707802.999999985,5,8,2017;2018;2019;2020;2022;2023;2024;2025,31.893957439395546
5,163,MS,740,745,5,16,62707802.999999985,5,8,2017;2018;2019;2020;2022;2023;2024;2025,25.515165951516437
5,163,MS,745,750,5,12,62707802.999999985,5,8,2017;2018;2019;2020;2022;2023;2024;2025,19.13637446363733
5,163,MS,750,755,5,15,62707802.999999985,5,8,2017;2018;2019;2020;2022;2023;2024;2025,23.92046807954666
5,163,MS,755,760,5,9,62707802.999999985,5,8,2017;2018;2019;2020;2022;2023;2024;2025,14.352280847727995
5,163,MS,760,765,5,12,62707802.999999985,5,8,2017;2018;2019;2020;2022;2023;2024;2025,19.13637446363733
5,163,MS,765,770,5,11,60510743.9,5,8,2017;2018;2019;2020;2022;2023;2024;2025,18.17858993467109
5,163,MS,770,775,5,8,57215155.25000001,5,8,2017;2018;2019;2020;2022;2023;2024;2025,13.982309346263635
5,163,MS,775,780,5,20,57215155.25000001,5,8,2017;2018;2019;2020;2022;2023;2024;2025,34.955773365659084
5,163,MS,780,785,5,14,57215155.25000001,5,8,2017;2018;2019;2020;2022;2023;2024;2025,24.469041355961362
5,163,MS,785,790,5,4,57215155.25000001,5,8,2017;2018;2019;2020;2022;2023;2024;2025,6.991154673131818
5,163,MS,790,795,5,12,57215155.25000001,5,8,2017;2018;2019;2020;2022;2023;2024;2025,20.973464019395454
5,163,MS,795,800,5,10,56100810.25000001,5,8,2017;2018;2019;2020;2022;2023;2024;2025,17.825054496427704
5,163,MS,800,805,5,13,51643430.25,5,8,2017;2018;2019;2020;2022;2023;2024;2025,25.172611379740797
5,163,MS,805,810,5,10,51643430.25,5,8,2017;2018;2019;2020;2022;2023;2024;2025,19.36354721518523
5,163,MS,810,815,5,20,51643430.25,5,8,2017;2018;2019;2020;2022;2023;2024;2025,38.72709443037046
5,163,MS,815,820,5,17,51643430.25,5,8,2017;2018;2019;2020;2022;2023;2024;2025,32.918030265814885
5,163,MS,820,825,5,14,51643430.25,5,8,2017;2018;2019;2020;2022;2023;2024;2025,27.108966101259316
5,163,MS,825,830,5,7,51643430.25,5,8,2017;2018;2019;2020;2022;2023;2024;2025,13.554483050629658
5,163,MS,830,835,5,20,58590624.900000006,5,8,2017;2018;2019;2020;2022;2023;2024;2025,34.13515393313376
5,163,MS,835,840,5,29,63222088.0,5,8,2017;2018;2019;2020;2022;2023;2024;2025,45.87004465907548
5,163,MS,840,845,5,33,63222088.0,5,8,2017;2018;2019;2020;2022;2023;2024;2025,52.19694737067209
5,163,MS,845,850,1,1,12644417.600000001,1,8,2017;2018;2019;2020;2022;2023;2024;2025,7.908628389495772
5,163,MT,0,5,5,3,7635800.0,5,1,2022,39.28861415961654
5,163,MT,5,10,5,6,24960890.0,5,4,2022;2023;2024;2025,24.03760442836774
5,163,MT,10,15,5,20,37946071.599999994,5,5,2017;2022;2023;2024;2025,52.70637817486226
5,163,MT,15,20,5,18,43449070.74999999,5,5,2017;2022;2023;2024;2025,41.4278135050794
5,163,MT,20,25,5,10,43449070.74999999,5,5,2017;2022;2023;2024;2025,23.01545194726633
5,163,MT,25,30,5,8,43449070.74999999,5,5,2017;2022;2023;2024;2025,18.412361557813067
5,163,MT,30,35,5,4,20348950.75,5,5,2017;2022;2023;2024;2025,19.657033176514027
5,163,MT,35,40,5,0,21212540.75,5,3,2017;2022;2023,0.0
5,163,MT,40,45,1,0,4574439.15,1,3,2017;2022;2023,0.0
5,163,MT,50,55,3,14,43874328.60000001,3,8,2017;2018;2019;2020;2022;2023;2024;2025,31.90932020324978
5,163,MT,55,60,5,24,73123881.00000001,5,8,2017;2018;2019;2020;2022;2023;2024;2025,32.82101506619978
5,163,MT,60,65,5,22,73123881.00000001,5,8,2017;2018;2019;2020;2022;2023;2024;2025,30.085930477349798
5,163,MT,65,70,5,21,73123881.00000001,5,8,2017;2018;2019;2020;2022;2023;2024;2025,28.7183881829248
5,163,MT,70,75,5,22,73123881.00000001,5,8,2017;2018;2019;2020;2022;2023;2024;2025,30.085930477349798
5,163,MT,75,80,5,19,63372938.85000001,5,8,2017;2018;2019;2020;2022;2023;2024;2025,29.981251216661853
5,163,MT,80,85,5,25,56872310.75000001,5,7,2018;2019;2020;2022;2023;2024;2025,43.95812245065143
5,163,MT,85,90,5,28,56872310.75000001,5,7,2018;2019;2020;2022;2023;2024;2025,49.2330971447296
5,163,MT,90,95,5,27,56872310.75000001,5,7,2018;2019;2020;2022;2023;2024;2025,47.474772246703544
5,163,MT,95,100,5,26,64770910.750000015,5,7,2018;2019;2020;2022;2023;2024;2025,40.14147662729908
5,163,MT,100,105,5,54,96295705.25,5,8,2017;2018;2019;2020;2022;2023;2024;2025,56.077267267327066
5,163,MT,105,110,5,55,143582897.0,5,8,2017;2018;2019;2020;2022;2023;2024;2025,38.30539789150514
5,163,MT,110,115,5,96,143582897.0,5,8,2017;2018;2019;2020;2022;2023;2024;2025,66.86033086517261
5,163,MT,115,120,5,139,106530436.64999999,5,8,2017;2018;2019;2020;2022;2023;2024;2025,130.47914227243524
5,163,MT,120,125,5,5,70907695.9,5,5,2017;2018;2019;2020;2022,7.051420775329409
5,163,MT,125,130,5,0,96031193.39999999,5,8,2017;2018;2019;2020;2022;2023;2024;2025,0.0
5,163,MT,130,135,5,1,155966197.25000003,5,8,2017;2018;2019;2020;2022;2023;2024;2025,0.6411645713186739
5,163,MT,135,140,5,0,156608597.25000003,5,8,2017;2018;2019;2020;2022;2023;2024;2025,0.0
5,163,MT,140,145,5,1,156608597.25000003,5,8,2017;2018;2019;2020;2022;2023;2024;2025,0.6385345489070842
5,163,MT,145,150,5,0,156608597.25000003,5,8,2017;2018;2019;2020;2022;2023;2024;2025,0.0
5,163,MT,150,155,5,0,156608597.25000003,5,8,2017;2018;2019;2020;2022;2023;2024;2025,0.0
5,163,MT,155,160,3,0,93965158.35000001,3,8,2017;2018;2019;2020;2022;2023;2024;2025,0.0
5,163,MT,160,165,5,0,138400207.25,5,8,2017;2018;2019;2020;2022;2023;2024;2025,0.0
5,163,MT,165,170,5,0,156608597.25000003,5,8,2017;2018;2019;2020;2022;2023;2024;2025,0.0
5,163,MT,170,175,5,0,156608597.25000003,5,8,2017;2018;2019;2020;2022;2023;2024;2025,0.0
5,163,MT,175,180,5,0,150508461.75,5,8,2017;2018;2019;2020;2022;2023;2024;2025,0.0
5,163,MT,180,185,5,0,120704120.3,5,8,2017;2018;2019;2020;2022;2023;2024;2025,0.0
5,163,MT,185,190,5,0,135780784.75,5,8,2017;2018;2019;2020;2022;2023;2024;2025,0.0
5,163,MT,190,195,5,0,91790995.7,5,7,2017;2018;2019;2020;2022;2024;2025,0.0
5,163,MT,195,200,5,0,108296412.49999999,5,8,2017;2018;2019;2020;2022;2023;2024;2025,0.0
5,163,MT,200,205,5,2,137081042.5,5,8,2017;2018;2019;2020;2022;2023;2024;2025,1.4589909469064624
5,163,MT,205,210,5,3,137081042.5,5,8,2017;2018;2019;2020;2022;2023;2024;2025,2.1884864203596934
5,163,MT,210,215,5,0,137081042.5,5,8,2017;2018;2019;2020;2022;2023;2024;2025,0.0
5,163,MT,215,220,5,1,124348382.49999999,5,8,2017;2018;2019;2020;2022;2023;2024;2025,0.8041922057168697
5,163,MT,220,225,5,0,137081042.5,5,8,2017;2018;2019;2020;2022;2023;2024;2025,0.0
5,163,MT,225,230,5,2,122397493.99999997,5,8,2017;2018;2019;2020;2022;2023;2024;2025,1.6340203828029358
5,163,MT,230,235,5,0,128933921.29999998,5,8,2017;2018;2019;2020;2022;2023;2024;2025,0.0
5,163,MT,235,240,5,0,118807426.99999999,5,7,2018;2019;2020;2022;2023;2024;2025,0.0
5,163,MT,240,245,5,0,118807426.99999999,5,7,2018;2019;2020;2022;2023;2024;2025,0.0
5,163,MT,245,250,3,0,71284091.2,3,7,2018;2019;2020;2022;2023;2024;2025,0.0
5,163,MT,350,355,4,0,4807225.2,4,1,2017,0.0
5,163,MT,355,360,5,0,7993478.100000001,5,1,2017,0.0
5,163,MT,360,365,5,1,81465309.95000002,5,8,2017;2018;2019;2020;2022;2023;2024;2025,1.2275163509643037
5,163,MT,365,370,5,0,92176917.50000001,5,8,2017;2018;2019;2020;2022;2023;2024;2025,0.0
5,163,MT,370,375,5,1,97594977.50000001,5,8,2017;2018;2019;2020;2022;2023;2024;2025,1.024642892099647
5,163,MT,375,380,5,2,97594977.50000001,5,8,2017;2018;2019;2020;2022;2023;2024;2025,2.049285784199294
5,163,MT,380,385,5,0,97594977.50000001,5,8,2017;2018;2019;2020;2022;2023;2024;2025,0.0
5,163,MT,385,390,5,2,97594977.50000001,5,8,2017;2018;2019;2020;2022;2023;2024;2025,2.049285784199294
5,163,MT,390,395,5,0,97594977.50000001,5,8,2017;2018;2019;2020;2022;2023;2024;2025,0.0
5,163,MT,395,400,5,3,97594977.50000001,5,8,2017;2018;2019;2020;2022;2023;2024;2025,3.0739286762989413
5,163,MT,400,405,5,4,97594977.50000001,5,8,2017;2018;2019;2020;2022;2023;2024;2025,4.098571568398588
5,163,MT,405,410,5,0,97594977.50000001,5,8,2017;2018;2019;2020;2022;2023;2024;2025,0.0
5,163,MT,410,415,5,0,97594977.50000001,5,8,2017;2018;2019;2020;2022;2023;2024;2025,0.0
5,163,MT,415,420,3,0,58556986.5,3,8,2017;2018;2019;2020;2022;2023;2024;2025,0.0
5,163,MT,420,425,5,0,105637453.2,5,8,2017;2018;2019;2020;2022;2023;2024;2025,0.0
5,163,MT,425,430,5,0,107786726.5,5,8,2017;2018;2019;2020;2022;2023;2024;2025,0.0
5,163,MT,430,435,5,1,92542902.99999999,5,8,2017;2018;2019;2020;2022;2023;2024;2025,1.0805798906049016
5,163,MT,435,440,5,5,103849434.99999999,5,8,2017;2018;2019;2020;2022;2023;2024;2025,4.8146626893059175
5,163,MT,440,445,5,1,103849434.99999999,5,8,2017;2018;2019;2020;2022;2023;2024;2025,0.9629325378611835
5,163,MT,445,450,5,1,103849434.99999999,5,8,2017;2018;2019;2020;2022;2023;2024;2025,0.9629325378611835
5,163,MT,450,455,5,1,103850164.99999999,5,8,2017;2018;2019;2020;2022;2023;2024;2025,0.962925769063535
5,163,MT,455,460,5,0,103851259.99999999,5,8,2017;2018;2019;2020;2022;2023;2024;2025,0.0
5,163,MT,460,465,5,1,103851259.99999999,5,8,2017;2018;2019;2020;2022;2023;2024;2025,0.9629156160454867
5,163,MT,465,470,5,0,103851259.99999999,5,8,2017;2018;2019;2020;2022;2023;2024;2025,0.0
5,163,MT,470,475,5,0,88807741.19999999,5,8,2017;2018;2019;2020;2022;2023;2024;2025,0.0
5,163,MT,475,480,5,0,129216862.0,5,8,2017;2018;2019;2020;2022;2023;2024;2025,0.0
5,163,MT,480,485,5,0,129216862.0,5,8,2017;2018;2019;2020;2022;2023;2024;2025,0.0
5,163,MT,485,490,5,0,129216862.0,5,8,2017;2018;2019;2020;2022;2023;2024;2025,0.0
5,163,MT,490,495,5,0,128285031.60000002,5,8,2017;2018;2019;2020;2022;2023;2024;2025,0.0
5,163,MT,495,500,5,5,127702130.25000003,5,8,2017;2018;2019;2020;2022;2023;2024;2025,3.915361466728547
5,163,MT,500,505,5,1,127702130.25000003,5,8,2017;2018;2019;2020;2022;2023;2024;2025,0.7830722933457094
5,163,MT,505,510,5,14,127702130.25000003,5,8,2017;2018;2019;2020;2022;2023;2024;2025,10.96301210683993
5,163,MT,510,515,5,39,116376067.10000002,5,8,2017;2018;2019;2020;2022;2023;2024;2025,33.51204502080995
5,163,MT,515,520,5,41,110656476.95000002,5,8,2017;2018;2019;2020;2022;2023;2024;2025,37.0516043254529
5,163,MT,520,525,5,41,102897460.25,5,8,2017;2018;2019;2020;2022;2023;2024;2025,39.84549268794999
5,163,MT,525,530,5,43,102897460.25,5,8,2017;2018;2019;2020;2022;2023;2024;2025,41.7891752580939
5,163,MT,530,535,5,46,102897460.25,5,8,2017;2018;2019;2020;2022;2023;2024;2025,44.70469911330975
5,163,MT,535,540,5,57,102897460.25,5,8,2017;2018;2019;2020;2022;2023;2024;2025,55.394953249101206
5,163,MT,540,545,5,57,102897460.25,5,8,2017;2018;2019;2020;2022;2023;2024;2025,55.394953249101206
5,163,MT,545,550,5,37,102897460.25,5,8,2017;2018;2019;2020;2022;2023;2024;2025,35.958127547662194
5,163,MT,550,555,5,28,102955130.25,5,8,2017;2018;2019;2020;2022;2023;2024;2025,27.196313512507064
5,163,MT,555,560,5,57,103185810.25,5,8,2017;2018;2019;2020;2022;2023;2024;2025,55.24015352682662
5,163,MT,560,565,5,37,103185810.25,5,8,2017;2018;2019;2020;2022;2023;2024;2025,35.85764351741377
5,163,MT,565,570,5,34,103185810.25,5,8,2017;2018;2019;2020;2022;2023;2024;2025,32.950267016001845
5,163,MT,570,575,5,56,103185810.25,5,8,2017;2018;2019;2020;2022;2023;2024;2025,54.271028026355985
5,163,MT,575,580,5,31,103185810.25,5,8,2017;2018;2019;2020;2022;2023;2024;2025,30.042890514589914
5,163,MT,580,585,5,46,103185810.25,5,8,2017;2018;2019;2020;2022;2023;2024;2025,44.57977302164955
5,163,MT,585,590,5,42,103185810.25,5,8,2017;2018;2019;2020;2022;2023;2024;2025,40.70327101976699
5,163,MT,590,595,5,62,103185810.25,5,8,2017;2018;2019;2020;2022;2023;2024;2025,60.08578102917983
5,163,MT,595,600,5,38,103185810.25,5,8,2017;2018;2019;2020;2022;2023;2024;2025,36.826769017884416
5,163,MT,600,605,5,96,97008915.24999999,5,8,2017;2018;2019;2020;2022;2023;2024;2025,98.95997677388729
5,163,MT,605,610,5,50,75357461.99999999,5,6,2017;2018;2019;2020;2022;2023,66.35042990168645
5,163,MT,610,615,5,32,94772301.09999998,5,8,2017;2018;2019;2020;2022;2023;2024;2025,33.765139844219746
5,163,MT,615,620,5,36,106889027.25,5,8,2017;2018;2019;2020;2022;2023;2024;2025,33.67979008341102
5,163,MT,620,625,5,31,106891947.25,5,8,2017;2018;2019;2020;2022;2023;2024;2025,29.00124920308251
5,163,MT,625,630,5,27,106891947.25,5,8,2017;2018;2019;2020;2022;2023;2024;2025,25.259152531717024
5,163,MT,630,635,5,23,106891947.25,5,8,2017;2018;2019;2020;2022;2023;2024;2025,21.51705586035154
5,163,MT,635,640,5,37,106891947.25,5,8,2017;2018;2019;2020;2022;2023;2024;2025,34.61439421013074
5,163,MT,640,645,5,39,106891947.25,5,8,2017;2018;2019;2020;2022;2023;2024;2025,36.48544254581348
5,163,MT,645,650,5,39,106891947.25,5,8,2017;2018;2019;2020;2022;2023;2024;2025,36.48544254581348
5,163,MT,650,655,5,33,106891947.25,5,8,2017;2018;2019;2020;2022;2023;2024;2025,30.87229753876525
5,163,MT,655,660,5,32,105607512.25,5,8,2017;2018;2019;2020;2022;2023;2024;2025,30.30087473725147
5,163,MT,660,665,5,35,105607147.25,5,8,2017;2018;2019;2020;2022;2023;2024;2025,33.14169628798491
5,163,MT,665,670,5,43,105607147.25,5,8,2017;2018;2019;2020;2022;2023;2024;2025,40.71694115381002
5,163,MT,670,675,5,30,93940539.1,5,8,2017;2018;2019;2020;2022;2023;2024;2025,31.93509456877281
5,163,MT,675,680,5,24,102594492.0,5,8,2017;2018;2019;2020;2022;2023;2024;2025,23.393068703922236
5,163,MT,680,685,5,44,102594492.0,5,8,2017;2018;2019;2020;2022;2023;2024;2025,42.88729262385743
5,163,MT,685,690,5,110,102594492.0,5,8,2017;2018;2019;2020;2022;2023;2024;2025,107.21823155964357
5,163,MT,690,695,5,105,102594492.0,5,8,2017;2018;2019;2020;2022;2023;2024;2025,102.34467557965978
5,163,MT,695,700,5,41,102594492.0,5,8,2017;2018;2019;2020;2022;2023;2024;2025,39.96315903586715
5,163,MT,700,705,5,33,99249825.44999999,5,8,2017;2018;2019;2020;2022;2023;2024;2025,33.2494287525218
5,163,MT,705,710,5,37,97301462.74999999,5,8,2017;2018;2019;2020;2022;2023;2024;2025,38.026149817567884
5,163,MT,710,715,5,39,97244522.74999999,5,8,2017;2018;2019;2020;2022;2023;2024;2025,40.105086535580746
5,163,MT,715,720,5,38,97244522.74999999,5,8,2017;2018;2019;2020;2022;2023;2024;2025,39.07675098338637
5,163,MT,720,725,5,22,97244522.74999999,5,8,2017;2018;2019;2020;2022;2023;2024;2025,22.62338214827632
5,163,MT,725,730,5,35,97244522.74999999,5,8,2017;2018;2019;2020;2022;2023;2024;2025,35.991744326803236
5,163,MT,730,735,5,36,97244522.74999999,5,8,2017;2018;2019;2020;2022;2023;2024;2025,37.02007987899761
5,163,MT,735,740,5,32,97244522.74999999,5,8,2017;2018;2019;2020;2022;2023;2024;2025,32.906737670220096
5,163,MT,740,745,5,62,97244522.74999999,5,8,2017;2018;2019;2020;2022;2023;2024;2025,63.756804236051444
5,163,MT,745,750,5,177,97244522.74999999,5,8,2017;2018;2019;2020;2022;2023;2024;2025,182.01539273840493
5,163,MT,750,755,5,187,97244522.74999999,5,8,2017;2018;2019;2020;2022;2023;2024;2025,192.2987482603487
5,163,MT,755,760,5,127,85694462.74999999,5,8,2017;2018;2019;2020;2022;2023;2024;2025,148.2009407894911
5,163,MT,760,765,5,23,41511698.2,4,5,2017;2018;2019;2020;2022,55.40606864404309
5,163,MT,765,770,5,55,60216473.6,5,6,2017;2018;2019;2020;2022;2023,91.33713203690492
5,163,MT,770,775,5,56,133551967.00000001,5,8,2017;2018;2019;2020;2022;2023;2024;2025,41.931243139234326
5,163,MT,775,780,5,35,133551967.00000001,5,8,2017;2018;2019;2020;2022;2023;2024;2025,26.207026962021455
5,163,MT,780,785,5,51,133551967.00000001,5,8,2017;2018;2019;2020;2022;2023;2024;2025,38.187382144659836
5,163,MT,785,790,5,49,133551967.00000001,5,8,2017;2018;2019;2020;2022;2023;2024;2025,36.68983774683004
5,163,MT,790,795,5,37,133551967.00000001,5,8,2017;2018;2019;2020;2022;2023;2024;2025,27.704571359851254
5,163,MT,795,800,5,45,130100527.00000001,5,8,2017;2018;2019;2020;2022;2023;2024;2025,34.58863775394237
5,163,MT,800,805,5,29,107567288.5,5,7,2018;2019;2020;2022;2023;2024;2025,26.959868938222794
5,163,MT,805,810,5,40,107567288.5,5,7,2018;2019;2020;2022;2023;2024;2025,37.186026121686616
5,163,MT,810,815,5,45,107567288.5,5,7,2018;2019;2020;2022;2023;2024;2025,41.834279386897435
5,163,MT,815,820,5,72,107567288.5,5,7,2018;2019;2020;2022;2023;2024;2025,66.9348470190359
5,163,MT,820,825,5,89,107567288.5,5,7,2018;2019;2020;2022;2023;2024;2025,82.73890812075271
5,163,MT,825,830,5,223,104626483.50000001,5,7,2018;2019;2020;2022;2023;2024;2025,213.1391522873843
5,163,MT,830,835,5,360,107567288.5,5,7,2018;2019;2020;2022;2023;2024;2025,334.6742350951795
5,163,MT,835,840,5,217,58704388.1,5,5,2017;2018;2019;2020;2022,369.64868730145236
5,163,MT,840,845,5,130,60909813.0,5,5,2017;2018;2019;2020;2022,213.43030555684027
5,163,MT,845,850,5,48,49269495.8,5,5,2017;2018;2019;2020;2022,97.42336352465779
5,163,MT,850,855,5,79,37087533.199999996,4,5,2017;2018;2019;2020;2022,213.0095835006897
5,163,MT,855,860,5,37,57605435.14999999,5,8,2017;2018;2019;2020;2022;2023;2024;2025,64.23005034794882
5,163,MT,860,865,5,30,72838359.75,5,8,2017;2018;2019;2020;2022;2023;2024;2025,41.18708892260578
5,163,MT,865,870,5,24,71659515.6,5,8,2017;2018;2019;2020;2022;2023;2024;2025,33.49171397413131
5,163,MT,870,875,5,19,68765489.0,5,8,2017;2018;2019;2020;2022;2023;2024;2025,27.630138716820582
5,163,MT,875,880,5,17,68765489.0,5,8,2017;2018;2019;2020;2022;2023;2024;2025,24.721703062418417
5,163,MT,880,885,5,17,68765489.0,5,8,2017;2018;2019;2020;2022;2023;2024;2025,24.721703062418417
5,163,MT,885,890,5,23,68765489.0,5,8,2017;2018;2019;2020;2022;2023;2024;2025,33.44701002562492
5,163,MT,890,895,5,33,68765489.0,5,8,2017;2018;2019;2020;2022;2023;2024;2025,47.989188297635756
5,163,MT,895,900,5,15,68765489.0,5,8,2017;2018;2019;2020;2022;2023;2024;2025,21.81326740801625
5,163,MT,900,905,5,18,68765489.0,5,8,2017;2018;2019;2020;2022;2023;2024;2025,26.1759208896195
5,163,MT,905,910,5,27,68765489.0,5,8,2017;2018;2019;2020;2022;2023;2024;2025,39.26388133442925
5,163,MT,910,915,5,18,68765489.0,5,8,2017;2018;2019;2020;2022;2023;2024;2025,26.1759208896195
5,163,MT,915,920,5,13,68765489.0,5,8,2017;2018;2019;2020;2022;2023;2024;2025,18.904831753614083
5,163,MT,920,925,5,29,68765489.0,5,8,2017;2018;2019;2020;2022;2023;2024;2025,42.17231698883142
5,163,MT,925,930,5,38,68765489.0,5,8,2017;2018;2019;2020;2022;2023;2024;2025,55.260277433641164
5,163,MT,930,935,5,35,68765489.0,5,8,2017;2018;2019;2020;2022;2023;2024;2025,50.89762395203792
5,163,MT,935,940,5,45,68691029.0,5,8,2017;2018;2019;2020;2022;2023;2024;2025,65.51073794512526
5,163,MT,940,945,5,29,68641389.0,5,8,2017;2018;2019;2020;2022;2023;2024;2025,42.24856230691952
5,163,MT,945,950,5,39,68631169.0,5,8,2017;2018;2019;2020;2022;2023;2024;2025,56.82549280196583
5,163,MT,950,955,5,34,68322214.75,5,8,2017;2018;2019;2020;2022;2023;2024;2025,49.76419474165245
5,163,MT,955,960,5,56,68322214.75,5,8,2017;2018;2019;2020;2022;2023;2024;2025,81.96455604507464
5,163,MT,960,965,5,14,68322214.75,5,8,2017;2018;2019;2020;2022;2023;2024;2025,20.49113901126866
5,163,MT,965,970,5,9,67227214.75,5,8,2017;2018;2019;2020;2022;2023;2024;2025,13.387435480509774
5,163,MT,970,975,5,38,60931512.24999999,5,8,2017;2018;2019;2020;2022;2023;2024;2025,62.365102385916906
5,163,MT,975,980,5,24,58673622.249999985,5,8,2017;2018;2019;2020;2022;2023;2024;2025,40.90424125808937
5,163,MT,980,985,5,35,58673622.249999985,5,8,2017;2018;2019;2020;2022;2023;2024;2025,59.65201850138033
5,163,MT,985,990,5,26,58673622.249999985,5,8,2017;2018;2019;2020;2022;2023;2024;2025,44.31292802959682
5,163,MT,990,995,5,26,58673622.249999985,5,8,2017;2018;2019;2020;2022;2023;2024;2025,44.31292802959682
5,163,MT,995,1000,5,28,58690310.04999999,5,8,2017;2018;2019;2020;2022;2023;2024;2025,47.70804580201737
5,163,MT,1000,1005,5,18,60022998.05,5,8,2017;2018;2019;2020;2022;2023;2024;2025,29.98850538089708
5,163,MT,1005,1010,5,17,69366060.0,5,8,2017;2018;2019;2020;2022;2023;2024;2025,24.507662681144062
5,163,MT,1010,1015,5,22,69366060.0,5,8,2017;2018;2019;2020;2022;2023;2024;2025,31.715798763833494
5,163,MT,1015,1020,5,15,69366060.0,5,8,2017;2018;2019;2020;2022;2023;2024;2025,21.624408248068292
5,163,MT,1020,1025,5,38,69366060.0,5,8,2017;2018;2019;2020;2022;2023;2024;2025,54.78183422843967
5,163,MT,1025,1030,5,59,69366060.0,5,8,2017;2018;2019;2020;2022;2023;2024;2025,85.05600577573529
5,163,MT,1030,1035,5,97,69366060.0,5,8,2017;2018;2019;2020;2022;2023;2024;2025,139.83784000417495
5,163,MT,1035,1040,5,93,69366060.0,5,8,2017;2018;2019;2020;2022;2023;2024;2025,134.0713311380234
5,163,MT,1040,1045,5,62,61613062.150000006,5,8,2017;2018;2019;2020;2022;2023;2024;2025,100.6280126916237
5,163,MT,1045,1050,5,26,49668670.75,5,6,2018;2019;2020;2022;2024;2025,52.34688105680783
5,163,MT,1050,1055,4,13,27803816.599999998,4,6,2018;2019;2020;2022;2024;2025,46.75617087763412
5,163,MT,1055,1060,4,26,30351399.800000004,4,7,2017;2018;2019;2020;2022;2024;2025,85.66326486200481
5,163,MT,1060,1065,5,63,37939249.75000001,5,7,2017;2018;2019;2020;2022;2024;2025,166.05494419404008
5,163,MT,1065,1070,5,33,37939249.75000001,5,7,2017;2018;2019;2020;2022;2024;2025,86.98116124449719
5,163,MT,1070,1075,5,13,37939249.75000001,5,7,2017;2018;2019;2020;2022;2024;2025,34.265305944801916
5,163,MT,1075,1080,5,6,27508703.150000002,5,7,2017;2018;2019;2020;2022;2024;2025,21.811279024253093
5,163,MT,1080,1085,5,11,28251762.85,5,8,2017;2018;2019;2020;2022;2023;2024;2025,38.93562344552952
5,163,MT,1085,1090,5,9,27178210.250000004,5,8,2017;2018;2019;2020;2022;2023;2024;2025,33.114763324049264
5,163,MT,1090,1095,5,4,27178210.250000004,5,8,2017;2018;2019;2020;2022;2023;2024;2025,14.717672588466343
5,163,MT,1095,1100,5,6,27178210.250000004,5,8,2017;2018;2019;2020;2022;2023;2024;2025,22.07650888269951
5,163,MT,1100,1105,5,41,27178210.250000004,5,8,2017;2018;2019;2020;2022;2023;2024;2025,150.85614403178
5,163,MT,1105,1110,5,23,27178210.250000004,5,8,2017;2018;2019;2020;2022;2023;2024;2025,84.62661738368146
5,163,MT,1110,1115,5,56,27178210.250000004,5,8,2017;2018;2019;2020;2022;2023;2024;2025,206.0474162385288
5,163,MT,1115,1120,5,2,27178210.250000004,5,8,2017;2018;2019;2020;2022;2023;2024;2025,7.358836294233171
5,163,MT,1120,1125,5,0,27178210.250000004,5,8,2017;2018;2019;2020;2022;2023;2024;2025,0.0
5,163,MT,1125,1130,5,1,27178210.250000004,5,8,2017;2018;2019;2020;2022;2023;2024;2025,3.6794181471165857
5,163,PA,0,5,5,2,19711825.0,5,4,2022;2023;2024;2025,10.146193972399816
5,163,PA,5,10,5,6,19711825.0,5,4,2022;2023;2024;2025,30.438581917199446
5,163,PA,10,15,5,1,19711825.0,5,4,2022;2023;2024;2025,5.073096986199908
5,163,PA,15,20,5,0,19711825.0,5,4,2022;2023;2024;2025,0.0
5,163,PA,20,25,5,3,19711095.0,5,4,2022;2023;2024;2025,15.21985460472896
5,163,PA,25,30,5,1,19710000.0,5,4,2022;2023;2024;2025,5.073566717402334
5,163,PA,30,35,5,4,19710000.0,5,4,2022;2023;2024;2025,20.294266869609334
5,163,PA,35,40,5,6,19710000.0,5,4,2022;2023;2024;2025,30.441400304414003
5,163,PA,40,45,5,0,19710000.0,5,4,2022;2023;2024;2025,0.0
5,163,PA,45,50,5,0,19710000.0,5,4,2022;2023;2024;2025,0.0
5,163,PA,50,55,5,1,19710000.0,5,4,2022;2023;2024;2025,5.073566717402334
5,163,PA,55,60,5,1,27176385.250000004,5,8,2017;2018;2019;2020;2022;2023;2024;2025,3.6796652343600402
5,163,PA,60,65,5,4,27176385.250000004,5,8,2017;2018;2019;2020;2022;2023;2024;2025,14.718660937440161
5,163,PA,65,70,5,0,27176385.250000004,5,8,2017;2018;2019;2020;2022;2023;2024;2025,0.0
5,163,PA,70,75,5,4,27176385.250000004,5,8,2017;2018;2019;2020;2022;2023;2024;2025,14.718660937440161
5,163,PA,75,80,5,1,27176385.250000004,5,8,2017;2018;2019;2020;2022;2023;2024;2025,3.6796652343600402
5,163,PA,80,85,5,3,27176385.250000004,5,8,2017;2018;2019;2020;2022;2023;2024;2025,11.03899570308012
5,163,PA,85,90,5,3,27176385.250000004,5,8,2017;2018;2019;2020;2022;2023;2024;2025,11.03899570308012
5,163,PA,90,95,5,2,27176385.250000004,5,8,2017;2018;2019;2020;2022;2023;2024;2025,7.3593304687200805
5,163,PA,95,100,5,0,27176385.250000004,5,8,2017;2018;2019;2020;2022;2023;2024;2025,0.0
5,163,PA,100,105,5,14,27176385.250000004,5,8,2017;2018;2019;2020;2022;2023;2024;2025,51.51531328104056
5,163,PA,105,110,5,11,27176385.250000004,5,8,2017;2018;2019;2020;2022;2023;2024;2025,40.476317577960444
5,163,PA,110,115,5,4,27176385.250000004,5,8,2017;2018;2019;2020;2022;2023;2024;2025,14.718660937440161
5,163,PA,115,120,5,4,27176385.250000004,5,8,2017;2018;2019;2020;2022;2023;2024;2025,14.718660937440161
5,163,PA,120,125,5,2,27176385.250000004,5,8,2017;2018;2019;2020;2022;2023;2024;2025,7.3593304687200805
5,163,PA,125,130,5,1,27176385.250000004,5,8,2017;2018;2019;2020;2022;2023;2024;2025,3.6796652343600402
5,163,PA,130,135,5,3,27176385.250000004,5,8,2017;2018;2019;2020;2022;2023;2024;2025,11.03899570308012
5,163,PA,135,140,5,3,27176385.250000004,5,8,2017;2018;2019;2020;2022;2023;2024;2025,11.03899570308012
5,163,PA,140,145,5,5,27176385.250000004,5,8,2017;2018;2019;2020;2022;2023;2024;2025,18.3983261718002
5,163,PA,145,150,5,6,27176385.250000004,5,8,2017;2018;2019;2020;2022;2023;2024;2025,22.07799140616024
5,163,PA,150,155,5,1,27176385.250000004,5,8,2017;2018;2019;2020;2022;2023;2024;2025,3.6796652343600402
5,163,PA,155,160,5,6,27175655.250000004,5,8,2017;2018;2019;2020;2022;2023;2024;2025,22.078584471298072
5,163,PA,160,165,5,1,27174560.250000004,5,8,2017;2018;2019;2020;2022;2023;2024;2025,3.679912354791463
5,163,PA,165,170,5,6,27174560.250000004,5,8,2017;2018;2019;2020;2022;2023;2024;2025,22.079474128748778
5,163,PA,170,175,5,1,27174560.250000004,5,8,2017;2018;2019;2020;2022;2023;2024;2025,3.679912354791463
5,163,PA,175,180,5,4,27174560.250000004,5,8,2017;2018;2019;2020;2022;2023;2024;2025,14.719649419165853
5,163,PA,180,185,5,2,27174560.250000004,5,8,2017;2018;2019;2020;2022;2023;2024;2025,7.359824709582926
5,163,PA,185,190,5,0,27174560.250000004,5,8,2017;2018;2019;2020;2022;2023;2024;2025,0.0
5,163,PA,190,195,5,0,27174560.250000004,5,8,2017;2018;2019;2020;2022;2023;2024;2025,0.0
5,163,PA,195,200,5,1,27174560.250000004,5,8,2017;2018;2019;2020;2022;2023;2024;2025,3.679912354791463
5,163,PA,200,205,5,2,27174560.250000004,5,8,2017;2018;2019;2020;2022;2023;2024;2025,7.359824709582926
5,163,PA,205,210,5,2,27174560.250000004,5,8,2017;2018;2019;2020;2022;2023;2024;2025,7.359824709582926
5,163,PA,210,215,5,1,27174560.250000004,5,8,2017;2018;2019;2020;2022;2023;2024;2025,3.679912354791463
5,163,PA,215,220,5,1,27174560.250000004,5,8,2017;2018;2019;2020;2022;2023;2024;2025,3.679912354791463
5,163,PA,220,225,5,0,27174560.250000004,5,8,2017;2018;2019;2020;2022;2023;2024;2025,0.0
5,163,PA,225,230,1,1,5434912.05,1,8,2017;2018;2019;2020;2022;2023;2024;2025,18.399561773957316
5,163,PA,275,280,1,0,5149482.05,1,8,2017;2018;2019;2020;2022;2023;2024;2025,0.0
5,163,PA,280,285,5,4,25747410.250000004,5,8,2017;2018;2019;2020;2022;2023;2024;2025,15.535543035828232
5,163,PA,285,290,5,4,25747410.250000004,5,8,2017;2018;2019;2020;2022;2023;2024;2025,15.535543035828232
5,163,PA,290,295,5,2,25747410.250000004,5,8,2017;2018;2019;2020;2022;2023;2024;2025,7.767771517914116
5,163,PA,295,300,5,12,25747410.250000004,5,8,2017;2018;2019;2020;2022;2023;2024;2025,46.6066291074847
5,163,PA,300,305,5,5,25747410.250000004,5,8,2017;2018;2019;2020;2022;2023;2024;2025,19.41942879478529
5,163,PA,305,310,5,11,25747410.250000004,5,8,2017;2018;2019;2020;2022;2023;2024;2025,42.722743348527636
5,163,PA,310,315,5,26,24970792.450000003,5,8,2017;2018;2019;2020;2022;2023;2024;2025,104.12164552671213
5,163,PA,315,320,5,6,24776638.0,5,8,2017;2018;2019;2020;2022;2023;2024;2025,24.216360589358413
5,163,PA,320,325,5,7,24776638.0,5,8,2017;2018;2019;2020;2022;2023;2024;2025,28.252420687584813
5,163,PA,325,330,5,3,24776638.0,5,8,2017;2018;2019;2020;2022;2023;2024;2025,12.108180294679206
5,163,PA,330,335,5,2,24776638.0,5,8,2017;2018;2019;2020;2022;2023;2024;2025,8.072120196452804
5,163,PA,335,340,5,3,24776638.0,5,8,2017;2018;2019;2020;2022;2023;2024;2025,12.108180294679206
5,163,PA,340,345,5,4,24776638.0,5,8,2017;2018;2019;2020;2022;2023;2024;2025,16.14424039290561
5,163,PA,345,350,5,3,18879347.6,5,8,2017;2018;2019;2020;2022;2023;2024;2025,15.89037960188836
5,163,PA,350,355,5,0,17405025.0,5,4,2022;2023;2024;2025,0.0
5,163,PA,355,360,5,2,17405025.0,5,4,2022;2023;2024;2025,11.490934370964707
5,163,PA,360,365,5,7,17405025.0,5,4,2022;2023;2024;2025,40.218270298376474
5,163,PA,365,370,5,2,17405025.0,5,4,2022;2023;2024;2025,11.490934370964707
5,163,PA,370,375,5,3,17405025.0,5,4,2022;2023;2024;2025,17.23640155644706
5,163,PA,375,380,5,3,17405025.0,5,4,2022;2023;2024;2025,17.23640155644706
5,163,PA,380,385,5,2,17405025.0,5,4,2022;2023;2024;2025,11.490934370964707
5,163,PA,385,390,5,1,17405025.0,5,4,2022;2023;2024;2025,5.745467185482354
5,163,PA,390,395,5,1,17405025.0,5,4,2022;2023;2024;2025,5.745467185482354
5,163,PA,395,400,5,7,17405025.0,5,4,2022;2023;2024;2025,40.218270298376474
5,163,PA,400,405,5,5,17405025.0,5,4,2022;2023;2024;2025,28.727335927411765
5,163,PA,405,410,5,12,17405025.0,5,4,2022;2023;2024;2025,68.94560622578824
5,163,PA,410,415,5,5,16839275.0,5,4,2022;2023;2024;2025,29.69248973011012
5,163,PA,415,420,5,4,16839275.0,5,4,2022;2023;2024;2025,23.75399178408809
5,163,PA,420,425,5,4,16839275.0,5,4,2022;2023;2024;2025,23.75399178408809
5,163,PA,425,430,5,4,16839275.0,5,4,2022;2023;2024;2025,23.75399178408809
5,163,PA,430,435,5,5,16839275.0,5,4,2022;2023;2024;2025,29.69248973011012
5,163,PA,435,440,5,0,16839275.0,5,4,2022;2023;2024;2025,0.0
5,163,PA,440,445,5,1,16839275.0,5,4,2022;2023;2024;2025,5.938497946022022
5,163,PA,445,450,5,4,16839275.0,5,4,2022;2023;2024;2025,23.75399178408809
5,163,PA,450,455,5,1,16839275.0,5,4,2022;2023;2024;2025,5.938497946022022
5,163,PA,455,460,5,2,16839275.0,5,4,2022;2023;2024;2025,11.876995892044045
5,163,PA,460,465,5,1,16839275.0,5,4,2022;2023;2024;2025,5.938497946022022
5,163,PA,465,470,5,4,16839275.0,5,4,2022;2023;2024;2025,23.75399178408809
5,163,PA,470,475,5,2,16839275.0,5,4,2022;2023;2024;2025,11.876995892044045
5,163,PA,475,480,5,0,16839275.0,5,4,2022;2023;2024;2025,0.0
5,163,PA,480,485,5,2,16839275.0,5,4,2022;2023;2024;2025,11.876995892044045
5,163,PA,485,490,5,3,16839275.0,5,4,2022;2023;2024;2025,17.815493838066068
5,163,PA,490,495,5,6,16839275.0,5,4,2022;2023;2024;2025,35.630987676132136
5,163,PA,495,500,5,4,16839275.0,5,4,2022;2023;2024;2025,23.75399178408809
5,163,PA,500,505,5,11,16839275.0,5,4,2022;2023;2024;2025,65.32347740624225
5,163,PA,505,510,5,2,16839275.0,5,4,2022;2023;2024;2025,11.876995892044045
5,163,PA,510,515,5,9,16839275.0,5,4,2022;2023;2024;2025,53.446481514198204
5,163,PA,515,520,5,10,16839275.0,5,4,2022;2023;2024;2025,59.38497946022024
5,163,PA,520,525,5,5,16839275.0,5,4,2022;2023;2024;2025,29.69248973011012
5,163,PA,525,530,5,1,16839275.0,5,4,2022;2023;2024;2025,5.938497946022022
5,163,PA,530,535,5,5,16839275.0,5,4,2022;2023;2024;2025,29.69248973011012
5,163,PA,535,540,5,4,16839275.0,5,4,2022;2023;2024;2025,23.75399178408809
5,163,PA,540,545,5,2,16839275.0,5,4,2022;2023;2024;2025,11.876995892044045
5,163,PA,545,550,5,6,16839275.0,5,4,2022;2023;2024;2025,35.630987676132136
5,163,PA,550,555,5,4,16839275.0,5,4,2022;2023;2024;2025,23.75399178408809
5,163,PA,555,560,5,1,16839275.0,5,4,2022;2023;2024;2025,5.938497946022022
5,163,PA,560,565,5,8,16839275.0,5,4,2022;2023;2024;2025,47.50798356817618
5,163,PA,565,570,5,5,16839275.0,5,4,2022;2023;2024;2025,29.69248973011012
5,163,PA,570,575,5,13,17284575.0,5,4,2022;2023;2024;2025,75.21156869636656
5,163,PA,575,580,5,10,19065775.0,5,4,2022;2023;2024;2025,52.45000531056304
5,163,PA,580,585,5,7,19065775.0,5,4,2022;2023;2024;2025,36.715003717394126
5,163,PA,585,590,5,7,19065775.0,5,4,2022;2023;2024;2025,36.715003717394126
5,163,PA,590,595,5,9,19065775.0,5,4,2022;2023;2024;2025,47.20500477950673
5,163,PA,595,600,5,5,19065775.0,5,4,2022;2023;2024;2025,26.22500265528152
5,163,PA,600,605,5,4,19065775.0,5,4,2022;2023;2024;2025,20.980002124225216
5,163,PA,605,610,5,6,19065775.0,5,4,2022;2023;2024;2025,31.470003186337824
5,163,PA,610,615,5,7,19065775.0,5,4,2022;2023;2024;2025,36.715003717394126
5,163,PA,615,620,5,20,19065775.0,5,4,2022;2023;2024;2025,104.90001062112609
5,163,PA,620,625,5,16,19065775.0,5,4,2022;2023;2024;2025,83.92000849690086
5,163,PA,625,630,5,17,27970734.750000007,5,6,2019;2020;2022;2023;2024;2025,60.77780992149302
5,163,PA,630,635,5,1,27970734.750000007,5,6,2019;2020;2022;2023;2024;2025,3.5751652894995893
5,163,PA,635,640,5,6,27970734.750000007,5,6,2019;2020;2022;2023;2024;2025,21.450991736997537
5,163,PA,640,645,5,9,30135841.750000007,5,8,2017;2018;2019;2020;2022;2023;2024;2025,29.864770576717
5,163,PA,645,650,5,9,33383502.250000007,5,8,2017;2018;2019;2020;2022;2023;2024;2025,26.9594242467475
5,163,PA,650,655,5,18,33383502.250000007,5,8,2017;2018;2019;2020;2022;2023;2024;2025,53.918848493495
5,163,PA,655,660,5,10,33383502.250000007,5,8,2017;2018;2019;2020;2022;2023;2024;2025,29.954915829719443
5,163,PA,660,665,5,1,33383502.250000007,5,8,2017;2018;2019;2020;2022;2023;2024;2025,2.995491582971945
5,163,PA,665,670,5,10,33383502.250000007,5,8,2017;2018;2019;2020;2022;2023;2024;2025,29.954915829719443
5,163,PA,670,675,4,9,26706801.800000004,4,8,2017;2018;2019;2020;2022;2023;2024;2025,33.69928030843438
5,163,PA,830,835,1,0,4304404.85,1,8,2017;2018;2019;2020;2022;2023;2024;2025,0.0
5,163,PA,835,840,5,0,21522024.25,5,8,2017;2018;2019;2020;2022;2023;2024;2025,0.0
5,163,PA,840,845,5,2,21522024.25,5,8,2017;2018;2019;2020;2022;2023;2024;2025,9.292806182020728
5,163,PA,845,850,5,0,21522024.25,5,8,2017;2018;2019;2020;2022;2023;2024;2025,0.0
5,163,PA,850,855,5,1,21522024.25,5,8,2017;2018;2019;2020;2022;2023;2024;2025,4.646403091010364
5,163,PA,855,860,5,0,21522024.25,5,8,2017;2018;2019;2020;2022;2023;2024;2025,0.0
5,163,PA,860,865,5,3,20213382.450000003,5,8,2017;2018;2019;2020;2022;2023;2024;2025,14.841652590410467
5,163,PA,865,870,5,1,19886222.0,5,8,2017;2018;2019;2020;2022;2023;2024;2025,5.028607243748963
5,163,PA,870,875,5,0,19886222.0,5,8,2017;2018;2019;2020;2022;2023;2024;2025,0.0
5,163,PA,875,880,5,9,19886222.0,5,8,2017;2018;2019;2020;2022;2023;2024;2025,45.25746519374067
5,163,PA,880,885,5,7,19886222.0,5,8,2017;2018;2019;2020;2022;2023;2024;2025,35.20025070624275
5,163,PA,885,890,5,1,19886222.0,5,8,2017;2018;2019;2020;2022;2023;2024;2025,5.028607243748963
5,163,PA,890,895,5,3,19886222.0,5,8,2017;2018;2019;2020;2022;2023;2024;2025,15.08582173124689
5,163,PA,895,900,5,2,20328602.0,5,8,2017;2018;2019;2020;2022;2023;2024;2025,9.838354846044012
5,163,PA,900,905,5,2,20623522.0,5,8,2017;2018;2019;2020;2022;2023;2024;2025,9.697664637494993
5,163,PA,905,910,5,1,20623522.0,5,8,2017;2018;2019;2020;2022;2023;2024;2025,4.848832318747497
5,163,PA,910,915,5,1,20623522.0,5,8,2017;2018;2019;2020;2022;2023;2024;2025,4.848832318747497
5,163,PA,915,920,5,3,20623522.0,5,8,2017;2018;2019;2020;2022;2023;2024;2025,14.546496956242487
5,163,PA,920,925,5,6,20623522.0,5,8,2017;2018;2019;2020;2022;2023;2024;2025,29.092993912484975
5,163,PA,925,930,5,5,20623522.0,5,8,2017;2018;2019;2020;2022;2023;2024;2025,24.24416159373748
5,163,PA,930,935,5,1,20623522.0,5,8,2017;2018;2019;2020;2022;2023;2024;2025,4.848832318747497
5,163,PA,935,940,5,6,20623522.0,5,8,2017;2018;2019;2020;2022;2023;2024;2025,29.092993912484975
5,163,PA,940,945,5,1,20623522.0,5,8,2017;2018;2019;2020;2022;2023;2024;2025,4.848832318747497
5,163,PA,945,950,5,3,20623522.0,5,8,2017;2018;2019;2020;2022;2023;2024;2025,14.546496956242487
5,163,PA,950,955,5,4,20623522.0,5,8,2017;2018;2019;2020;2022;2023;2024;2025,19.395329274989987
5,163,PA,955,960,5,2,20623522.0,5,8,2017;2018;2019;2020;2022;2023;2024;2025,9.697664637494993
5,163,PA,960,965,5,9,20623522.0,5,8,2017;2018;2019;2020;2022;2023;2024;2025,43.639490868727464
5,163,PA,965,970,5,16,20211520.95,5,8,2017;2018;2019;2020;2022;2023;2024;2025,79.16277077604099
5,163,PA,970,975,5,15,18266373.900000002,5,8,2017;2018;2019;2020;2022;2023;2024;2025,82.11810445859754
5,163,PA,975,980,5,20,20981331.5,5,8,2017;2018;2019;2020;2022;2023;2024;2025,95.32283496879118
5,163,PA,980,985,5,64,20981331.5,5,8,2017;2018;2019;2020;2022;2023;2024;2025,305.0330719001318
5,163,PR,0,5,2,2,3081286.1999999997,2,1,2017,64.90795953975324
5,163,PR,5,10,1,11,10494286.55,1,5,2017;2018;2019;2020;2022,104.81894074066425
5,163,PR,10,15,5,79,49813192.49999999,5,8,2017;2018;2019;2020;2022;2023;2024;2025,158.5925254640124
5,163,PR,15,20,5,27,49813192.49999999,5,8,2017;2018;2019;2020;2022;2023;2024;2025,54.20250870289031
5,163,PR,20,25,5,38,49813192.49999999,5,8,2017;2018;2019;2020;2022;2023;2024;2025,76.28501224851229
5,163,PR,25,30,5,28,48106087.49999999,5,8,2017;2018;2019;2020;2022;2023;2024;2025,58.20469186981794
5,163,PR,30,35,5,70,46968017.49999999,5,8,2017;2018;2019;2020;2022;2023;2024;2025,149.0375871197885
5,163,PR,35,40,5,76,31218398.9,5,8,2017;2018;2019;2020;2022;2023;2024;2025,243.4461813478846
5,163,PR,40,45,5,28,40078149.75,5,8,2017;2018;2019;2020;2022;2023;2024;2025,69.86350461450631
5,163,PR,45,50,5,16,40078149.75,5,8,2017;2018;2019;2020;2022;2023;2024;2025,39.922002636860746
5,163,PR,50,55,5,28,40078149.75,5,8,2017;2018;2019;2020;2022;2023;2024;2025,69.86350461450631
5,163,PR,55,60,5,26,40078149.75,5,8,2017;2018;2019;2020;2022;2023;2024;2025,64.87325428489872
5,163,PR,60,65,5,31,40078149.75,5,8,2017;2018;2019;2020;2022;2023;2024;2025,77.3488801089177
5,163,PR,65,70,5,23,34745397.55,5,8,2017;2018;2019;2020;2022;2023;2024;2025,66.19581763858679
5,163,PR,70,75,5,14,33412209.5,5,8,2017;2018;2019;2020;2022;2023;2024;2025,41.90085064563001
5,163,PR,75,80,5,32,33412209.5,5,8,2017;2018;2019;2020;2022;2023;2024;2025,95.77337290429715
5,163,PR,80,85,5,69,33578744.4,5,8,2017;2018;2019;2020;2022;2023;2024;2025,205.48713548681707
5,163,PR,85,90,5,38,26268666.75,5,8,2017;2018;2019;2020;2022;2023;2024;2025,144.6590356550928
5,163,PR,90,95,5,22,27242479.450000007,5,8,2017;2018;2019;2020;2022;2023;2024;2025,80.75623234066528
5,163,PR,95,100,5,31,28092681.250000007,5,8,2017;2018;2019;2020;2022;2023;2024;2025,110.34902551354008
5,163,PR,100,105,5,10,28092681.250000007,5,8,2017;2018;2019;2020;2022;2023;2024;2025,35.59645984307745
5,163,PR,105,110,5,11,28092681.250000007,5,8,2017;2018;2019;2020;2022;2023;2024;2025,39.15610582738519
5,163,PR,110,115,5,8,28092681.250000007,5,8,2017;2018;2019;2020;2022;2023;2024;2025,28.47716787446196
5,163,PR,115,120,5,14,28092681.250000007,5,8,2017;2018;2019;2020;2022;2023;2024;2025,49.835043780308425
5,163,PR,120,125,5,16,39952513.10000001,5,8,2017;2018;2019;2020;2022;2023;2024;2025,40.04754334214835
5,163,PR,125,130,5,32,87391840.5,5,8,2017;2018;2019;2020;2022;2023;2024;2025,36.616690776755064
5,163,PR,130,135,5,32,87391840.5,5,8,2017;2018;2019;2020;2022;2023;2024;2025,36.616690776755064
5,163,PR,135,140,5,38,87391840.5,5,8,2017;2018;2019;2020;2022;2023;2024;2025,43.48232029739665
5,163,PR,140,145,5,75,98956748.69999999,5,8,2017;2018;2019;2020;2022;2023;2024;2025,75.79068733085812
5,163,PR,145,150,5,51,101423115.74999999,5,8,2017;2018;2019;2020;2022;2023;2024;2025,50.28439485699788
5,163,PR,150,155,5,74,99723675.74999999,5,8,2017;2018;2019;2020;2022;2023;2024;2025,74.20504653830915
5,163,PR,155,160,5,70,99723675.74999999,5,8,2017;2018;2019;2020;2022;2023;2024;2025,70.19396294164379
5,163,PR,160,165,5,47,91587825.74999999,5,8,2017;2018;2019;2020;2022;2023;2024;2025,51.31686402108962
5,163,PR,165,170,5,57,89991355.89999999,5,8,2017;2018;2019;2020;2022;2023;2024;2025,63.33941680280873
5,163,PR,170,175,5,35,129260150.99999997,5,8,2017;2018;2019;2020;2022;2023;2024;2025,27.0771770953602
5,163,PR,175,180,5,49,129260150.99999997,5,8,2017;2018;2019;2020;2022;2023;2024;2025,37.90804793350428
5,163,PR,180,185,5,52,114395890.99999997,5,8,2017;2018;2019;2020;2022;2023;2024;2025,45.45617814192296
5,163,PR,185,190,5,50,129260150.99999997,5,8,2017;2018;2019;2020;2022;2023;2024;2025,38.681681564800286
5,163,PR,190,195,5,19,94971339.25000001,5,8,2017;2018;2019;2020;2022;2023;2024;2025,20.00603566301714
5,163,PR,195,200,5,29,62770557.45,5,8,2017;2018;2019;2020;2022;2023;2024;2025,46.200003916007915
5,163,PR,200,205,5,13,18098050.5,5,4,2017;2018;2024;2025,71.83094112816184
5,163,PR,205,210,5,11,18098050.5,5,4,2017;2018;2024;2025,60.780027108444635
5,163,PR,210,215,5,43,154273006.05,5,8,2017;2018;2019;2020;2022;2023;2024;2025,27.87266619155892
5,163,PR,215,220,5,38,245056309.75,5,8,2017;2018;2019;2020;2022;2023;2024;2025,15.506640101928653
5,163,PR,220,225,5,17,245056309.75,5,8,2017;2018;2019;2020;2022;2023;2024;2025,6.93718109823124
5,163,PR,225,230,5,19,245056309.75,5,8,2017;2018;2019;2020;2022;2023;2024;2025,7.7533200509643265
5,163,PR,230,235,5,29,245056309.75,5,8,2017;2018;2019;2020;2022;2023;2024;2025,11.834014814629763
5,163,PR,235,240,5,29,214889789.75,5,8,2017;2018;2019;2020;2022;2023;2024;2025,13.495289857064975
5,163,PR,240,245,5,14,167688077.35000002,5,8,2017;2018;2019;2020;2022;2023;2024;2025,8.348834467687931
5,163,PR,245,250,5,58,146729580.25,5,8,2017;2018;2019;2020;2022;2023;2024;2025,39.52849854894886
5,163,PR,250,255,5,55,146729580.25,5,8,2017;2018;2019;2020;2022;2023;2024;2025,37.48392103779633
5,163,PR,255,260,5,54,146729580.25,5,8,2017;2018;2019;2020;2022;2023;2024;2025,36.80239520074549
5,163,PR,260,265,5,23,146729580.25,5,8,2017;2018;2019;2020;2022;2023;2024;2025,15.675094252169377
5,163,PR,265,270,5,42,146729580.25,5,8,2017;2018;2019;2020;2022;2023;2024;2025,28.62408515613538
5,163,PR,270,275,5,42,146729580.25,5,8,2017;2018;2019;2020;2022;2023;2024;2025,28.62408515613538
5,163,PR,275,280,5,53,120907421.64999999,5,8,2017;2018;2019;2020;2022;2023;2024;2025,43.8351916505367
5,163,PR,280,285,5,105,33669439.6,5,7,2018;2019;2020;2022;2023;2024;2025,311.8555023410606
5,163,PR,285,290,5,93,24347602.4,4,7,2018;2019;2020;2022;2023;2024;2025,381.96779490698435
5,163,PR,290,295,5,36,31730983.0,5,7,2018;2019;2020;2022;2023;2024;2025,113.45378111986004
5,163,PR,295,300,5,21,32055103.0,5,7,2018;2019;2020;2022;2023;2024;2025,65.51219005597954
5,163,PR,300,305,5,19,37059318.7,5,7,2018;2019;2020;2022;2023;2024;2025,51.26915622439654
5,163,PR,305,310,5,22,40395462.5,5,7,2018;2019;2020;2022;2023;2024;2025,54.461562359881384
5,163,PR,310,315,5,16,40395462.5,5,7,2018;2019;2020;2022;2023;2024;2025,39.608408989004644
5,163,PR,315,320,5,24,40395462.5,5,7,2018;2019;2020;2022;2023;2024;2025,59.412613483506966
5,163,PR,320,325,5,15,40395462.5,5,7,2018;2019;2020;2022;2023;2024;2025,37.13288342719185
5,163,PR,325,330,5,11,40395462.5,5,7,2018;2019;2020;2022;2023;2024;2025,27.230781179940692
5,163,PR,330,335,5,19,46477574.300000004,5,8,2017;2018;2019;2020;2022;2023;2024;2025,40.87993034524609
5,163,PR,335,340,5,7,50532315.50000001,5,8,2017;2018;2019;2020;2022;2023;2024;2025,13.85252175907118
5,163,PR,340,345,4,15,40425852.400000006,4,8,2017;2018;2019;2020;2022;2023;2024;2025,37.10496899751209
5,163,PR,350,355,3,38,37479057.75,3,8,2017;2018;2019;2020;2022;2023;2024;2025,101.3899555679198
5,163,SC,60,65,1,0,3699866.3,1,4,2018;2019;2020;2022,0.0
5,163,SC,65,70,5,202,32816412.7,5,5,2017;2018;2019;2020;2022,615.5456473766251
5,163,SC,70,75,5,260,62116108.79999999,5,8,2017;2018;2019;2020;2022;2023;2024;2025,418.57097139993425
5,163,SC,75,80,5,85,74666130.1,5,8,2017;2018;2019;2020;2022;2023;2024;2025,113.84010378756726
5,163,SC,80,85,5,62,80262186.0,5,8,2017;2018;2019;2020;2022;2023;2024;2025,77.24683700989654
5,163,SC,85,90,5,57,79171007.55,5,8,2017;2018;2019;2020;2022;2023;2024;2025,71.99605229730336
5,163,SC,90,95,5,40,68793703.5,5,8,2017;2018;2019;2020;2022;2023;2024;2025,58.144856236733936
5,163,SC,95,100,5,36,68793703.5,5,8,2017;2018;2019;2020;2022;2023;2024;2025,52.330370613060545
5,163,SC,100,105,2,25,23615266.400000002,2,8,2017;2018;2019;2020;2022;2023;2024;2025,105.86372212172037
5,163,SC,110,115,5,42,59057580.35,5,8,2017;2018;2019;2020;2022;2023;2024;2025,71.11703485156414
5,163,SC,115,120,5,30,58809749.0,5,8,2017;2018;2019;2020;2022;2023;2024;2025,51.01195041658824
5,163,SC,120,125,3,16,35285849.400000006,3,8,2017;2018;2019;2020;2022;2023;2024;2025,45.34395592585621
5,364,AC,0,5,5,0,2373357.75,5,1,2017,0.0
5,364,AC,5,10,5,5,18004617.800000004,5,8,2017;2018;2019;2020;2022;2023;2024;2025,27.770653370936863
5,364,AC,10,15,5,5,23045935.750000004,5,8,2017;2018;2019;2020;2022;2023;2024;2025,21.69579944264142
5,364,AC,15,20,5,6,23045935.750000004,5,8,2017;2018;2019;2020;2022;2023;2024;2025,26.0349593311697
5,364,AC,20,25,5,2,23045935.750000004,5,8,2017;2018;2019;2020;2022;2023;2024;2025,8.678319777056567
5,364,AC,25,30,5,3,23045935.750000004,5,8,2017;2018;2019;2020;2022;2023;2024;2025,13.01747966558485
5,364,AC,30,35,5,5,25229745.35,5,8,2017;2018;2019;2020;2022;2023;2024;2025,19.817877392884583
5,364,AC,35,40,5,6,25775697.750000004,5,8,2017;2018;2019;2020;2022;2023;2024;2025,23.277740366892683
5,364,AC,40,45,5,3,25775697.750000004,5,8,2017;2018;2019;2020;2022;2023;2024;2025,11.638870183446341
5,364,AC,45,50,5,8,25775697.750000004,5,8,2017;2018;2019;2020;2022;2023;2024;2025,31.03698715585691
5,364,AC,50,55,5,7,25775697.750000004,5,8,2017;2018;2019;2020;2022;2023;2024;2025,27.157363761374796
5,364,AC,55,60,5,5,25775697.750000004,5,8,2017;2018;2019;2020;2022;2023;2024;2025,19.39811697241057
5,364,AC,60,65,5,6,25775697.750000004,5,8,2017;2018;2019;2020;2022;2023;2024;2025,23.277740366892683
5,364,AC,65,70,5,12,25775697.750000004,5,8,2017;2018;2019;2020;2022;2023;2024;2025,46.555480733785366
5,364,AC,70,75,5,8,25775697.750000004,5,8,2017;2018;2019;2020;2022;2023;2024;2025,31.03698715585691
5,364,AC,75,80,5,4,25775697.750000004,5,8,2017;2018;2019;2020;2022;2023;2024;2025,15.518493577928455
5,364,AC,80,85,5,7,25775697.750000004,5,8,2017;2018;2019;2020;2022;2023;2024;2025,27.157363761374796
5,364,AC,85,90,5,9,25775697.750000004,5,8,2017;2018;2019;2020;2022;2023;2024;2025,34.91661055033902
5,364,AC,90,95,5,11,25775697.750000004,5,8,2017;2018;2019;2020;2022;2023;2024;2025,42.675857339303256
5,364,AC,95,100,5,20,22675592.150000002,5,8,2017;2018;2019;2020;2022;2023;2024;2025,88.20056326511411
5,364,AC,100,105,5,2,10275169.75,5,3,2018;2024;2025,19.464398629521426
5,364,AC,105,110,5,10,10275169.75,5,3,2018;2024;2025,97.32199314760713
5,364,AC,110,115,5,14,10275169.75,5,3,2018;2024;2025,136.25079040664997
5,364,AC,115,120,5,25,10275169.75,5,3,2018;2024;2025,243.30498286901783
5,364,AC,120,125,5,143,4252669.75,5,3,2018;2024;2025,3362.593580185717
5,364,AC,125,130,5,29,4037235.8,4,1,2017,718.3132577988138
5,364,AC,130,135,5,32,2242950.55,3,1,2017,1426.6921756255394
5,364,AC,135,140,5,72,3084104.0,5,1,2017,2334.5516234212596
5,364,AC,140,145,5,8,3084104.0,5,1,2017,259.3946248245844
5,364,AC,145,150,5,4,3084104.0,5,1,2017,129.6973124122922
5,364,AC,150,155,5,19,24224684.999999996,5,8,2017;2018;2019;2020;2022;2023;2024;2025,78.43239241294573
5,364,AC,155,160,5,21,24224684.999999996,5,8,2017;2018;2019;2020;2022;2023;2024;2025,86.6884337195716
5,364,AC,160,165,5,6,24224684.999999996,5,8,2017;2018;2019;2020;2022;2023;2024;2025,24.7681239198776
5,364,AC,165,170,5,8,24224684.999999996,5,8,2017;2018;2019;2020;2022;2023;2024;2025,33.02416522650347
5,364,AC,170,175,5,6,24224684.999999996,5,8,2017;2018;2019;2020;2022;2023;2024;2025,24.7681239198776
5,364,AC,175,180,5,10,24224684.999999996,5,8,2017;2018;2019;2020;2022;2023;2024;2025,41.28020653312934
5,364,AC,180,185,5,1,24224684.999999996,5,8,2017;2018;2019;2020;2022;2023;2024;2025,4.128020653312934
5,364,AC,185,190,5,6,24224684.999999996,5,8,2017;2018;2019;2020;2022;2023;2024;2025,24.7681239198776
5,364,AC,190,195,5,6,24224684.999999996,5,8,2017;2018;2019;2020;2022;2023;2024;2025,24.7681239198776
5,364,AC,195,200,5,5,24224684.999999996,5,8,2017;2018;2019;2020;2022;2023;2024;2025,20.64010326656467
5,364,AC,200,205,5,5,24224684.999999996,5,8,2017;2018;2019;2020;2022;2023;2024;2025,20.64010326656467
5,364,AC,205,210,5,3,24224684.999999996,5,8,2017;2018;2019;2020;2022;2023;2024;2025,12.3840619599388
5,364,AC,210,215,5,5,24224684.999999996,5,8,2017;2018;2019;2020;2022;2023;2024;2025,20.64010326656467
5,364,AC,215,220,5,4,14599634.999999996,5,8,2017;2018;2019;2020;2022;2023;2024;2025,27.397945222603173
5,364,AC,220,225,5,5,14599634.999999996,5,8,2017;2018;2019;2020;2022;2023;2024;2025,34.24743152825397
5,364,AC,225,230,5,3,14599634.999999996,5,8,2017;2018;2019;2020;2022;2023;2024;2025,20.54845891695238
5,364,AC,230,235,5,5,14599634.999999996,5,8,2017;2018;2019;2020;2022;2023;2024;2025,34.24743152825397
5,364,AC,235,240,5,3,14599634.999999996,5,8,2017;2018;2019;2020;2022;2023;2024;2025,20.54845891695238
5,364,AC,240,245,5,1,14599634.999999996,5,8,2017;2018;2019;2020;2022;2023;2024;2025,6.849486305650793
5,364,AC,245,250,5,1,14599634.999999996,5,8,2017;2018;2019;2020;2022;2023;2024;2025,6.849486305650793
5,364,AC,250,255,5,5,14599634.999999996,5,8,2017;2018;2019;2020;2022;2023;2024;2025,34.24743152825397
5,364,AC,255,260,5,3,14599634.999999996,5,8,2017;2018;2019;2020;2022;2023;2024;2025,20.54845891695238
5,364,AC,260,265,5,7,14599634.999999996,5,8,2017;2018;2019;2020;2022;2023;2024;2025,47.946404139555554
5,364,AC,265,270,4,9,11679707.999999998,4,8,2017;2018;2019;2020;2022;2023;2024;2025,77.05672093857142
5,364,AC,270,275,2,8,5031349.8,2,7,2018;2019;2020;2022;2023;2024;2025,159.00305719153138
5,364,AC,275,280,5,3,12578374.500000002,5,7,2018;2019;2020;2022;2023;2024;2025,23.850458578729704
5,364,AC,280,285,5,2,12578374.500000002,5,7,2018;2019;2020;2022;2023;2024;2025,15.900305719153137
5,364,AC,285,290,5,0,12578374.500000002,5,7,2018;2019;2020;2022;2023;2024;2025,0.0
5,364,AC,290,295,5,1,12578374.500000002,5,7,2018;2019;2020;2022;2023;2024;2025,7.950152859576568
5,364,AC,295,300,5,0,12578374.500000002,5,7,2018;2019;2020;2022;2023;2024;2025,0.0
5,364,AC,300,305,5,1,12578374.500000002,5,7,2018;2019;2020;2022;2023;2024;2025,7.950152859576568
5,364,AC,305,310,5,3,12578374.500000002,5,7,2018;2019;2020;2022;2023;2024;2025,23.850458578729704
5,364,AC,310,315,5,4,12578374.500000002,5,7,2018;2019;2020;2022;2023;2024;2025,31.800611438306273
5,364,AC,315,320,5,1,12578374.500000002,5,7,2018;2019;2020;2022;2023;2024;2025,7.950152859576568
5,364,AC,320,325,5,2,12578374.500000002,5,7,2018;2019;2020;2022;2023;2024;2025,15.900305719153137
5,364,AC,325,330,5,0,12578374.500000002,5,7,2018;2019;2020;2022;2023;2024;2025,0.0
5,364,AC,330,335,5,0,12578374.500000002,5,7,2018;2019;2020;2022;2023;2024;2025,0.0
5,364,AC,335,340,5,1,12578374.500000002,5,7,2018;2019;2020;2022;2023;2024;2025,7.950152859576568
5,364,AC,340,345,5,0,12578374.500000002,5,7,2018;2019;2020;2022;2023;2024;2025,0.0
5,364,AC,345,350,5,1,12578374.500000002,5,7,2018;2019;2020;2022;2023;2024;2025,7.950152859576568
5,364,AC,350,355,5,2,13864780.499999998,5,7,2018;2019;2020;2022;2023;2024;2025,14.425039040466599
5,364,AC,355,360,5,1,14186381.999999996,5,7,2018;2019;2020;2022;2023;2024;2025,7.049013624474515
5,364,AC,360,365,5,0,14186381.999999996,5,7,2018;2019;2020;2022;2023;2024;2025,0.0
5,364,AC,365,370,5,1,14186381.999999996,5,7,2018;2019;2020;2022;2023;2024;2025,7.049013624474515
5,364,AC,370,375,5,1,14186381.999999996,5,7,2018;2019;2020;2022;2023;2024;2025,7.049013624474515
5,364,AC,375,380,5,2,14186381.999999996,5,7,2018;2019;2020;2022;2023;2024;2025,14.09802724894903
5,364,AC,380,385,5,0,14186381.999999996,5,7,2018;2019;2020;2022;2023;2024;2025,0.0
5,364,AC,385,390,5,0,14186381.999999996,5,7,2018;2019;2020;2022;2023;2024;2025,0.0
5,364,AC,390,395,5,0,14186381.999999996,5,7,2018;2019;2020;2022;2023;2024;2025,0.0
5,364,AC,395,400,5,0,14186381.999999996,5,7,2018;2019;2020;2022;2023;2024;2025,0.0
5,364,AC,400,405,5,0,14186381.999999996,5,7,2018;2019;2020;2022;2023;2024;2025,0.0
5,364,AC,405,410,5,0,14186381.999999996,5,7,2018;2019;2020;2022;2023;2024;2025,0.0
5,364,AC,410,415,5,0,14186381.999999996,5,7,2018;2019;2020;2022;2023;2024;2025,0.0
5,364,AC,415,420,5,1,14186381.999999996,5,7,2018;2019;2020;2022;2023;2024;2025,7.049013624474515
5,364,AC,420,425,5,1,14186381.999999996,5,7,2018;2019;2020;2022;2023;2024;2025,7.049013624474515
5,364,AC,425,430,5,1,15521683.399999999,5,7,2018;2019;2020;2022;2023;2024;2025,6.442600162814815
5,364,AC,430,435,5,2,15855508.75,5,7,2018;2019;2020;2022;2023;2024;2025,12.613912499023407
5,364,AC,435,440,5,1,15855508.75,5,7,2018;2019;2020;2022;2023;2024;2025,6.306956249511703
5,364,AC,440,445,5,0,15855508.75,5,7,2018;2019;2020;2022;2023;2024;2025,0.0
5,364,AC,445,450,5,0,15855508.75,5,7,2018;2019;2020;2022;2023;2024;2025,0.0
5,364,AC,450,455,5,0,15855508.75,5,7,2018;2019;2020;2022;2023;2024;2025,0.0
5,364,AC,455,460,5,1,15855508.75,5,7,2018;2019;2020;2022;2023;2024;2025,6.306956249511703
5,364,AC,460,465,5,1,15855508.75,5,7,2018;2019;2020;2022;2023;2024;2025,6.306956249511703
5,364,AC,465,470,5,0,15855508.75,5,7,2018;2019;2020;2022;2023;2024;2025,0.0
5,364,AC,470,475,5,1,15855508.75,5,7,2018;2019;2020;2022;2023;2024;2025,6.306956249511703
5,364,AC,475,480,5,1,15855508.75,5,7,2018;2019;2020;2022;2023;2024;2025,6.306956249511703
5,364,AC,480,485,5,0,15855508.75,5,7,2018;2019;2020;2022;2023;2024;2025,0.0
5,364,AC,485,490,5,0,15855508.75,5,7,2018;2019;2020;2022;2023;2024;2025,0.0
5,364,AC,490,495,5,0,19316029.950000003,5,8,2017;2018;2019;2020;2022;2023;2024;2025,0.0
5,364,AC,495,500,5,0,20181160.25,5,8,2017;2018;2019;2020;2022;2023;2024;2025,0.0
5,364,AC,500,505,5,0,20181160.25,5,8,2017;2018;2019;2020;2022;2023;2024;2025,0.0
5,364,AC,505,510,5,0,20181160.25,5,8,2017;2018;2019;2020;2022;2023;2024;2025,0.0
5,364,AC,510,515,5,2,20181160.25,5,8,2017;2018;2019;2020;2022;2023;2024;2025,9.910232985737279
5,364,AC,515,520,5,1,20181160.25,5,8,2017;2018;2019;2020;2022;2023;2024;2025,4.9551164928686395
5,364,AC,520,525,5,0,18662891.650000002,5,8,2017;2018;2019;2020;2022;2023;2024;2025,0.0
5,364,AC,525,530,5,1,16385488.75,5,7,2018;2019;2020;2022;2023;2024;2025,6.102961072796806
5,364,AC,530,535,5,0,16385488.75,5,7,2018;2019;2020;2022;2023;2024;2025,0.0
5,364,AC,535,540,4,1,7979932.95,4,7,2017;2018;2019;2020;2022;2024;2025,12.531433613110748
5,364,AC,540,545,5,1,20881062.35,5,8,2017;2018;2019;2020;2022;2023;2024;2025,4.789028370484225
5,364,AC,545,550,5,0,21677678.5,5,8,2017;2018;2019;2020;2022;2023;2024;2025,0.0
5,364,AC,550,555,5,0,21677678.5,5,8,2017;2018;2019;2020;2022;2023;2024;2025,0.0
5,364,AC,555,560,5,0,21677678.5,5,8,2017;2018;2019;2020;2022;2023;2024;2025,0.0
5,364,AC,560,565,5,0,21677678.5,5,8,2017;2018;2019;2020;2022;2023;2024;2025,0.0
5,364,AC,565,570,5,0,21677678.5,5,8,2017;2018;2019;2020;2022;2023;2024;2025,0.0
5,364,AC,570,575,5,0,21677678.5,5,8,2017;2018;2019;2020;2022;2023;2024;2025,0.0
5,364,AC,575,580,5,0,21677678.5,5,8,2017;2018;2019;2020;2022;2023;2024;2025,0.0
5,364,AC,580,585,5,1,21677678.5,5,8,2017;2018;2019;2020;2022;2023;2024;2025,4.613040090985757
5,364,AC,585,590,5,1,21677678.5,5,8,2017;2018;2019;2020;2022;2023;2024;2025,4.613040090985757
5,364,AC,590,595,5,0,21677678.5,5,8,2017;2018;2019;2020;2022;2023;2024;2025,0.0
5,364,AC,595,600,5,0,21677678.5,5,8,2017;2018;2019;2020;2022;2023;2024;2025,0.0
5,364,AC,600,605,5,0,21677678.5,5,8,2017;2018;2019;2020;2022;2023;2024;2025,0.0
5,364,AC,605,610,5,0,21677678.5,5,8,2017;2018;2019;2020;2022;2023;2024;2025,0.0
5,364,AC,610,615,5,0,21677678.5,5,8,2017;2018;2019;2020;2022;2023;2024;2025,0.0
5,364,AC,615,620,5,0,21677678.5,5,8,2017;2018;2019;2020;2022;2023;2024;2025,0.0
5,364,AC,620,625,5,0,20881062.35,5,8,2017;2018;2019;2020;2022;2023;2024;2025,0.0
5,364,AC,625,630,5,0,21677678.5,5,8,2017;2018;2019;2020;2022;2023;2024;2025,0.0
5,364,AC,630,635,5,0,21677678.5,5,8,2017;2018;2019;2020;2022;2023;2024;2025,0.0
5,364,AC,635,640,5,0,21677678.5,5,8,2017;2018;2019;2020;2022;2023;2024;2025,0.0
5,364,AC,640,645,5,0,21677678.5,5,8,2017;2018;2019;2020;2022;2023;2024;2025,0.0
5,364,AC,645,650,5,0,21677678.5,5,8,2017;2018;2019;2020;2022;2023;2024;2025,0.0
5,364,AC,650,655,5,0,21677678.5,5,8,2017;2018;2019;2020;2022;2023;2024;2025,0.0
5,364,AC,655,660,5,0,21677678.5,5,8,2017;2018;2019;2020;2022;2023;2024;2025,0.0
5,364,AC,660,665,5,0,21677678.5,5,8,2017;2018;2019;2020;2022;2023;2024;2025,0.0
5,364,AC,665,670,5,0,21677678.5,5,8,2017;2018;2019;2020;2022;2023;2024;2025,0.0
5,364,AC,670,675,5,0,21677678.5,5,8,2017;2018;2019;2020;2022;2023;2024;2025,0.0
5,364,AC,675,680,5,0,21677678.5,5,8,2017;2018;2019;2020;2022;2023;2024;2025,0.0
5,364,AC,680,685,5,0,20881062.35,5,8,2017;2018;2019;2020;2022;2023;2024;2025,0.0
5,364,AC,685,690,5,0,21677678.5,5,8,2017;2018;2019;2020;2022;2023;2024;2025,0.0
5,364,AC,690,695,5,0,21677678.5,5,8,2017;2018;2019;2020;2022;2023;2024;2025,0.0
5,364,AC,695,700,5,0,21677678.5,5,8,2017;2018;2019;2020;2022;2023;2024;2025,0.0
5,364,AC,700,705,5,1,21677678.5,5,8,2017;2018;2019;2020;2022;2023;2024;2025,4.613040090985757
5,364,AC,705,710,5,1,21677678.5,5,8,2017;2018;2019;2020;2022;2023;2024;2025,4.613040090985757
5,364,AC,710,715,5,0,21677678.5,5,8,2017;2018;2019;2020;2022;2023;2024;2025,0.0
5,364,AC,715,720,5,0,21677678.5,5,8,2017;2018;2019;2020;2022;2023;2024;2025,0.0
5,364,AC,720,725,5,0,21715470.599999998,5,8,2017;2018;2019;2020;2022;2023;2024;2025,0.0
5,364,AC,725,730,5,0,21866639.000000004,5,8,2017;2018;2019;2020;2022;2023;2024;2025,0.0
5,364,GO,0,5,5,28,34000699.0,5,8,2017;2018;2019;2020;2022;2023;2024;2025,82.35124813169281
5,364,GO,5,10,5,31,37268361.5,5,8,2017;2018;2019;2020;2022;2023;2024;2025,83.18047467689182
5,364,GO,10,15,5,12,42169855.25000001,5,8,2017;2018;2019;2020;2022;2023;2024;2025,28.456346195307365
5,364,GO,15,20,5,29,35740307.25,5,8,2017;2018;2019;2020;2022;2023;2024;2025,81.14088051103701
5,364,GO,20,25,5,25,32459552.2,5,8,2017;2018;2019;2020;2022;2023;2024;2025,77.01893065548822
5,364,GO,25,30,5,5,31343973.499999996,5,8,2017;2018;2019;2020;2022;2023;2024;2025,15.952029821617865
5,364,GO,30,35,5,11,31343973.499999996,5,8,2017;2018;2019;2020;2022;2023;2024;2025,35.0944656075593
5,364,GO,35,40,5,13,31343973.499999996,5,8,2017;2018;2019;2020;2022;2023;2024;2025,41.47527753620645
5,364,GO,40,45,5,5,31343973.499999996,5,8,2017;2018;2019;2020;2022;2023;2024;2025,15.952029821617865
5,364,GO,45,50,5,14,31343973.499999996,5,8,2017;2018;2019;2020;2022;2023;2024;2025,44.66568350053002
5,364,GO,50,55,5,9,31343973.499999996,5,8,2017;2018;2019;2020;2022;2023;2024;2025,28.713653678912156
5,364,GO,55,60,5,21,31078698.8,5,8,2017;2018;2019;2020;2022;2023;2024;2025,67.57039648004826
5,364,GO,60,65,5,17,30561526.65,5,8,2017;2018;2019;2020;2022;2023;2024;2025,55.62549343391522
5,364,GO,65,70,5,13,30382636.499999993,5,8,2017;2018;2019;2020;2022;2023;2024;2025,42.78759679068669
5,364,GO,70,75,5,9,30382636.499999993,5,8,2017;2018;2019;2020;2022;2023;2024;2025,29.622182393552325
5,364,GO,75,80,5,6,30382636.499999993,5,8,2017;2018;2019;2020;2022;2023;2024;2025,19.748121595701548
5,364,GO,80,85,5,12,30382636.499999993,5,8,2017;2018;2019;2020;2022;2023;2024;2025,39.496243191403096
5,364,GO,85,90,5,20,30382636.499999993,5,8,2017;2018;2019;2020;2022;2023;2024;2025,65.82707198567184
5,364,GO,90,95,5,8,46873756.24999999,5,8,2017;2018;2019;2020;2022;2023;2024;2025,17.067119514237778
5,364,GO,95,100,5,7,46873756.24999999,5,8,2017;2018;2019;2020;2022;2023;2024;2025,14.933729574958058
5,364,GO,100,105,5,10,46873756.24999999,5,8,2017;2018;2019;2020;2022;2023;2024;2025,21.33389939279723
5,364,GO,105,110,5,9,46873756.24999999,5,8,2017;2018;2019;2020;2022;2023;2024;2025,19.200509453517505
5,364,GO,110,115,5,27,38041668.74999999,5,8,2017;2018;2019;2020;2022;2023;2024;2025,70.97480443730537
5,364,GO,115,120,5,11,24793537.499999993,5,8,2017;2018;2019;2020;2022;2023;2024;2025,44.3663999136872
5,364,GO,120,125,5,11,24793537.499999993,5,8,2017;2018;2019;2020;2022;2023;2024;2025,44.3663999136872
5,364,GO,125,130,5,7,24793537.499999993,5,8,2017;2018;2019;2020;2022;2023;2024;2025,28.233163581437307
5,364,GO,130,135,5,7,24793537.499999993,5,8,2017;2018;2019;2020;2022;2023;2024;2025,28.233163581437307
5,364,GO,135,140,5,14,24793537.499999993,5,8,2017;2018;2019;2020;2022;2023;2024;2025,56.46632716287461
5,364,GO,140,145,5,3,24793537.499999993,5,8,2017;2018;2019;2020;2022;2023;2024;2025,12.099927249187417
5,364,GO,145,150,5,21,24793537.499999993,5,8,2017;2018;2019;2020;2022;2023;2024;2025,84.69949074431192
5,364,GO,150,155,5,7,19834829.999999996,4,8,2017;2018;2019;2020;2022;2023;2024;2025,35.29145447679663
5,364,GO,155,160,5,11,24793537.499999993,5,8,2017;2018;2019;2020;2022;2023;2024;2025,44.3663999136872
5,364,GO,160,165,5,6,24793537.499999993,5,8,2017;2018;2019;2020;2022;2023;2024;2025,24.199854498374833
5,364,GO,165,170,5,8,24793537.499999993,5,8,2017;2018;2019;2020;2022;2023;2024;2025,32.26647266449978
5,364,GO,170,175,5,26,24793537.499999993,5,8,2017;2018;2019;2020;2022;2023;2024;2025,104.86603615962429
5,364,GO,175,180,5,17,24795362.499999993,5,8,2017;2018;2019;2020;2022;2023;2024;2025,68.56120776617
5,364,GO,180,185,5,15,24795362.499999993,5,8,2017;2018;2019;2020;2022;2023;2024;2025,60.495183323091176
5,364,GO,185,190,5,12,24795362.499999993,5,8,2017;2018;2019;2020;2022;2023;2024;2025,48.396146658472944
5,364,GO,190,195,3,17,14877217.499999998,3,8,2017;2018;2019;2020;2022;2023;2024;2025,114.26867961028333
5,364,GO,235,240,5,17,68021330.64999999,5,8,2017;2018;2019;2020;2022;2023;2024;2025,24.992160308466417
5,364,GO,240,245,5,9,69509797.0,5,8,2017;2018;2019;2020;2022;2023;2024;2025,12.947815111587795
5,364,GO,245,250,5,8,69509797.0,5,8,2017;2018;2019;2020;2022;2023;2024;2025,11.50916898807804
5,364,GO,250,255,5,8,69509797.0,5,8,2017;2018;2019;2020;2022;2023;2024;2025,11.50916898807804
5,364,GO,255,260,5,6,72116024.75,5,8,2017;2018;2019;2020;2022;2023;2024;2025,8.319926147898217
5,364,GO,260,265,5,16,82540935.75,5,8,2017;2018;2019;2020;2022;2023;2024;2025,19.384321070045537
5,364,GO,265,270,5,16,82540935.75,5,8,2017;2018;2019;2020;2022;2023;2024;2025,19.384321070045537
5,364,GO,270,275,5,13,82540935.75,5,8,2017;2018;2019;2020;2022;2023;2024;2025,15.749760869412
5,364,GO,275,280,5,26,82540935.75,5,8,2017;2018;2019;2020;2022;2023;2024;2025,31.499521738824
5,364,GO,280,285,5,9,82540935.75,5,8,2017;2018;2019;2020;2022;2023;2024;2025,10.903680601900614
5,364,GO,285,290,5,19,82540935.75,5,8,2017;2018;2019;2020;2022;2023;2024;2025,23.018881270679078
5,364,GO,290,295,5,23,82540935.75,5,8,2017;2018;2019;2020;2022;2023;2024;2025,27.86496153819046
5,364,GO,295,300,5,23,64270378.95,5,8,2017;2018;2019;2020;2022;2023;2024;2025,35.78631459119474
5,364,GO,300,305,5,22,53158143.75,5,8,2017;2018;2019;2020;2022;2023;2024;2025,41.385944745295966
5,364,GO,305,310,5,20,53158143.75,5,8,2017;2018;2019;2020;2022;2023;2024;2025,37.62358613208724
5,364,GO,310,315,5,17,53152668.75,5,8,2017;2018;2019;2020;2022;2023;2024;2025,31.983342322769072
5,364,GO,315,320,5,18,53152668.75,5,8,2017;2018;2019;2020;2022;2023;2024;2025,33.864715400579016
5,364,GO,320,325,5,20,53152668.75,5,8,2017;2018;2019;2020;2022;2023;2024;2025,37.62746155619891
5,364,GO,325,330,5,4,43714845.49999999,5,8,2017;2018;2019;2020;2022;2023;2024;2025,9.150209623867939
5,364,GO,330,335,5,13,43714845.49999999,5,8,2017;2018;2019;2020;2022;2023;2024;2025,29.7381812775708
5,364,GO,335,340,5,1,43714845.49999999,5,8,2017;2018;2019;2020;2022;2023;2024;2025,2.2875524059669847
5,364,GO,340,345,5,3,43714845.49999999,5,8,2017;2018;2019;2020;2022;2023;2024;2025,6.862657217900954
5,364,GO,345,350,5,2,43714845.49999999,5,8,2017;2018;2019;2020;2022;2023;2024;2025,4.5751048119339695
5,364,GO,350,355,5,11,43714845.49999999,5,8,2017;2018;2019;2020;2022;2023;2024;2025,25.16307646563683
5,364,GO,355,360,5,9,43714845.49999999,5,8,2017;2018;2019;2020;2022;2023;2024;2025,20.587971653702862
5,364,GO,360,365,5,5,43714845.49999999,5,8,2017;2018;2019;2020;2022;2023;2024;2025,11.437762029834925
5,364,GO,365,370,5,10,43714845.49999999,5,8,2017;2018;2019;2020;2022;2023;2024;2025,22.87552405966985
5,364,GO,370,375,5,7,43714845.49999999,5,8,2017;2018;2019;2020;2022;2023;2024;2025,16.012866841768894
5,364,GO,375,380,5,5,43714845.49999999,5,8,2017;2018;2019;2020;2022;2023;2024;2025,11.437762029834925
5,364,GO,380,385,5,16,43714845.49999999,5,8,2017;2018;2019;2020;2022;2023;2024;2025,36.600838495471756
5,364,GO,385,390,3,14,10622277.45,3,4,2018;2019;2020;2022,131.79847792433628
5,364,MG,0,5,3,21,30876017.95,3,7,2017;2018;2019;2020;2022;2024;2025,68.01395190923576
5,364,MG,5,10,5,41,44027256.300000004,5,8,2017;2018;2019;2020;2022;2023;2024;2025,93.12413138040581
5,364,MG,10,15,5,23,54176055.75000001,5,8,2017;2018;2019;2020;2022;2023;2024;2025,42.45417958467749
5,364,MG,15,20,5,32,54176055.75000001,5,8,2017;2018;2019;2020;2022;2023;2024;2025,59.0666846395513
5,364,MG,20,25,5,28,54176055.75000001,5,8,2017;2018;2019;2020;2022;2023;2024;2025,51.68334905960738
5,364,MG,25,30,5,56,54176055.75000001,5,8,2017;2018;2019;2020;2022;2023;2024;2025,103.36669811921476
5,364,MG,30,35,5,75,30976582.750000004,5,8,2017;2018;2019;2020;2022;2023;2024;2025,242.1183789228655
5,364,MG,35,40,5,16,27915127.000000004,5,8,2017;2018;2019;2020;2022;2023;2024;2025,57.3165939742993
5,364,MG,40,45,1,2,5583025.4,1,8,2017;2018;2019;2020;2022;2023;2024;2025,35.822871233937065
5,364,MG,65,70,4,0,25026181.2,4,8,2017;2018;2019;2020;2022;2023;2024;2025,0.0
5,364,MG,70,75,5,0,31282726.5,5,8,2017;2018;2019;2020;2022;2023;2024;2025,0.0
5,364,MG,75,80,5,0,31309006.5,5,8,2017;2018;2019;2020;2022;2023;2024;2025,0.0
5,364,MG,80,85,5,0,31315576.5,5,8,2017;2018;2019;2020;2022;2023;2024;2025,0.0
5,364,MG,85,90,5,0,31315576.5,5,8,2017;2018;2019;2020;2022;2023;2024;2025,0.0
5,364,MG,90,95,5,0,31315576.5,5,8,2017;2018;2019;2020;2022;2023;2024;2025,0.0
5,364,MG,95,100,5,0,31315576.5,5,8,2017;2018;2019;2020;2022;2023;2024;2025,0.0
5,364,MG,100,105,5,0,31315576.5,5,8,2017;2018;2019;2020;2022;2023;2024;2025,0.0
5,364,MG,105,110,5,0,34538526.5,5,8,2017;2018;2019;2020;2022;2023;2024;2025,0.0
5,364,MG,110,115,5,0,34538526.5,5,8,2017;2018;2019;2020;2022;2023;2024;2025,0.0
5,364,MG,115,120,5,0,34538526.5,5,8,2017;2018;2019;2020;2022;2023;2024;2025,0.0
5,364,MG,120,125,5,0,34538526.5,5,8,2017;2018;2019;2020;2022;2023;2024;2025,0.0
5,364,MG,125,130,5,0,34538526.5,5,8,2017;2018;2019;2020;2022;2023;2024;2025,0.0
5,364,MG,170,175,2,0,5481796.3,2,6,2017;2018;2019;2020;2024;2025,0.0
5,364,MG,175,180,5,0,13704490.749999996,5,6,2017;2018;2019;2020;2024;2025,0.0
5,364,MG,180,185,5,0,13704490.749999996,5,6,2017;2018;2019;2020;2024;2025,0.0
5,364,MG,185,190,4,0,7131822.6,4,6,2017;2018;2019;2020;2024;2025,0.0
5,364,MG,200,205,3,0,2886409.0499999993,3,4,2017;2018;2019;2020,0.0
5,364,MG,205,210,5,0,4810681.749999998,5,4,2017;2018;2019;2020,0.0
5,364,MG,210,215,5,0,4810681.749999998,5,4,2017;2018;2019;2020,0.0
5,364,MG,215,220,5,0,4810681.749999998,5,4,2017;2018;2019;2020,0.0
5,364,MG,220,225,5,0,4810681.749999998,5,4,2017;2018;2019;2020,0.0
5,364,MG,225,230,5,0,4810681.749999998,5,4,2017;2018;2019;2020,0.0
5,364,MG,230,235,5,0,4810681.749999998,5,4,2017;2018;2019;2020,0.0
5,364,MG,235,240,5,0,4810681.749999998,5,4,2017;2018;2019;2020,0.0
5,364,MG,240,245,5,0,4810681.749999998,5,4,2017;2018;2019;2020,0.0
5,364,MG,245,250,5,0,4810681.749999998,5,4,2017;2018;2019;2020,0.0
5,364,MG,250,255,5,0,4810681.749999998,5,4,2017;2018;2019;2020,0.0
5,364,MG,255,260,5,0,4810681.749999998,5,4,2017;2018;2019;2020,0.0
5,364,MG,260,265,5,0,4810681.749999998,5,4,2017;2018;2019;2020,0.0
5,364,MG,265,270,5,0,4810681.749999998,5,4,2017;2018;2019;2020,0.0
5,364,MG,270,275,2,0,3609820.8000000003,2,4,2017;2018;2019;2020,0.0
5,364,MT,0,5,5,72,33423546.400000002,4,7,2018;2019;2020;2022;2023;2024;2025,215.41699716221615
5,364,MT,5,10,5,17,48587814.50000001,5,7,2018;2019;2020;2022;2023;2024;2025,34.98819647465312
5,364,MT,10,15,5,28,53215634.90000001,5,8,2017;2018;2019;2020;2022;2023;2024;2025,52.6161156446148
5,364,MT,15,20,5,35,52943337.60000001,5,8,2017;2018;2019;2020;2022;2023;2024;2025,66.10841247756922
5,364,MT,20,25,5,21,52586024.50000001,5,8,2017;2018;2019;2020;2022;2023;2024;2025,39.93456474352801
5,364,MT,25,30,5,15,52586024.50000001,5,8,2017;2018;2019;2020;2022;2023;2024;2025,28.52468910252
5,364,MT,30,35,5,8,52586024.50000001,5,8,2017;2018;2019;2020;2022;2023;2024;2025,15.213167521344001
5,364,MT,35,40,5,21,52586024.50000001,5,8,2017;2018;2019;2020;2022;2023;2024;2025,39.93456474352801
5,364,MT,40,45,5,15,52586024.50000001,5,8,2017;2018;2019;2020;2022;2023;2024;2025,28.52468910252
5,364,MT,45,50,5,27,52586024.50000001,5,8,2017;2018;2019;2020;2022;2023;2024;2025,51.344440384536
5,364,MT,50,55,5,25,52586024.50000001,5,8,2017;2018;2019;2020;2022;2023;2024;2025,47.5411485042
5,364,MT,55,60,5,56,50678432.3,5,8,2017;2018;2019;2020;2022;2023;2024;2025,110.50065571977058
5,364,MT,60,65,5,13,47817044.0,5,7,2017;2018;2019;2020;2022;2024;2025,27.18695869196766
5,364,MT,65,70,5,9,50010212.2,5,8,2017;2018;2019;2020;2022;2023;2024;2025,17.996324358727676
5,364,MT,70,75,5,12,53299964.5,5,8,2017;2018;2019;2020;2022;2023;2024;2025,22.514086289869855
5,364,MT,75,80,5,15,53299964.5,5,8,2017;2018;2019;2020;2022;2023;2024;2025,28.142607862337318
5,364,MT,80,85,5,9,53299964.5,5,8,2017;2018;2019;2020;2022;2023;2024;2025,16.885564717402392
5,364,MT,85,90,5,5,53299964.5,5,8,2017;2018;2019;2020;2022;2023;2024;2025,9.380869287445773
5,364,MT,90,95,5,15,53299964.5,5,8,2017;2018;2019;2020;2022;2023;2024;2025,28.142607862337318
5,364,MT,95,100,5,11,53299964.5,5,8,2017;2018;2019;2020;2022;2023;2024;2025,20.637912432380702
5,364,MT,100,105,5,12,53299964.5,5,8,2017;2018;2019;2020;2022;2023;2024;2025,22.514086289869855
5,364,MT,105,110,5,17,53299964.5,5,8,2017;2018;2019;2020;2022;2023;2024;2025,31.894955577315628
5,364,MT,110,115,5,18,53302154.5,5,8,2017;2018;2019;2020;2022;2023;2024;2025,33.76974189664322
5,364,MT,115,120,5,25,53305439.5,5,8,2017;2018;2019;2020;2022;2023;2024;2025,46.899528893294274
5,364,MT,120,125,5,14,53305439.5,5,8,2017;2018;2019;2020;2022;2023;2024;2025,26.26373618024479
5,364,MT,125,130,5,8,53305439.5,5,8,2017;2018;2019;2020;2022;2023;2024;2025,15.00784924585417
5,364,MT,130,135,5,39,53305439.5,5,8,2017;2018;2019;2020;2022;2023;2024;2025,73.16326507353907
5,364,MT,135,140,5,61,53305439.5,5,8,2017;2018;2019;2020;2022;2023;2024;2025,114.43485049963803
5,364,MT,140,145,5,29,53305439.5,5,8,2017;2018;2019;2020;2022;2023;2024;2025,54.40345351622136
5,364,MT,145,150,5,16,53305439.5,5,8,2017;2018;2019;2020;2022;2023;2024;2025,30.01569849170834
5,364,MT,150,155,5,26,53305439.5,5,8,2017;2018;2019;2020;2022;2023;2024;2025,48.775510049026046
5,364,MT,155,160,5,19,53305439.5,5,8,2017;2018;2019;2020;2022;2023;2024;2025,35.64364195890365
5,364,MT,160,165,5,31,53305439.5,5,8,2017;2018;2019;2020;2022;2023;2024;2025,58.155415827684905
5,364,MT,165,170,5,21,61554074.50000001,5,8,2017;2018;2019;2020;2022;2023;2024;2025,34.11634432095961
5,364,MT,170,175,5,17,63616233.250000015,5,8,2017;2018;2019;2020;2022;2023;2024;2025,26.722739042396846
5,364,MT,175,180,5,26,75377672.05000001,5,8,2017;2018;2019;2020;2022;2023;2024;2025,34.492972909475775
5,364,MT,180,185,5,34,83218631.25,5,8,2017;2018;2019;2020;2022;2023;2024;2025,40.85623554400866
5,364,MT,185,190,5,38,83218631.25,5,8,2017;2018;2019;2020;2022;2023;2024;2025,45.66285149036262
5,364,MT,190,195,5,36,83218631.25,5,8,2017;2018;2019;2020;2022;2023;2024;2025,43.25954351718564
5,364,MT,195,200,5,109,83218631.25,5,8,2017;2018;2019;2020;2022;2023;2024;2025,130.9802845381454
5,364,MT,200,205,1,33,16643726.25,1,8,2017;2018;2019;2020;2022;2023;2024;2025,198.27290778710088
5,364,MT,595,600,2,5,15770766.7,2,8,2017;2018;2019;2020;2022;2023;2024;2025,31.704229065794244
5,364,MT,600,605,5,20,39426916.75,5,8,2017;2018;2019;2020;2022;2023;2024;2025,50.72676650527079
5,364,MT,605,610,5,21,39426916.75,5,8,2017;2018;2019;2020;2022;2023;2024;2025,53.26310483053434
5,364,MT,610,615,5,15,39426916.75,5,8,2017;2018;2019;2020;2022;2023;2024;2025,38.045074878953095
5,364,MT,615,620,5,14,39426916.75,5,8,2017;2018;2019;2020;2022;2023;2024;2025,35.50873655368955
5,364,MT,620,625,5,16,30883989.549999997,5,8,2017;2018;2019;2020;2022;2023;2024;2025,51.80677831177417
5,364,MT,625,630,5,7,20195723.75,5,8,2017;2018;2019;2020;2022;2023;2024;2025,34.66080288407589
5,364,MT,630,635,5,7,20195723.75,5,8,2017;2018;2019;2020;2022;2023;2024;2025,34.66080288407589
5,364,MT,635,640,5,8,20195723.75,5,8,2017;2018;2019;2020;2022;2023;2024;2025,39.612346153229595
5,364,MT,640,645,5,2,18445548.75,5,8,2017;2018;2019;2020;2022;2023;2024;2025,10.84272431851614
5,364,MT,645,650,5,1,9653337.5,5,5,2017;2018;2019;2024;2025,10.359111550797845
5,364,MT,650,655,5,0,9479597.5,5,5,2017;2018;2019;2024;2025,0.0
5,364,MT,655,660,5,2,9479597.5,5,5,2017;2018;2019;2024;2025,21.097942185836477
5,364,MT,660,665,5,2,9479597.5,5,5,2017;2018;2019;2024;2025,21.097942185836477
5,364,MT,665,670,5,1,9479597.5,5,5,2017;2018;2019;2024;2025,10.548971092918238
5,364,MT,670,675,5,1,9479597.5,5,5,2017;2018;2019;2024;2025,10.548971092918238
5,364,MT,675,680,5,0,9479597.5,5,5,2017;2018;2019;2024;2025,0.0
5,364,MT,680,685,5,0,9479597.5,5,5,2017;2018;2019;2024;2025,0.0
5,364,MT,685,690,5,2,9479597.5,5,5,2017;2018;2019;2024;2025,21.097942185836477
5,364,MT,690,695,5,0,11049097.5,5,6,2017;2018;2019;2023;2024;2025,0.0
5,364,MT,695,700,5,0,19207449.75,5,8,2017;2018;2019;2020;2022;2023;2024;2025,0.0
5,364,MT,700,705,5,2,19207449.75,5,8,2017;2018;2019;2020;2022;2023;2024;2025,10.41262648624136
5,364,MT,705,710,5,2,19207449.75,5,8,2017;2018;2019;2020;2022;2023;2024;2025,10.41262648624136
5,364,MT,710,715,5,1,17232069.75,5,8,2017;2018;2019;2020;2022;2023;2024;2025,5.803133428008554
5,364,MT,715,720,5,2,16123199.75,5,6,2017;2018;2019;2020;2022;2023,12.404485654282114
5,364,MT,720,725,5,1,16123199.75,5,6,2017;2018;2019;2020;2022;2023,6.202242827141057
5,364,MT,725,730,5,0,16123199.75,5,6,2017;2018;2019;2020;2022;2023,0.0
5,364,MT,730,735,5,2,16123199.75,5,6,2017;2018;2019;2020;2022;2023,12.404485654282114
5,364,MT,735,740,5,1,16123199.75,5,6,2017;2018;2019;2020;2022;2023,6.202242827141057
5,364,MT,740,745,5,1,16123199.75,5,6,2017;2018;2019;2020;2022;2023,6.202242827141057
5,364,MT,745,750,5,0,16123199.75,5,6,2017;2018;2019;2020;2022;2023,0.0
5,364,MT,750,755,5,0,16123199.75,5,6,2017;2018;2019;2020;2022;2023,0.0
5,364,MT,755,760,5,0,15895516.4,5,6,2017;2018;2019;2020;2022;2023,0.0
5,364,MT,760,765,5,0,15749202.5,5,6,2017;2018;2019;2020;2022;2023,0.0
5,364,MT,765,770,5,0,15749202.5,5,6,2017;2018;2019;2020;2022;2023,0.0
5,364,MT,770,775,5,0,15749202.5,5,6,2017;2018;2019;2020;2022;2023,0.0
5,364,MT,775,780,5,0,15749202.5,5,6,2017;2018;2019;2020;2022;2023,0.0
5,364,MT,780,785,5,0,15749202.5,5,6,2017;2018;2019;2020;2022;2023,0.0
5,364,MT,785,790,5,0,15749202.5,5,6,2017;2018;2019;2020;2022;2023,0.0
5,364,MT,790,795,5,1,15749202.5,5,6,2017;2018;2019;2020;2022;2023,6.3495278570454605
5,364,MT,795,800,5,0,15749202.5,5,6,2017;2018;2019;2020;2022;2023,0.0
5,364,MT,800,805,5,0,15749202.5,5,6,2017;2018;2019;2020;2022;2023,0.0
5,364,MT,805,810,5,1,15749202.5,5,6,2017;2018;2019;2020;2022;2023,6.3495278570454605
5,364,MT,810,815,5,1,34878983.89999999,5,8,2017;2018;2019;2020;2022;2023;2024;2025,2.8670559981536625
5,364,MT,815,820,5,1,36165641.75,5,8,2017;2018;2019;2020;2022;2023;2024;2025,2.7650553166252054
5,364,MT,820,825,5,0,36165641.75,5,8,2017;2018;2019;2020;2022;2023;2024;2025,0.0
5,364,MT,825,830,5,0,36165641.75,5,8,2017;2018;2019;2020;2022;2023;2024;2025,0.0
5,364,MT,830,835,5,0,36165641.75,5,8,2017;2018;2019;2020;2022;2023;2024;2025,0.0
5,364,MT,835,840,5,1,36165641.75,5,8,2017;2018;2019;2020;2022;2023;2024;2025,2.7650553166252054
5,364,MT,840,845,5,1,36135711.75,5,8,2017;2018;2019;2020;2022;2023;2024;2025,2.7673455193531646
5,364,MT,845,850,5,0,35714301.0,5,8,2017;2018;2019;2020;2022;2023;2024;2025,0.0
5,364,MT,850,855,5,0,35714301.0,5,8,2017;2018;2019;2020;2022;2023;2024;2025,0.0
5,364,MT,855,860,5,1,35714301.0,5,8,2017;2018;2019;2020;2022;2023;2024;2025,2.799998801600513
5,364,MT,860,865,5,1,35714301.0,5,8,2017;2018;2019;2020;2022;2023;2024;2025,2.799998801600513
5,364,MT,865,870,5,0,35714301.0,5,8,2017;2018;2019;2020;2022;2023;2024;2025,0.0
5,364,MT,870,875,5,0,35714301.0,5,8,2017;2018;2019;2020;2022;2023;2024;2025,0.0
5,364,MT,875,880,5,1,35714301.0,5,8,2017;2018;2019;2020;2022;2023;2024;2025,2.799998801600513
5,364,MT,880,885,5,2,35714301.0,5,8,2017;2018;2019;2020;2022;2023;2024;2025,5.599997603201026
5,364,MT,885,890,3,0,14198602.2,3,8,2017;2018;2019;2020;2022;2023;2024;2025,0.0
5,364,MT,890,895,5,1,18847286.0,5,8,2017;2018;2019;2020;2022;2023;2024;2025,5.305803710942785
5,364,MT,895,900,5,0,19722264.000000004,5,8,2017;2018;2019;2020;2022;2023;2024;2025,0.0
5,364,MT,900,905,5,0,19722264.000000004,5,8,2017;2018;2019;2020;2022;2023;2024;2025,0.0
5,364,MT,905,910,5,0,19722264.000000004,5,8,2017;2018;2019;2020;2022;2023;2024;2025,0.0
5,364,MT,910,915,5,0,19722264.000000004,5,8,2017;2018;2019;2020;2022;2023;2024;2025,0.0
5,364,MT,915,920,5,1,19722264.000000004,5,8,2017;2018;2019;2020;2022;2023;2024;2025,5.070411794507972
5,364,MT,920,925,5,0,19722264.000000004,5,8,2017;2018;2019;2020;2022;2023;2024;2025,0.0
5,364,MT,925,930,5,1,19722264.000000004,5,8,2017;2018;2019;2020;2022;2023;2024;2025,5.070411794507972
5,364,MT,930,935,5,0,19722264.000000004,5,8,2017;2018;2019;2020;2022;2023;2024;2025,0.0
5,364,MT,935,940,5,0,19722264.000000004,5,8,2017;2018;2019;2020;2022;2023;2024;2025,0.0
5,364,MT,940,945,5,0,19722264.000000004,5,8,2017;2018;2019;2020;2022;2023;2024;2025,0.0
5,364,MT,945,950,5,0,19722264.000000004,5,8,2017;2018;2019;2020;2022;2023;2024;2025,0.0
5,364,MT,950,955,5,0,19722264.000000004,5,8,2017;2018;2019;2020;2022;2023;2024;2025,0.0
5,364,MT,955,960,5,1,19722264.000000004,5,8,2017;2018;2019;2020;2022;2023;2024;2025,5.070411794507972
5,364,MT,960,965,5,0,19722264.000000004,5,8,2017;2018;2019;2020;2022;2023;2024;2025,0.0
5,364,MT,965,970,5,0,19722264.000000004,5,8,2017;2018;2019;2020;2022;2023;2024;2025,0.0
5,364,MT,970,975,5,0,19722264.000000004,5,8,2017;2018;2019;2020;2022;2023;2024;2025,0.0
5,364,MT,975,980,5,0,19722264.000000004,5,8,2017;2018;2019;2020;2022;2023;2024;2025,0.0
5,364,MT,980,985,5,0,19722264.000000004,5,8,2017;2018;2019;2020;2022;2023;2024;2025,0.0
5,364,MT,985,990,5,1,17841419.0,5,8,2017;2018;2019;2020;2022;2023;2024;2025,5.604935347351015
5,364,MT,990,995,5,0,9294944.0,5,6,2017;2018;2019;2020;2022;2023,0.0
5,364,MT,995,1000,5,0,8426426.5,5,6,2017;2018;2019;2020;2022;2023,0.0
5,364,MT,1000,1005,5,0,8426426.5,5,6,2017;2018;2019;2020;2022;2023,0.0
5,364,MT,1005,1010,5,0,8426426.5,5,6,2017;2018;2019;2020;2022;2023,0.0
5,364,MT,1010,1015,5,0,8426426.5,5,6,2017;2018;2019;2020;2022;2023,0.0
5,364,MT,1015,1020,5,0,8426426.5,5,6,2017;2018;2019;2020;2022;2023,0.0
5,364,MT,1020,1025,5,0,8426426.5,5,6,2017;2018;2019;2020;2022;2023,0.0
5,364,MT,1025,1030,5,0,8426426.5,5,6,2017;2018;2019;2020;2022;2023,0.0
5,364,MT,1030,1035,5,0,8426426.5,5,6,2017;2018;2019;2020;2022;2023,0.0
5,364,MT,1035,1040,5,0,8426426.5,5,6,2017;2018;2019;2020;2022;2023,0.0
5,364,MT,1040,1045,5,0,8426426.5,5,6,2017;2018;2019;2020;2022;2023,0.0
5,364,MT,1045,1050,5,0,8426426.5,5,6,2017;2018;2019;2020;2022;2023,0.0
5,364,MT,1050,1055,5,1,8426426.5,5,6,2017;2018;2019;2020;2022;2023,11.867426838648626
5,364,MT,1055,1060,5,0,8426426.5,5,6,2017;2018;2019;2020;2022;2023,0.0
5,364,MT,1060,1065,5,0,8426426.5,5,6,2017;2018;2019;2020;2022;2023,0.0
5,364,MT,1065,1070,5,0,8426426.5,5,6,2017;2018;2019;2020;2022;2023,0.0
5,364,MT,1070,1075,5,0,8426426.5,5,6,2017;2018;2019;2020;2022;2023,0.0
5,364,MT,1075,1080,5,0,11081801.500000002,5,8,2017;2018;2019;2020;2022;2023;2024;2025,0.0
5,364,MT,1080,1085,5,0,11081801.500000002,5,8,2017;2018;2019;2020;2022;2023;2024;2025,0.0
5,364,MT,1085,1090,5,0,11081801.500000002,5,8,2017;2018;2019;2020;2022;2023;2024;2025,0.0
5,364,MT,1090,1095,5,0,11081801.500000002,5,8,2017;2018;2019;2020;2022;2023;2024;2025,0.0
5,364,MT,1095,1100,5,0,11081801.500000002,5,8,2017;2018;2019;2020;2022;2023;2024;2025,0.0
5,364,MT,1100,1105,5,0,11081801.500000002,5,8,2017;2018;2019;2020;2022;2023;2024;2025,0.0
5,364,MT,1105,1110,5,0,11081801.500000002,5,8,2017;2018;2019;2020;2022;2023;2024;2025,0.0
5,364,MT,1110,1115,5,0,11081801.500000002,5,8,2017;2018;2019;2020;2022;2023;2024;2025,0.0
5,364,MT,1115,1120,5,0,11081801.500000002,5,8,2017;2018;2019;2020;2022;2023;2024;2025,0.0
5,364,MT,1120,1125,5,3,11081801.500000002,5,8,2017;2018;2019;2020;2022;2023;2024;2025,27.071410726856993
5,364,MT,1125,1130,4,2,6615026.4,3,8,2017;2018;2019;2020;2022;2023;2024;2025,30.23419528605358
5,364,MT,1130,1135,4,1,28222807.4,4,8,2017;2018;2019;2020;2022;2023;2024;2025,3.5432336189205618
5,364,MT,1135,1140,5,4,39282979.0,5,8,2017;2018;2019;2020;2022;2023;2024;2025,10.182527144899066
5,364,MT,1140,1145,5,2,39282979.0,5,8,2017;2018;2019;2020;2022;2023;2024;2025,5.091263572449533
5,364,MT,1145,1150,5,4,39282979.0,5,8,2017;2018;2019;2020;2022;2023;2024;2025,10.182527144899066
5,364,MT,1150,1155,5,5,39282979.0,5,8,2017;2018;2019;2020;2022;2023;2024;2025,12.728158931123835
5,364,MT,1155,1160,5,2,39282979.0,5,8,2017;2018;2019;2020;2022;2023;2024;2025,5.091263572449533
5,364,MT,1160,1165,5,5,39282979.0,5,8,2017;2018;2019;2020;2022;2023;2024;2025,12.728158931123835
5,364,MT,1165,1170,5,7,39282979.0,5,8,2017;2018;2019;2020;2022;2023;2024;2025,17.819422503573367
5,364,MT,1170,1175,5,5,39282979.0,5,8,2017;2018;2019;2020;2022;2023;2024;2025,12.728158931123835
5,364,MT,1175,1180,5,5,39282979.0,5,8,2017;2018;2019;2020;2022;2023;2024;2025,12.728158931123835
5,364,MT,1180,1185,5,6,39282979.0,5,8,2017;2018;2019;2020;2022;2023;2024;2025,15.273790717348602
5,364,MT,1185,1190,5,7,34889474.0,5,8,2017;2018;2019;2020;2022;2023;2024;2025,20.06335779094864
5,364,MT,1190,1195,5,2,43271991.00000001,5,8,2017;2018;2019;2020;2022;2023;2024;2025,4.621927380230781
5,364,MT,1195,1200,5,4,35783468.50000001,5,7,2018;2019;2020;2022;2023;2024;2025,11.178346224318638
5,364,MT,1200,1205,5,7,39567788.50000001,5,7,2018;2019;2020;2022;2023;2024;2025,17.69115804892659
5,364,MT,1205,1210,5,4,39567788.50000001,5,7,2018;2019;2020;2022;2023;2024;2025,10.109233170815193
5,364,MT,1210,1215,5,1,39567788.50000001,5,7,2018;2019;2020;2022;2023;2024;2025,2.527308292703798
5,364,MT,1215,1220,5,1,39567788.50000001,5,7,2018;2019;2020;2022;2023;2024;2025,2.527308292703798
5,364,MT,1220,1225,5,2,39567788.50000001,5,7,2018;2019;2020;2022;2023;2024;2025,5.054616585407596
5,364,MT,1225,1230,5,6,39567788.50000001,5,7,2018;2019;2020;2022;2023;2024;2025,15.163849756222788
5,364,MT,1230,1235,5,5,39567788.50000001,5,7,2018;2019;2020;2022;2023;2024;2025,12.63654146351899
5,364,MT,1235,1240,5,7,38852519.900000006,5,7,2018;2019;2020;2022;2023;2024;2025,18.01684940389156
5,364,MT,1240,1245,5,7,39567788.50000001,5,7,2018;2019;2020;2022;2023;2024;2025,17.69115804892659
5,364,MT,1245,1250,5,3,39567788.50000001,5,7,2018;2019;2020;2022;2023;2024;2025,7.581924878111394
5,364,MT,1250,1255,5,3,39567788.50000001,5,7,2018;2019;2020;2022;2023;2024;2025,7.581924878111394
5,364,MT,1255,1260,4,5,31654230.800000004,4,7,2018;2019;2020;2022;2023;2024;2025,15.79567682939874
5,364,RO,0,5,5,0,0.0,0,0,,
5,364,RO,5,10,5,0,0.0,0,0,,
5,364,RO,10,15,5,106,3771034.0,2,2,2017;2022,2810.9001403858992
5,364,RO,15,20,5,125,38561702.5,5,5,2017;2022;2023;2024;2025,324.15581236331565
5,364,RO,20,25,5,29,45126957.5,5,5,2017;2022;2023;2024;2025,64.26314027485678
5,364,RO,25,30,5,20,44943939.2,5,5,2017;2022;2023;2024;2025,44.49988219991184
5,364,RO,30,35,5,15,42963401.75000001,5,5,2017;2022;2023;2024;2025,34.91343652740439
5,364,RO,35,40,5,11,50732361.050000004,5,8,2017;2018;2019;2020;2022;2023;2024;2025,21.682412906347473
5,364,RO,40,45,5,16,62385800.0,5,8,2017;2018;2019;2020;2022;2023;2024;2025,25.646861946148
5,364,RO,45,50,5,29,62385800.0,5,8,2017;2018;2019;2020;2022;2023;2024;2025,46.48493727739325
5,364,RO,50,55,5,16,62385800.0,5,8,2017;2018;2019;2020;2022;2023;2024;2025,25.646861946148
5,364,RO,55,60,5,12,62385800.0,5,8,2017;2018;2019;2020;2022;2023;2024;2025,19.235146459611002
5,364,RO,60,65,5,30,62385800.0,5,8,2017;2018;2019;2020;2022;2023;2024;2025,48.087866149027505
5,364,RO,65,70,5,22,62385800.0,5,8,2017;2018;2019;2020;2022;2023;2024;2025,35.2644351759535
5,364,RO,70,75,5,28,62385800.0,5,8,2017;2018;2019;2020;2022;2023;2024;2025,44.882008405759
5,364,RO,75,80,5,22,62385800.0,5,8,2017;2018;2019;2020;2022;2023;2024;2025,35.2644351759535
5,364,RO,80,85,5,24,62385800.0,5,8,2017;2018;2019;2020;2022;2023;2024;2025,38.470292919222004
5,364,RO,85,90,5,10,62385800.0,5,8,2017;2018;2019;2020;2022;2023;2024;2025,16.0292887163425
5,364,RO,90,95,5,27,62385800.0,5,8,2017;2018;2019;2020;2022;2023;2024;2025,43.279079534124755
5,364,RO,95,100,5,16,62385800.0,5,8,2017;2018;2019;2020;2022;2023;2024;2025,25.646861946148
5,364,RO,100,105,5,11,62385800.0,5,8,2017;2018;2019;2020;2022;2023;2024;2025,17.63221758797675
5,364,RO,105,110,5,26,58857381.5,5,8,2017;2018;2019;2020;2022;2023;2024;2025,44.17457817079409
5,364,RO,110,115,5,6,56505102.5,5,7,2018;2019;2020;2022;2023;2024;2025,10.618510071723168
5,364,RO,115,120,5,19,56505102.5,5,7,2018;2019;2020;2022;2023;2024;2025,33.62528189379003
5,364,RO,120,125,5,4,56505102.5,5,7,2018;2019;2020;2022;2023;2024;2025,7.079006714482112
5,364,RO,125,130,5,4,56505102.5,5,7,2018;2019;2020;2022;2023;2024;2025,7.079006714482112
5,364,RO,130,135,5,10,55128687.5,5,7,2018;2019;2020;2022;2023;2024;2025,18.13937616417949
5,364,RO,135,140,5,4,54211077.5,5,7,2018;2019;2020;2022;2023;2024;2025,7.378565755310804
5,364,RO,140,145,5,15,43368862.0,4,7,2018;2019;2020;2022;2023;2024;2025,34.587026978019395
5,364,RO,145,150,5,9,54211077.5,5,7,2018;2019;2020;2022;2023;2024;2025,16.601772949449305
5,364,RO,150,155,5,8,54211077.5,5,7,2018;2019;2020;2022;2023;2024;2025,14.757131510621608
5,364,RO,155,160,5,14,54211077.5,5,7,2018;2019;2020;2022;2023;2024;2025,25.824980143587812
5,364,RO,160,165,5,19,55765977.5,5,7,2018;2019;2020;2022;2023;2024;2025,34.0709530286634
5,364,RO,165,170,5,10,56154702.5,5,7,2018;2019;2020;2022;2023;2024;2025,17.807947606881186
5,364,RO,170,175,5,14,56154702.5,5,7,2018;2019;2020;2022;2023;2024;2025,24.93112664963366
5,364,RO,175,180,5,13,56154702.5,5,7,2018;2019;2020;2022;2023;2024;2025,23.15033188894554
5,364,RO,180,185,5,14,56154702.5,5,7,2018;2019;2020;2022;2023;2024;2025,24.93112664963366
5,364,RO,185,190,5,13,56154702.5,5,7,2018;2019;2020;2022;2023;2024;2025,23.15033188894554
5,364,RO,190,195,5,30,56154702.5,5,7,2018;2019;2020;2022;2023;2024;2025,53.423842820643564
5,364,RO,195,200,5,242,48140430.35,5,8,2017;2018;2019;2020;2022;2023;2024;2025,502.6959631240604
5,364,RO,200,205,5,74,53197534.55,5,8,2017;2018;2019;2020;2022;2023;2024;2025,139.10419087269526
5,364,RO,205,210,5,29,68797463.0,5,8,2017;2018;2019;2020;2022;2023;2024;2025,42.1527171721434
5,364,RO,210,215,5,25,68797463.0,5,8,2017;2018;2019;2020;2022;2023;2024;2025,36.33854928633052
5,364,RO,215,220,5,34,68797463.0,5,8,2017;2018;2019;2020;2022;2023;2024;2025,49.4204270294095
5,364,RO,220,225,5,44,68797463.0,5,8,2017;2018;2019;2020;2022;2023;2024;2025,63.955846743941706
5,364,RO,225,230,5,52,57898643.300000004,5,8,2017;2018;2019;2020;2022;2023;2024;2025,89.81212172893868
5,364,RO,230,235,5,51,50632763.50000001,5,6,2018;2019;2020;2022;2024;2025,100.72529420599369
5,364,RO,235,240,5,487,40951853.900000006,5,8,2017;2018;2019;2020;2022;2023;2024;2025,1189.2013513947409
5,364,RO,240,245,5,93,48010165.50000001,5,6,2017;2018;2019;2020;2022;2023,193.70897607091146
5,364,RO,245,250,5,26,70610965.50000001,5,8,2017;2018;2019;2020;2022;2023;2024;2025,36.82147640368973
5,364,RO,250,255,5,21,70610965.50000001,5,8,2017;2018;2019;2020;2022;2023;2024;2025,29.74042324913401
5,364,RO,255,260,5,26,70610965.50000001,5,8,2017;2018;2019;2020;2022;2023;2024;2025,36.82147640368973
5,364,RO,260,265,5,19,70610965.50000001,5,8,2017;2018;2019;2020;2022;2023;2024;2025,26.908001987311724
5,364,RO,265,270,5,25,70610965.50000001,5,8,2017;2018;2019;2020;2022;2023;2024;2025,35.405265772778584
5,364,RO,270,275,5,27,75052920.60000001,5,8,2017;2018;2019;2020;2022;2023;2024;2025,35.974616023137145
5,364,RO,275,280,5,21,88640396.00000001,5,8,2017;2018;2019;2020;2022;2023;2024;2025,23.691229899288803
5,364,RO,280,285,5,20,82246508.5,5,7,2018;2019;2020;2022;2023;2024;2025,24.317141681461163
5,364,RO,285,290,5,16,82061453.5,5,7,2018;2019;2020;2022;2023;2024;2025,19.49758299126398
5,364,RO,290,295,5,21,82061453.5,5,7,2018;2019;2020;2022;2023;2024;2025,25.590577676033977
5,364,RO,295,300,5,31,82061453.5,5,7,2018;2019;2020;2022;2023;2024;2025,37.77656704557396
5,364,RO,300,305,5,23,82061453.5,5,7,2018;2019;2020;2022;2023;2024;2025,28.02777554994197
5,364,RO,305,310,5,95,83278695.64999999,5,7,2018;2019;2020;2022;2023;2024;2025,114.07479338925022
5,364,RO,310,315,5,27,91598866.99999999,5,7,2018;2019;2020;2022;2023;2024;2025,29.476347125559972
5,364,RO,315,320,5,28,91598866.99999999,5,7,2018;2019;2020;2022;2023;2024;2025,30.568063685765896
5,364,RO,320,325,5,16,91598866.99999999,5,7,2018;2019;2020;2022;2023;2024;2025,17.467464963294802
5,364,RO,325,330,5,19,91598866.99999999,5,7,2018;2019;2020;2022;2023;2024;2025,20.742614643912574
5,364,RO,330,335,5,38,91598866.99999999,5,7,2018;2019;2020;2022;2023;2024;2025,41.48522928782515
5,364,RO,335,340,5,96,48881613.94999999,5,7,2018;2019;2020;2022;2023;2024;2025,196.3928607148619
5,364,RO,340,345,5,95,8792795.25,5,1,2018,1080.4300259351542
5,364,RO,345,350,5,113,44605894.449999996,5,4,2018;2019;2020;2022,253.32974799253245
5,364,RO,350,355,5,63,73513719.25,5,7,2018;2019;2020;2022;2023;2024;2025,85.69828957470412
5,364,RO,355,360,5,30,96026919.25000001,5,7,2018;2019;2020;2022;2023;2024;2025,31.241239679778644
5,364,RO,360,365,5,29,96026919.25000001,5,7,2018;2019;2020;2022;2023;2024;2025,30.19986502378602
5,364,RO,365,370,5,35,96026919.25000001,5,7,2018;2019;2020;2022;2023;2024;2025,36.44811295974175
5,364,RO,370,375,5,35,99221815.35000002,5,8,2017;2018;2019;2020;2022;2023;2024;2025,35.2745007502022
5,364,RO,375,380,5,76,112001399.74999999,5,8,2017;2018;2019;2020;2022;2023;2024;2025,67.85629480492274
5,364,RO,380,385,5,107,111069076.6,5,8,2017;2018;2019;2020;2022;2023;2024;2025,96.33644509834703
5,364,RO,385,390,5,53,102407801.79999998,5,8,2017;2018;2019;2020;2022;2023;2024;2025,51.75386940099324
5,364,RO,390,395,5,32,95009828.49999999,5,7,2018;2019;2020;2022;2023;2024;2025,33.68072598931173
5,364,RO,395,400,5,29,95009828.49999999,5,7,2018;2019;2020;2022;2023;2024;2025,30.523157927813756
5,364,RO,400,405,5,19,95009828.49999999,5,7,2018;2019;2020;2022;2023;2024;2025,19.997931056153842
5,364,RO,405,410,5,35,95009828.49999999,5,7,2018;2019;2020;2022;2023;2024;2025,36.83829405080971
5,364,RO,410,415,5,24,95009828.49999999,5,7,2018;2019;2020;2022;2023;2024;2025,25.2605444919838
5,364,RO,415,420,5,41,91202590.14999999,5,7,2018;2019;2020;2022;2023;2024;2025,44.95486359824618
5,364,RO,420,425,5,379,81941755.39999999,5,8,2017;2018;2019;2020;2022;2023;2024;2025,462.52365250159147
5,364,RO,425,430,5,200,54514356.00000001,5,6,2017;2018;2019;2020;2022;2023,366.8758372565201
5,364,RO,430,435,5,79,78338168.8,5,8,2017;2018;2019;2020;2022;2023;2024;2025,100.84483874226072
5,364,RO,435,440,5,67,84294122.0,5,8,2017;2018;2019;2020;2022;2023;2024;2025,79.48359673287777
5,364,RO,440,445,5,30,84294122.0,5,8,2017;2018;2019;2020;2022;2023;2024;2025,35.5896701789005
5,364,RO,445,450,5,28,84294122.0,5,8,2017;2018;2019;2020;2022;2023;2024;2025,33.21702550030712
5,364,RO,450,455,5,19,84294122.0,5,8,2017;2018;2019;2020;2022;2023;2024;2025,22.540124446636977
5,364,RO,455,460,5,23,84294122.0,5,8,2017;2018;2019;2020;2022;2023;2024;2025,27.28541380382371
5,364,RO,460,465,5,25,84294122.0,5,8,2017;2018;2019;2020;2022;2023;2024;2025,29.658058482417076
5,364,RO,465,470,5,25,84294122.0,5,8,2017;2018;2019;2020;2022;2023;2024;2025,29.658058482417076
5,364,RO,470,475,5,20,84294122.0,5,8,2017;2018;2019;2020;2022;2023;2024;2025,23.726446785933664
5,364,RO,475,480,5,22,84294122.0,5,8,2017;2018;2019;2020;2022;2023;2024;2025,26.099091464527028
5,364,RO,480,485,5,24,83511036.39999999,5,8,2017;2018;2019;2020;2022;2023;2024;2025,28.738716503343507
5,364,RO,485,490,5,18,82336408.00000001,5,8,2017;2018;2019;2020;2022;2023;2024;2025,21.861531778262655
5,364,RO,490,495,5,35,82336408.00000001,5,8,2017;2018;2019;2020;2022;2023;2024;2025,42.508534013288504
5,364,RO,495,500,5,26,82336408.00000001,5,8,2017;2018;2019;2020;2022;2023;2024;2025,31.57776812415717
5,364,RO,500,505,5,32,82336408.00000001,5,8,2017;2018;2019;2020;2022;2023;2024;2025,38.86494538357806
5,364,RO,505,510,5,27,82336408.00000001,5,8,2017;2018;2019;2020;2022;2023;2024;2025,32.79229766739398
5,364,RO,510,515,5,71,70421348.0,5,8,2017;2018;2019;2020;2022;2023;2024;2025,100.8216996925421
5,364,RO,515,520,5,167,74271149.0,5,8,2017;2018;2019;2020;2022;2023;2024;2025,224.8517792554953
5,364,RO,520,525,5,58,79701746.75,5,8,2017;2018;2019;2020;2022;2023;2024;2025,72.77130347209109
5,364,RO,525,530,5,32,79701746.75,5,8,2017;2018;2019;2020;2022;2023;2024;2025,40.14968467425715
5,364,RO,530,535,5,27,79701746.75,5,8,2017;2018;2019;2020;2022;2023;2024;2025,33.87629644390448
5,364,RO,535,540,5,38,79701746.75,5,8,2017;2018;2019;2020;2022;2023;2024;2025,47.67775055068037
5,364,RO,540,545,5,31,79773779.49999997,5,8,2017;2018;2019;2020;2022;2023;2024;2025,38.859886286320446
5,364,RO,545,550,5,19,78194004.74999999,5,7,2018;2019;2020;2022;2023;2024;2025,24.29853805383974
5,364,RO,550,555,5,18,78194004.74999999,5,7,2018;2019;2020;2022;2023;2024;2025,23.01966762995344
5,364,RO,555,560,5,17,78194004.74999999,5,7,2018;2019;2020;2022;2023;2024;2025,21.740797206067136
5,364,RO,560,565,5,22,78453687.64999999,5,7,2018;2019;2020;2022;2023;2024;2025,28.0420215530812
5,364,RO,565,570,5,23,79492419.25,5,7,2018;2019;2020;2022;2023;2024;2025,28.93357658126627
5,364,RO,570,575,5,35,90693521.0,5,8,2017;2018;2019;2020;2022;2023;2024;2025,38.59151085334971
5,364,RO,575,580,5,16,90693521.0,5,8,2017;2018;2019;2020;2022;2023;2024;2025,17.64183353295987
5,364,RO,580,585,5,18,90693521.0,5,8,2017;2018;2019;2020;2022;2023;2024;2025,19.84706272457985
5,364,RO,585,590,5,7,90693521.0,5,8,2017;2018;2019;2020;2022;2023;2024;2025,7.718302170669942
5,364,RO,590,595,5,20,90693521.0,5,8,2017;2018;2019;2020;2022;2023;2024;2025,22.052291916199835
5,364,RO,595,600,5,17,90693521.0,5,8,2017;2018;2019;2020;2022;2023;2024;2025,18.74444812876986
5,364,RO,600,605,5,45,76829361.0,5,8,2017;2018;2019;2020;2022;2023;2024;2025,58.57135789532338
5,364,RO,605,610,5,36,121948379.75,5,8,2017;2018;2019;2020;2022;2023;2024;2025,29.520687420203302
5,364,RO,610,615,5,14,121948379.75,5,8,2017;2018;2019;2020;2022;2023;2024;2025,11.480267330079062
5,364,RO,615,620,5,18,121948379.75,5,8,2017;2018;2019;2020;2022;2023;2024;2025,14.760343710101651
5,364,RO,620,625,5,11,121948379.75,5,8,2017;2018;2019;2020;2022;2023;2024;2025,9.02021004506212
5,364,RO,625,630,5,18,121948379.75,5,8,2017;2018;2019;2020;2022;2023;2024;2025,14.760343710101651
5,364,RO,630,635,5,24,122834234.75,5,8,2017;2018;2019;2020;2022;2023;2024;2025,19.538526900783253
5,364,RO,635,640,5,16,123424804.75,5,8,2017;2018;2019;2020;2022;2023;2024;2025,12.963358566706585
5,364,RO,640,645,5,23,123424804.75,5,8,2017;2018;2019;2020;2022;2023;2024;2025,18.634827939640715
5,364,RO,645,650,5,24,123424804.75,5,8,2017;2018;2019;2020;2022;2023;2024;2025,19.445037850059876
5,364,RO,650,655,5,17,123424804.75,5,8,2017;2018;2019;2020;2022;2023;2024;2025,13.773568477125746
5,364,RO,655,660,5,19,123424804.75,5,8,2017;2018;2019;2020;2022;2023;2024;2025,15.393988297964068
5,364,RO,660,665,5,23,123424804.75,5,8,2017;2018;2019;2020;2022;2023;2024;2025,18.634827939640715
5,364,RO,665,670,5,39,123424804.75,5,8,2017;2018;2019;2020;2022;2023;2024;2025,31.5981865063473
5,364,RO,670,675,5,23,123424804.75,5,8,2017;2018;2019;2020;2022;2023;2024;2025,18.634827939640715
5,364,RO,675,680,5,21,123424804.75,5,8,2017;2018;2019;2020;2022;2023;2024;2025,17.014408118802393
5,364,RO,680,685,5,40,123424804.75,5,8,2017;2018;2019;2020;2022;2023;2024;2025,32.408396416766465
5,364,RO,685,690,5,51,123424804.75,5,8,2017;2018;2019;2020;2022;2023;2024;2025,41.32070543137724
5,364,RO,690,695,3,53,70282936.35,3,8,2017;2018;2019;2020;2022;2023;2024;2025,75.40948450996243
5,364,RO,695,700,3,62,68396963.1,3,7,2017;2019;2020;2022;2023;2024;2025,90.64729951438444
5,364,RO,700,705,1,3,3150227.4,1,1,2017,95.23122045094269
5,364,RO,705,710,5,48,15751137.0,5,1,2017,304.7399054430166
5,364,RO,710,715,2,45,6300454.8,2,1,2017,714.2341533820701
5,364,RO,715,720,4,13,10199224.200000001,4,3,2017;2024;2025,127.46067490113609
5,364,RO,720,725,5,30,43261263.65,5,8,2017;2018;2019;2020;2022;2023;2024;2025,69.34610196020014
5,364,RO,725,730,5,24,62801772.24999999,5,8,2017;2018;2019;2020;2022;2023;2024;2025,38.21548204796084
5,364,RO,730,735,5,24,49029957.24999999,5,8,2017;2018;2019;2020;2022;2023;2024;2025,48.949665359946856
5,364,RO,735,740,5,13,39848747.25000001,5,8,2017;2018;2019;2020;2022;2023;2024;2025,32.62335932028578
5,364,RO,740,745,5,16,39848747.25000001,5,8,2017;2018;2019;2020;2022;2023;2024;2025,40.151826855736346
5,364,RO,745,750,5,10,39848747.25000001,5,8,2017;2018;2019;2020;2022;2023;2024;2025,25.094891784835216
5,364,RO,750,755,5,16,39848747.25000001,5,8,2017;2018;2019;2020;2022;2023;2024;2025,40.151826855736346
5,364,RO,755,760,5,13,39848747.25000001,5,8,2017;2018;2019;2020;2022;2023;2024;2025,32.62335932028578
5,364,RO,760,765,5,7,39848747.25000001,5,8,2017;2018;2019;2020;2022;2023;2024;2025,17.56642424938465
5,364,RO,765,770,5,15,39848747.25000001,5,8,2017;2018;2019;2020;2022;2023;2024;2025,37.64233767725282
5,364,RO,770,775,5,8,39848747.25000001,5,8,2017;2018;2019;2020;2022;2023;2024;2025,20.075913427868173
5,364,RO,775,780,5,7,39848747.25000001,5,8,2017;2018;2019;2020;2022;2023;2024;2025,17.56642424938465
5,364,RO,780,785,5,11,39848747.25000001,5,8,2017;2018;2019;2020;2022;2023;2024;2025,27.604380963318732
5,364,RO,785,790,5,4,39848747.25000001,5,8,2017;2018;2019;2020;2022;2023;2024;2025,10.037956713934086
5,364,RO,790,795,5,6,39848747.25000001,5,8,2017;2018;2019;2020;2022;2023;2024;2025,15.056935070901128
5,364,RO,795,800,5,14,39848747.25000001,5,8,2017;2018;2019;2020;2022;2023;2024;2025,35.1328484987693
5,364,RO,800,805,5,24,39848747.25000001,5,8,2017;2018;2019;2020;2022;2023;2024;2025,60.22774028360451
5,364,RO,805,810,5,9,39848747.25000001,5,8,2017;2018;2019;2020;2022;2023;2024;2025,22.585402606351693
5,364,RO,810,815,5,13,39848747.25000001,5,8,2017;2018;2019;2020;2022;2023;2024;2025,32.62335932028578
5,364,RO,815,820,5,8,31878997.800000004,4,8,2017;2018;2019;2020;2022;2023;2024;2025,25.094891784835216
5,364,RO,820,825,5,8,39848747.25000001,5,8,2017;2018;2019;2020;2022;2023;2024;2025,20.075913427868173
5,364,RO,825,830,5,4,39848747.25000001,5,8,2017;2018;2019;2020;2022;2023;2024;2025,10.037956713934086
5,364,RO,830,835,5,7,39848747.25000001,5,8,2017;2018;2019;2020;2022;2023;2024;2025,17.56642424938465
5,364,RO,835,840,5,8,39848747.25000001,5,8,2017;2018;2019;2020;2022;2023;2024;2025,20.075913427868173
5,364,RO,840,845,5,5,39848747.25000001,5,8,2017;2018;2019;2020;2022;2023;2024;2025,12.547445892417608
5,364,RO,845,850,5,6,39848747.25000001,5,8,2017;2018;2019;2020;2022;2023;2024;2025,15.056935070901128
5,364,RO,850,855,5,10,39848747.25000001,5,8,2017;2018;2019;2020;2022;2023;2024;2025,25.094891784835216
5,364,RO,855,860,5,4,39848747.25000001,5,8,2017;2018;2019;2020;2022;2023;2024;2025,10.037956713934086
5,364,RO,860,865,5,4,39848747.25000001,5,8,2017;2018;2019;2020;2022;2023;2024;2025,10.037956713934086
5,364,RO,865,870,5,6,39848747.25000001,5,8,2017;2018;2019;2020;2022;2023;2024;2025,15.056935070901128
5,364,RO,870,875,5,5,39848747.25000001,5,8,2017;2018;2019;2020;2022;2023;2024;2025,12.547445892417608
5,364,RO,875,880,5,4,31878997.800000004,4,8,2017;2018;2019;2020;2022;2023;2024;2025,12.547445892417608
5,364,RO,880,885,5,5,39848747.25000001,5,8,2017;2018;2019;2020;2022;2023;2024;2025,12.547445892417608
5,364,RO,885,890,5,5,39848747.25000001,5,8,2017;2018;2019;2020;2022;2023;2024;2025,12.547445892417608
5,364,RO,890,895,5,3,39848747.25000001,5,8,2017;2018;2019;2020;2022;2023;2024;2025,7.528467535450564
5,364,RO,895,900,5,0,39848747.25000001,5,8,2017;2018;2019;2020;2022;2023;2024;2025,0.0
5,364,RO,900,905,5,8,39848747.25000001,5,8,2017;2018;2019;2020;2022;2023;2024;2025,20.075913427868173
5,364,RO,905,910,5,4,39848747.25000001,5,8,2017;2018;2019;2020;2022;2023;2024;2025,10.037956713934086
5,364,RO,910,915,5,2,26407958.050000004,5,8,2017;2018;2019;2020;2022;2023;2024;2025,7.573474617815063
5,364,RO,915,920,5,4,23047760.750000004,5,8,2017;2018;2019;2020;2022;2023;2024;2025,17.355265196424774
5,364,RO,920,925,5,3,23047760.750000004,5,8,2017;2018;2019;2020;2022;2023;2024;2025,13.016448897318579
5,364,RO,925,930,5,3,23047760.750000004,5,8,2017;2018;2019;2020;2022;2023;2024;2025,13.016448897318579
5,364,RO,930,935,5,6,23047760.750000004,5,8,2017;2018;2019;2020;2022;2023;2024;2025,26.032897794637158
5,364,RO,935,940,4,0,18438208.6,4,8,2017;2018;2019;2020;2022;2023;2024;2025,0.0
5,364,RO,940,945,5,4,23047760.750000004,5,8,2017;2018;2019;2020;2022;2023;2024;2025,17.355265196424774
5,364,RO,945,950,5,6,23047760.750000004,5,8,2017;2018;2019;2020;2022;2023;2024;2025,26.032897794637158
5,364,RO,950,955,5,6,23047760.750000004,5,8,2017;2018;2019;2020;2022;2023;2024;2025,26.032897794637158
5,364,RO,955,960,5,3,23047760.750000004,5,8,2017;2018;2019;2020;2022;2023;2024;2025,13.016448897318579
5,364,RO,960,965,5,4,23047760.750000004,5,8,2017;2018;2019;2020;2022;2023;2024;2025,17.355265196424774
5,364,RO,965,970,5,2,23047760.750000004,5,8,2017;2018;2019;2020;2022;2023;2024;2025,8.677632598212387
5,364,RO,970,975,5,13,23046300.750000004,5,8,2017;2018;2019;2020;2022;2023;2024;2025,56.408185161776984
5,364,RO,975,980,5,4,23045935.750000004,5,8,2017;2018;2019;2020;2022;2023;2024;2025,17.356639554113134
5,364,RO,980,985,5,0,23045935.750000004,5,8,2017;2018;2019;2020;2022;2023;2024;2025,0.0
5,364,RO,985,990,5,3,23045935.750000004,5,8,2017;2018;2019;2020;2022;2023;2024;2025,13.01747966558485
5,364,RO,990,995,5,4,23045935.750000004,5,8,2017;2018;2019;2020;2022;2023;2024;2025,17.356639554113134
5,364,RO,995,1000,5,3,23045935.750000004,5,8,2017;2018;2019;2020;2022;2023;2024;2025,13.01747966558485
5,364,RO,1000,1005,5,3,23045935.750000004,5,8,2017;2018;2019;2020;2022;2023;2024;2025,13.01747966558485
5,364,RO,1005,1010,5,4,23045935.750000004,5,8,2017;2018;2019;2020;2022;2023;2024;2025,17.356639554113134
5,364,RO,1010,1015,5,1,23045935.750000004,5,8,2017;2018;2019;2020;2022;2023;2024;2025,4.339159888528283
5,364,RO,1015,1020,5,8,23045935.750000004,5,8,2017;2018;2019;2020;2022;2023;2024;2025,34.71327910822627
5,364,RO,1020,1025,5,6,23045935.750000004,5,8,2017;2018;2019;2020;2022;2023;2024;2025,26.0349593311697
5,364,RO,1025,1030,5,4,23045935.750000004,5,8,2017;2018;2019;2020;2022;2023;2024;2025,17.356639554113134
5,364,RO,1030,1035,5,10,23045935.750000004,5,8,2017;2018;2019;2020;2022;2023;2024;2025,43.39159888528284
5,364,RO,1035,1040,5,10,23045935.750000004,5,8,2017;2018;2019;2020;2022;2023;2024;2025,43.39159888528284
5,364,RO,1040,1045,5,12,23045935.750000004,5,8,2017;2018;2019;2020;2022;2023;2024;2025,52.0699186623394
5,364,RO,1045,1050,5,8,23045935.750000004,5,8,2017;2018;2019;2020;2022;2023;2024;2025,34.71327910822627
5,364,RO,1050,1055,5,5,23045935.750000004,5,8,2017;2018;2019;2020;2022;2023;2024;2025,21.69579944264142
5,364,RO,1055,1060,5,5,23045935.750000004,5,8,2017;2018;2019;2020;2022;2023;2024;2025,21.69579944264142
5,364,RO,1060,1065,5,5,23045935.750000004,5,8,2017;2018;2019;2020;2022;2023;2024;2025,21.69579944264142
5,364,RO,1065,1070,5,5,23045935.750000004,5,8,2017;2018;2019;2020;2022;2023;2024;2025,21.69579944264142
5,364,RO,1070,1075,5,6,23045935.750000004,5,8,2017;2018;2019;2020;2022;2023;2024;2025,26.0349593311697
5,364,RO,1075,1080,5,2,23045935.750000004,5,8,2017;2018;2019;2020;2022;2023;2024;2025,8.678319777056567
5,364,RO,1080,1085,5,3,23045935.750000004,5,8,2017;2018;2019;2020;2022;2023;2024;2025,13.01747966558485
5,364,RO,1085,1090,5,1,23045935.750000004,5,8,2017;2018;2019;2020;2022;2023;2024;2025,4.339159888528283
5,364,RO,1090,1095,2,0,9218374.3,2,8,2017;2018;2019;2020;2022;2023;2024;2025,0.0
5,376,MS,0,5,5,24,59100624.800000004,5,8,2017;2018;2019;2020;2022;2023;2024;2025,40.608707744152305
5,376,MS,5,10,5,5,64589013.0,5,8,2017;2018;2019;2020;2022;2023;2024;2025,7.74125469296148
5,376,MS,10,15,5,7,64589013.0,5,8,2017;2018;2019;2020;2022;2023;2024;2025,10.837756570146071
5,376,MS,15,20,5,17,64589013.0,5,8,2017;2018;2019;2020;2022;2023;2024;2025,26.320265956069033
5,376,MS,20,25,5,12,64589013.0,5,8,2017;2018;2019;2020;2022;2023;2024;2025,18.57901126310755
5,376,MS,25,30,5,1,30454220.300000004,5,8,2017;2018;2019;2020;2022;2023;2024;2025,3.2836171478013503
5,376,MS,30,35,5,16,46412688.249999985,5,7,2017;2018;2019;2020;2022;2024;2025,34.47333176181624
5,376,MS,35,40,5,14,51781874.74999999,5,8,2017;2018;2019;2020;2022;2023;2024;2025,27.03648731837389
5,376,MS,40,45,5,15,39996276.60000001,5,8,2017;2018;2019;2020;2022;2023;2024;2025,37.50349101246089
5,376,MS,45,50,5,7,36462861.25,5,8,2017;2018;2019;2020;2022;2023;2024;2025,19.197615765822544
5,376,MS,50,55,5,11,37538392.15,5,8,2017;2018;2019;2020;2022;2023;2024;2025,29.303332854654514
5,376,MS,55,60,5,6,44778758.449999996,5,8,2017;2018;2019;2020;2022;2023;2024;2025,13.399210267742474
5,376,MS,60,65,5,8,58777293.199999996,5,8,2017;2018;2019;2020;2022;2023;2024;2025,13.6106982211287
5,376,MS,65,70,5,10,38352258.2,5,8,2017;2018;2019;2020;2022;2023;2024;2025,26.07408395055079
5,376,MS,70,75,5,3,37363407.5,5,8,2017;2018;2019;2020;2022;2023;2024;2025,8.02924626186731
5,376,MS,75,80,5,9,37363407.5,5,8,2017;2018;2019;2020;2022;2023;2024;2025,24.08773878560193
5,376,MS,80,85,5,8,58187858.35,5,8,2017;2018;2019;2020;2022;2023;2024;2025,13.748572686556008
5,376,MS,85,90,5,5,50440718.75,5,8,2017;2018;2019;2020;2022;2023;2024;2025,9.91262639373076
5,376,MS,90,95,5,9,50440718.75,5,8,2017;2018;2019;2020;2022;2023;2024;2025,17.842727508715367
5,376,MS,95,100,5,2,50440718.75,5,8,2017;2018;2019;2020;2022;2023;2024;2025,3.9650505574923036
5,376,MS,100,105,5,3,50440718.75,5,8,2017;2018;2019;2020;2022;2023;2024;2025,5.947575836238456
5,376,MS,105,110,5,5,50440718.75,5,8,2017;2018;2019;2020;2022;2023;2024;2025,9.91262639373076
5,376,MS,110,115,5,14,50440718.75,5,8,2017;2018;2019;2020;2022;2023;2024;2025,27.755353902446128
5,376,MS,115,120,5,16,43371730.9,5,8,2017;2018;2019;2020;2022;2023;2024;2025,36.89038843501633
5,376,MS,120,125,5,7,38968130.0,5,8,2017;2018;2019;2020;2022;2023;2024;2025,17.963397268485814
5,376,MS,125,130,5,11,38968130.0,5,8,2017;2018;2019;2020;2022;2023;2024;2025,28.22819570762056
5,376,MS,130,135,5,7,38968130.0,5,8,2017;2018;2019;2020;2022;2023;2024;2025,17.963397268485814
5,376,MS,135,140,5,14,38968130.0,5,8,2017;2018;2019;2020;2022;2023;2024;2025,35.92679453697163
5,376,MS,140,145,5,7,38971780.0,5,8,2017;2018;2019;2020;2022;2023;2024;2025,17.961714861368918
5,376,MS,145,150,5,4,38977255.0,5,8,2017;2018;2019;2020;2022;2023;2024;2025,10.262395337999047
5,376,MS,150,155,5,2,38977255.0,5,8,2017;2018;2019;2020;2022;2023;2024;2025,5.131197668999524
5,376,MS,155,160,5,4,38977255.0,5,8,2017;2018;2019;2020;2022;2023;2024;2025,10.262395337999047
5,376,MS,160,165,5,11,38977255.0,5,8,2017;2018;2019;2020;2022;2023;2024;2025,28.221587179497376
5,376,MS,165,170,5,29,38977255.0,5,8,2017;2018;2019;2020;2022;2023;2024;2025,74.40236620049309
5,376,MS,170,175,5,11,30759663.25,5,8,2017;2018;2019;2020;2022;2023;2024;2025,35.76111971902033
5,376,PR,30,35,4,15,34371597.39999999,4,7,2017;2018;2019;2022;2023;2024;2025,43.64068339750774
5,376,PR,35,40,5,17,41527101.199999996,5,8,2017;2018;2019;2020;2022;2023;2024;2025,40.937121804206264
5,376,PR,40,45,5,19,50897884.900000006,5,8,2017;2018;2019;2020;2022;2023;2024;2025,37.329645499669866
5,376,PR,45,50,5,26,52729834.49999999,5,8,2017;2018;2019;2020;2022;2023;2024;2025,49.30794918387238
5,376,PR,50,55,5,5,52729834.49999999,5,8,2017;2018;2019;2020;2022;2023;2024;2025,9.482297919975457
5,376,PR,55,60,5,20,52729834.49999999,5,8,2017;2018;2019;2020;2022;2023;2024;2025,37.92919167990183
5,376,PR,60,65,5,5,52729834.49999999,5,8,2017;2018;2019;2020;2022;2023;2024;2025,9.482297919975457
5,376,PR,65,70,5,15,52729834.49999999,5,8,2017;2018;2019;2020;2022;2023;2024;2025,28.446893759926372
5,376,PR,70,75,5,31,46666432.599999994,5,8,2017;2018;2019;2020;2022;2023;2024;2025,66.4289046169773
5,376,PR,75,80,5,29,87284439.25,5,8,2017;2018;2019;2020;2022;2023;2024;2025,33.224707919516135
5,376,PR,80,85,5,25,97116444.25,5,8,2017;2018;2019;2020;2022;2023;2024;2025,25.742293380968793
5,376,PR,85,90,5,30,97116444.25,5,8,2017;2018;2019;2020;2022;2023;2024;2025,30.89075205716256
5,376,PR,90,95,5,33,97116444.25,5,8,2017;2018;2019;2020;2022;2023;2024;2025,33.97982726287881
5,376,PR,95,100,5,31,97116444.25,5,8,2017;2018;2019;2020;2022;2023;2024;2025,31.920443792401304
5,376,PR,100,105,5,63,68484384.25,5,8,2017;2018;2019;2020;2022;2023;2024;2025,91.99177402255756
5,376,PR,105,110,5,90,96262826.05,5,7,2017;2018;2019;2020;2022;2024;2025,93.49403470998554
5,376,PR,110,115,5,55,179271783.04999995,5,8,2017;2018;2019;2020;2022;2023;2024;2025,30.679674773279952
5,376,PR,115,120,4,39,152850553.6,4,8,2017;2018;2019;2020;2022;2023;2024;2025,25.51511857919761
5,376,PR,120,125,2,33,70950371.7,2,8,2017;2018;2019;2020;2022;2023;2024;2025,46.51138423845636
5,376,PR,125,130,5,56,177375929.24999997,5,8,2017;2018;2019;2020;2022;2023;2024;2025,31.571363846709776
5,376,PR,130,135,5,82,182849425.45,5,8,2017;2018;2019;2020;2022;2023;2024;2025,44.84564269108017
5,376,PR,135,140,5,84,170223239.6,5,8,2017;2018;2019;2020;2022;2023;2024;2025,49.34696355056328
5,376,PR,140,145,5,64,243105928.6,5,8,2017;2018;2019;2020;2022;2023;2024;2025,26.32597253738879
5,376,PR,145,150,5,58,248601938.0,5,8,2017;2018;2019;2020;2022;2023;2024;2025,23.33046977292671
5,376,PR,150,155,5,58,223345018.4,5,8,2017;2018;2019;2020;2022;2023;2024;2025,25.968790535603006
5,376,PR,155,160,2,75,133423414.0,2,8,2017;2018;2019;2020;2022;2023;2024;2025,56.212022876284664
5,376,PR,160,165,5,208,402763356.25,5,8,2017;2018;2019;2020;2022;2023;2024;2025,51.643228405041874
5,376,PR,165,170,5,295,320379169.75,5,8,2017;2018;2019;2020;2022;2023;2024;2025,92.07839580525662
5,376,PR,170,175,5,80,19246070.400000002,5,1,2017,415.66926825748277
5,376,PR,175,180,5,198,15349578.6,5,1,2017,1289.9376924914409
5,376,PR,180,185,5,430,144126152.04999995,5,5,2017;2018;2019;2020;2022,298.34974006023924
5,376,PR,185,190,5,227,175350927.49999997,5,5,2017;2018;2019;2020;2022,129.45469022397958
5,376,PR,190,195,5,78,175350927.49999997,5,5,2017;2018;2019;2020;2022,44.48222835890047
5,376,PR,195,200,5,114,247263026.75,5,8,2017;2018;2019;2020;2022;2023;2024;2025,46.10474986835047
5,376,PR,200,205,5,107,160021675.74999994,5,8,2017;2018;2019;2020;2022;2023;2024;2025,66.86594144106132
5,376,PR,205,210,5,60,116986715.74999997,5,8,2017;2018;2019;2020;2022;2023;2024;2025,51.287874538011394
5,376,PR,210,215,4,77,63569531.5,4,8,2017;2018;2019;2020;2022;2023;2024;2025,121.1272101321055
5,376,PR,230,235,2,6,8217996.9,2,5,2017;2018;2019;2020;2022,73.01049237436436
5,376,PR,235,240,5,52,20544992.25,5,5,2017;2018;2019;2020;2022,253.10304023112982
5,376,PR,240,245,5,52,35068068.50000001,5,6,2017;2018;2019;2020;2022;2023,148.28304558604358
5,376,PR,245,250,5,127,69242018.4,5,8,2017;2018;2019;2020;2022;2023;2024;2025,183.41464176613314
5,376,PR,250,255,5,73,95190576.49999999,5,8,2017;2018;2019;2020;2022;2023;2024;2025,76.68826335976651
5,376,PR,255,260,5,78,95190576.49999999,5,8,2017;2018;2019;2020;2022;2023;2024;2025,81.94088413783271
5,376,PR,260,265,5,64,102349226.60000001,5,8,2017;2018;2019;2020;2022;2023;2024;2025,62.5310049973548
5,376,PR,265,270,5,30,104507876.75,5,8,2017;2018;2019;2020;2022;2023;2024;2025,28.70597024161626
5,376,PR,270,275,5,25,104507876.75,5,8,2017;2018;2019;2020;2022;2023;2024;2025,23.921641868013552
5,376,PR,275,280,5,28,104507876.75,5,8,2017;2018;2019;2020;2022;2023;2024;2025,26.79223889217518
5,376,PR,280,285,5,35,104507876.75,5,8,2017;2018;2019;2020;2022;2023;2024;2025,33.490298615218975
5,376,PR,285,290,5,46,94839800.55,5,8,2017;2018;2019;2020;2022;2023;2024;2025,48.50284346153658
5,376,PR,290,295,5,69,95145550.1,5,8,2017;2018;2019;2020;2022;2023;2024;2025,72.52046987744517
5,376,PR,295,300,5,48,100008685.99999999,5,8,2017;2018;2019;2020;2022;2023;2024;2025,47.99583108211221
5,376,PR,300,305,5,140,100008685.99999999,5,8,2017;2018;2019;2020;2022;2023;2024;2025,139.98784065616064
5,376,PR,305,310,5,152,96157205.99999999,5,8,2017;2018;2019;2020;2022;2023;2024;2025,158.07447649841242
5,376,PR,310,315,5,97,95194335.99999999,5,8,2017;2018;2019;2020;2022;2023;2024;2025,101.89681873509787
5,376,PR,315,320,5,57,95194335.99999999,5,8,2017;2018;2019;2020;2022;2023;2024;2025,59.87751204021215
5,376,PR,320,325,5,68,95194335.99999999,5,8,2017;2018;2019;2020;2022;2023;2024;2025,71.43282138130573
5,376,PR,325,330,5,61,85952901.0,5,8,2017;2018;2019;2020;2022;2023;2024;2025,70.96909969333089
5,376,PR,330,335,5,37,95194335.99999999,5,8,2017;2018;2019;2020;2022;2023;2024;2025,38.86785869276929
5,376,PR,335,340,5,72,95194335.99999999,5,8,2017;2018;2019;2020;2022;2023;2024;2025,75.63475205079429
5,376,PR,340,345,5,47,95194335.99999999,5,8,2017;2018;2019;2020;2022;2023;2024;2025,49.37268536649072
5,376,PR,345,350,5,74,63205604.6,5,7,2017;2018;2019;2020;2022;2024;2025,117.07822505347887
5,376,PR,350,355,5,49,87489295.5,5,8,2017;2018;2019;2020;2022;2023;2024;2025,56.006851718219636
5,376,PR,355,360,5,19,95633905.5,5,8,2017;2018;2019;2020;2022;2023;2024;2025,19.86743080360762
5,376,PR,360,365,5,38,94923615.5,5,8,2017;2018;2019;2020;2022;2023;2024;2025,40.03218777523281
5,376,PR,365,370,5,27,94923615.5,5,8,2017;2018;2019;2020;2022;2023;2024;2025,28.44392289292858
5,376,PR,370,375,5,45,94923615.5,5,8,2017;2018;2019;2020;2022;2023;2024;2025,47.40653815488096
5,376,PR,375,380,5,29,94923615.5,5,8,2017;2018;2019;2020;2022;2023;2024;2025,30.550880144256624
5,376,PR,380,385,5,47,120764648.24999999,5,8,2017;2018;2019;2020;2022;2023;2024;2025,38.91867419901172
5,376,PR,385,390,5,84,136284448.25,5,8,2017;2018;2019;2020;2022;2023;2024;2025,61.63579269581113
5,376,PR,390,395,5,78,136284448.25,5,8,2017;2018;2019;2020;2022;2023;2024;2025,57.23323607468176
5,376,PR,395,400,5,30,136284448.25,5,8,2017;2018;2019;2020;2022;2023;2024;2025,22.012783105646832
5,376,PR,400,405,5,37,137740039.05,5,8,2017;2018;2019;2020;2022;2023;2024;2025,26.862196537180374
5,376,PR,405,410,5,75,141560742.25,5,8,2017;2018;2019;2020;2022;2023;2024;2025,52.9807903009918
5,376,PR,410,415,5,64,141060327.25,5,8,2017;2018;2019;2020;2022;2023;2024;2025,45.37065895684004
5,376,PR,415,420,5,35,141060327.25,5,8,2017;2018;2019;2020;2022;2023;2024;2025,24.8120791170219
5,376,PR,420,425,5,54,124535196.80000001,5,8,2017;2018;2019;2020;2022;2023;2024;2025,43.36123552823582
5,376,PR,425,430,5,44,141060327.25,5,8,2017;2018;2019;2020;2022;2023;2024;2025,31.19232803282753
5,376,PR,430,435,5,79,146110759.25,5,8,2017;2018;2019;2020;2022;2023;2024;2025,54.06857127121526
5,376,PR,435,440,5,124,174396507.25000003,5,8,2017;2018;2019;2020;2022;2023;2024;2025,71.10234141458126
5,376,PR,440,445,5,65,174396507.25000003,5,8,2017;2018;2019;2020;2022;2023;2024;2025,37.271388644740185
5,376,PR,445,450,5,68,174396507.25000003,5,8,2017;2018;2019;2020;2022;2023;2024;2025,38.99160658218973
5,376,PR,450,455,5,95,174396507.25000003,5,8,2017;2018;2019;2020;2022;2023;2024;2025,54.47356801923565
5,376,PR,455,460,5,62,174396507.25000003,5,8,2017;2018;2019;2020;2022;2023;2024;2025,35.55117070729063
5,376,PR,460,465,5,73,174396507.25000003,5,8,2017;2018;2019;2020;2022;2023;2024;2025,41.85863647793897
5,376,PR,465,470,4,33,139517205.8,4,8,2017;2018;2019;2020;2022;2023;2024;2025,23.65299663993127
5,376,PR,480,485,3,0,71271688.5,3,3,2017;2018;2019,0.0
5,376,PR,485,490,5,62,118786147.5,5,3,2017;2018;2019,52.19463826790073
5,376,PR,490,495,5,228,174542905.1,5,5,2017;2018;2019;2020;2022,130.62690796247094
5,376,PR,495,500,5,121,150786040.6,4,5,2017;2018;2019;2020;2022,80.24615509401472
5,376,PR,500,505,5,78,188483919.5,5,5,2017;2018;2019;2020;2022,41.382840619461966
5,376,PR,505,510,5,80,247504729.75,5,8,2017;2018;2019;2020;2022;2023;2024;2025,32.322614634801745
5,376,PR,510,515,5,53,286754603.25,5,7,2018;2019;2020;2022;2023;2024;2025,18.482702421970625
5,376,PR,515,520,5,50,286754603.25,5,7,2018;2019;2020;2022;2023;2024;2025,17.43651171884021
5,376,PR,520,525,5,52,286754603.25,5,7,2018;2019;2020;2022;2023;2024;2025,18.13397218759382
5,376,PR,525,530,5,66,286754603.25,5,7,2018;2019;2020;2022;2023;2024;2025,23.016195468869075
5,376,PR,530,535,5,51,286754603.25,5,7,2018;2019;2020;2022;2023;2024;2025,17.785241953217014
5,376,PR,535,540,5,54,286760078.25,5,7,2018;2019;2020;2022;2023;2024;2025,18.83107311503881
5,376,PR,540,545,5,38,286763728.25,5,7,2018;2019;2020;2022;2023;2024;2025,13.251327227435013
5,376,PR,545,550,3,44,172058236.95,3,7,2018;2019;2020;2022;2023;2024;2025,25.57273675469915
5,376,PR,555,560,4,0,27650940.0,4,2,2024;2025,0.0
5,376,PR,560,565,5,1,34563675.0,5,2,2024;2025,2.8932108637174725
5,376,PR,615,620,1,57,106856589.7,1,8,2017;2018;2019;2020;2022;2023;2024;2025,53.34252212243304
5,376,PR,620,625,5,187,534282948.5,5,8,2017;2018;2019;2020;2022;2023;2024;2025,35.00018118208764
5,376,PR,625,630,5,161,534282948.5,5,8,2017;2018;2019;2020;2022;2023;2024;2025,30.133845830567434
5,376,PR,630,635,5,148,534282948.5,5,8,2017;2018;2019;2020;2022;2023;2024;2025,27.700678154807328
5,376,PR,635,640,5,115,534282948.5,5,8,2017;2018;2019;2020;2022;2023;2024;2025,21.524175593262452
5,376,PR,640,645,5,110,534282948.5,5,8,2017;2018;2019;2020;2022;2023;2024;2025,20.58834187181626
5,376,PR,645,650,5,90,498429929.2499999,5,8,2017;2018;2019;2020;2022;2023;2024;2025,18.056700594891097
5,376,PR,650,655,5,342,476821199.2499999,5,8,2017;2018;2019;2020;2022;2023;2024;2025,71.72499891740081
5,376,PR,655,660,5,220,476821199.2499999,5,8,2017;2018;2019;2020;2022;2023;2024;2025,46.13888819248006
5,376,PR,660,665,5,212,476821199.2499999,5,8,2017;2018;2019;2020;2022;2023;2024;2025,44.46111044002623
5,376,PR,665,670,5,513,476821199.2499999,5,8,2017;2018;2019;2020;2022;2023;2024;2025,107.58749837610122
5,376,PR,670,675,5,231,476821199.2499999,5,8,2017;2018;2019;2020;2022;2023;2024;2025,48.44583260210406
5,376,PR,675,680,5,168,476821199.2499999,5,8,2017;2018;2019;2020;2022;2023;2024;2025,35.233332801530224
5,376,PR,680,685,5,45,386228279.54999995,5,8,2017;2018;2019;2020;2022;2023;2024;2025,11.651140629171467
5,381,MG,145,150,4,0,43163615.199999996,4,5,2017;2018;2019;2020;2022,0.0
5,381,MG,150,155,5,29,70453121.24999999,5,5,2017;2018;2019;2020;2022,41.16212239496771
5,381,MG,155,160,5,97,105838378.39999998,5,8,2017;2018;2019;2020;2022;2023;2024;2025,91.64917439815954
5,381,MG,160,165,5,60,114775016.49999999,5,8,2017;2018;2019;2020;2022;2023;2024;2025,52.2761850354428
5,381,MG,165,170,5,54,114775016.49999999,5,8,2017;2018;2019;2020;2022;2023;2024;2025,47.04856653189852
5,381,MG,170,175,5,45,114775016.49999999,5,8,2017;2018;2019;2020;2022;2023;2024;2025,39.2071387765821
5,381,MG,175,180,5,34,114775016.49999999,5,8,2017;2018;2019;2020;2022;2023;2024;2025,29.623171520084256
5,381,MG,180,185,5,24,114775016.49999999,5,8,2017;2018;2019;2020;2022;2023;2024;2025,20.910474014177122
5,381,MG,185,190,5,50,114775016.49999999,5,8,2017;2018;2019;2020;2022;2023;2024;2025,43.56348752953567
5,381,MG,190,195,5,34,114775016.49999999,5,8,2017;2018;2019;2020;2022;2023;2024;2025,29.623171520084256
5,381,MG,195,200,5,36,88886599.45,5,8,2017;2018;2019;2020;2022;2023;2024;2025,40.50104315246138
5,381,MG,200,205,5,26,81994658.5,5,8,2017;2018;2019;2020;2022;2023;2024;2025,31.70938263008925
5,381,MG,205,210,5,22,83451008.5,5,8,2017;2018;2019;2020;2022;2023;2024;2025,26.36277307541466
5,381,MG,210,215,5,52,85635533.50000001,5,8,2017;2018;2019;2020;2022;2023;2024;2025,60.722456992692166
5,381,MG,215,220,5,36,85635533.50000001,5,8,2017;2018;2019;2020;2022;2023;2024;2025,42.0386240718638
5,381,MG,220,225,5,39,99051626.8,5,8,2017;2018;2019;2020;2022;2023;2024;2025,39.37340683838219
5,381,MG,225,230,5,32,107595703.75,5,8,2017;2018;2019;2020;2022;2023;2024;2025,29.74096444812742
5,381,MG,230,235,5,38,107595703.75,5,8,2017;2018;2019;2020;2022;2023;2024;2025,35.31739528215131
5,381,MG,235,240,5,39,107595703.75,5,8,2017;2018;2019;2020;2022;2023;2024;2025,36.24680042115529
5,381,MG,240,245,5,44,107595703.75,5,8,2017;2018;2019;2020;2022;2023;2024;2025,40.8938261161752
5,381,MG,245,250,5,35,65183097.95,5,5,2017;2018;2019;2020;2022,53.69490113349238
5,381,MG,250,255,5,37,69407418.14999999,5,5,2017;2018;2019;2020;2022,53.308422912429
5,381,MG,255,260,5,1,68059597.25,5,5,2017;2018;2019;2020;2022,1.469300496044296
5,381,MG,260,265,5,45,73094308.69999999,5,6,2017;2018;2019;2020;2022;2023,61.56430069636873
5,381,MG,265,270,5,46,84003235.24999999,5,7,2018;2019;2020;2022;2023;2024;2025,54.75979569489261
5,381,MG,270,275,5,50,115005313.25,5,7,2018;2019;2020;2022;2023;2024;2025,43.47625217220127
5,381,MG,275,280,5,32,104957958.25,5,7,2018;2019;2020;2022;2023;2024;2025,30.48839795814149
5,381,MG,280,285,5,33,94569605.65,5,7,2018;2019;2020;2022;2023;2024;2025,34.89493243963844
5,381,MG,285,290,5,49,86364219.5,5,7,2018;2019;2020;2022;2023;2024;2025,56.73645901471963
5,381,MG,290,295,5,58,85369776.99999999,5,7,2018;2019;2020;2022;2023;2024;2025,67.93973469088482
5,381,MG,295,300,5,28,36748561.35,5,4,2018;2019;2020;2022,76.19345893114806
5,381,MG,300,305,5,19,35613214.25,5,4,2018;2019;2020;2022,53.35098333619241
5,381,MG,305,310,5,48,44203854.24999999,5,7,2018;2019;2020;2022;2023;2024;2025,108.58781618573455
5,381,MG,310,315,5,33,78566414.24999999,5,7,2018;2019;2020;2022;2023;2024;2025,42.00268055379657
5,381,MG,315,320,5,71,61006994.249999985,5,7,2018;2019;2020;2022;2023;2024;2025,116.38009849993554
5,381,MG,320,325,5,32,37219455.15,5,5,2018;2019;2020;2022;2023,85.97654068560432
5,381,MG,325,330,5,36,24181899.7,5,4,2018;2019;2020;2022,148.87167859686392
5,381,MG,330,335,5,80,24918550.0,5,4,2018;2019;2020;2022,321.04596776297177
5,381,MG,335,340,5,108,32188255.0,5,5,2018;2019;2020;2022;2023,335.5261103778381
5,381,MG,340,345,5,139,46321763.099999994,5,7,2018;2019;2020;2022;2023;2024;2025,300.07493389214284
5,381,MG,345,350,5,190,68990588.15,5,7,2017;2018;2019;2020;2022;2024;2025,275.39988438263515
5,381,MG,350,355,5,160,118566840.90000002,5,8,2017;2018;2019;2020;2022;2023;2024;2025,134.94498022001358
5,381,MG,355,360,5,201,139549723.65000004,5,8,2017;2018;2019;2020;2022;2023;2024;2025,144.03468150472395
5,381,MG,360,365,5,259,138886350.75,5,8,2017;2018;2019;2020;2022;2023;2024;2025,186.48340790968618
5,381,MG,365,370,5,137,138886350.75,5,8,2017;2018;2019;2020;2022;2023;2024;2025,98.64180263948651
5,381,MG,370,375,5,93,130544640.75000001,5,8,2017;2018;2019;2020;2022;2023;2024;2025,71.2399984141057
5,381,MG,375,380,5,94,142044724.95,5,8,2017;2018;2019;2020;2022;2023;2024;2025,66.17633990497583
5,381,MG,380,385,5,86,140122883.15,5,8,2017;2018;2019;2020;2022;2023;2024;2025,61.37470059614599
5,381,MG,385,390,5,85,158293386.15,5,8,2017;2018;2019;2020;2022;2023;2024;2025,53.69775836335534
5,381,MG,390,395,5,71,184966936.45000002,5,8,2017;2018;2019;2020;2022;2023;2024;2025,38.385238660852565
5,381,MG,395,400,5,57,219465604.94999996,5,8,2017;2018;2019;2020;2022;2023;2024;2025,25.972179108879544
5,381,MG,400,405,5,119,227464039.74999994,5,8,2017;2018;2019;2020;2022;2023;2024;2025,52.31596173654083
5,381,MG,405,410,5,83,233510994.74999994,5,8,2017;2018;2019;2020;2022;2023;2024;2025,35.544364876206764
5,381,MG,410,415,5,85,267345764.74999994,5,8,2017;2018;2019;2020;2022;2023;2024;2025,31.794032749867988
5,381,MG,415,420,5,86,266704824.74999994,5,8,2017;2018;2019;2020;2022;2023;2024;2025,32.24538591703899
5,381,MG,420,425,5,134,247553446.29999995,5,8,2017;2018;2019;2020;2022;2023;2024;2025,54.129725117060524
5,381,MG,425,430,5,148,281215089.5,5,8,2017;2018;2019;2020;2022;2023;2024;2025,52.62875483073962
5,381,MG,430,435,5,185,271122507.35,5,8,2017;2018;2019;2020;2022;2023;2024;2025,68.23483664570055
5,381,MG,435,440,5,176,292782231.5,5,8,2017;2018;2019;2020;2022;2023;2024;2025,60.112937557141336
5,381,MG,440,445,5,236,292782231.5,5,8,2017;2018;2019;2020;2022;2023;2024;2025,80.60598445162134
5,381,MG,445,450,5,182,223240606.5,5,6,2017;2018;2019;2020;2022;2023,81.52638664328302
5,381,MG,450,455,1,31,44648121.3,1,6,2017;2018;2019;2020;2022;2023,69.43181280059818
5,381,MG,490,495,2,158,140881539.3,2,5,2017;2019;2020;2022;2023,112.15096086049083
5,381,MG,495,500,5,648,536984174.8,5,8,2017;2018;2019;2020;2022;2023;2024;2025,120.67394727998231
5,381,MG,500,505,5,615,527857915.54999995,5,8,2017;2018;2019;2020;2022;2023;2024;2025,116.50862512106171
5,381,MG,505,510,4,266,355372322.0,4,8,2017;2018;2019;2020;2022;2023;2024;2025,74.85107407998983
5,381,MG,510,515,5,309,419672966.75,5,8,2017;2018;2019;2020;2022;2023;2024;2025,73.62875964895588
5,381,MG,515,520,5,272,419672966.75,5,8,2017;2018;2019;2020;2022;2023;2024;2025,64.8123709531262
5,381,MG,520,525,5,222,412180976.75,5,8,2017;2018;2019;2020;2022;2023;2024;2025,53.85983646078106
5,381,MG,525,530,5,413,361256676.8,5,8,2017;2018;2019;2020;2022;2023;2024;2025,114.32314653900399
5,381,MG,530,535,5,385,274635019.15,5,8,2017;2018;2019;2020;2022;2023;2024;2025,140.1860553659841
5,381,MG,535,540,5,88,260748696.35,5,8,2017;2018;2019;2020;2022;2023;2024;2025,33.74897026594473
5,381,MG,540,545,5,153,259422490.75,5,8,2017;2018;2019;2020;2022;2023;2024;2025,58.97715327521193
5,381,MG,545,550,5,77,259422490.75,5,8,2017;2018;2019;2020;2022;2023;2024;2025,29.681312432623
5,381,MG,550,555,5,72,259422490.75,5,8,2017;2018;2019;2020;2022;2023;2024;2025,27.753954482452674
5,381,MG,555,560,4,91,205595462.6,4,8,2017;2018;2019;2020;2022;2023;2024;2025,44.261677202987066
5,381,MG,560,565,5,112,231550835.25,5,8,2017;2018;2019;2020;2022;2023;2024;2025,48.36950809487524
5,381,MG,565,570,5,119,216043941.65000004,5,8,2017;2018;2019;2020;2022;2023;2024;2025,55.081387189641646
5,381,MG,570,575,5,80,205444191.99999997,5,8,2017;2018;2019;2020;2022;2023;2024;2025,38.9400153984397
5,381,MG,575,580,5,113,200380692.99999997,5,8,2017;2018;2019;2020;2022;2023;2024;2025,56.392658548196565
5,381,MG,580,585,5,130,209768091.49999994,5,8,2017;2018;2019;2020;2022;2023;2024;2025,61.97320053321839
5,381,MG,585,590,5,79,223041316.49999994,5,8,2017;2018;2019;2020;2022;2023;2024;2025,35.419446602845
5,381,MG,590,595,5,83,228989794.5,5,8,2017;2018;2019;2020;2022;2023;2024;2025,36.24615681289674
5,381,MG,595,600,5,95,228989794.5,5,8,2017;2018;2019;2020;2022;2023;2024;2025,41.48656502680952
5,381,MG,600,605,5,97,228989794.5,5,8,2017;2018;2019;2020;2022;2023;2024;2025,42.35996639579499
5,381,MG,605,610,5,52,228989794.5,5,8,2017;2018;2019;2020;2022;2023;2024;2025,22.708435593622056
5,381,MG,610,615,5,69,193658634.0,5,8,2017;2018;2019;2020;2022;2023;2024;2025,35.62970499936502
5,381,MG,615,620,5,138,219207020.70000002,5,8,2017;2018;2019;2020;2022;2023;2024;2025,62.95418803618637
5,381,MG,620,625,5,66,214810128.5,5,8,2017;2018;2019;2020;2022;2023;2024;2025,30.724808211266446
5,381,MG,625,630,5,98,214067390.0,5,8,2017;2018;2019;2020;2022;2023;2024;2025,45.77997610939247
5,381,MG,630,635,5,81,214067390.0,5,8,2017;2018;2019;2020;2022;2023;2024;2025,37.838551682252955
5,381,MG,635,640,5,157,214067390.0,5,8,2017;2018;2019;2020;2022;2023;2024;2025,73.34139029770017
5,381,MG,640,645,5,56,215253070.60000002,5,8,2017;2018;2019;2020;2022;2023;2024;2025,26.015889038843746
5,381,MG,645,650,5,103,214164031.05000004,5,8,2017;2018;2019;2020;2022;2023;2024;2025,48.09397707682902
5,381,MG,650,655,5,151,227024488.50000003,5,8,2017;2018;2019;2020;2022;2023;2024;2025,66.51264848021009
5,381,MG,655,660,5,70,226958788.50000003,5,8,2017;2018;2019;2020;2022;2023;2024;2025,30.84260383245745
5,381,MG,660,665,5,62,226942363.50000003,5,8,2017;2018;2019;2020;2022;2023;2024;2025,27.31971194968188
5,381,MG,665,670,5,92,226942363.50000003,5,8,2017;2018;2019;2020;2022;2023;2024;2025,40.53892740920537
5,381,MG,670,675,5,221,226463498.1,5,8,2017;2018;2019;2020;2022;2023;2024;2025,97.5874707642344
5,381,MG,675,680,5,111,249074883.10000002,5,8,2017;2018;2019;2020;2022;2023;2024;2025,44.564911009286746
5,381,MG,680,685,1,22,49710890.3,1,8,2017;2018;2019;2020;2022;2023;2024;2025,44.25589617734125
5,381,MG,685,690,3,87,130209005.0,3,8,2017;2018;2019;2020;2022;2023;2024;2025,66.8156553381235
5,381,MG,690,695,5,78,230956651.75000006,5,8,2017;2018;2019;2020;2022;2023;2024;2025,33.77257135006937
5,381,MG,695,700,5,85,245651442.25000006,5,8,2017;2018;2019;2020;2022;2023;2024;2025,34.6018729714989
5,381,MG,700,705,5,145,245651442.25000006,5,8,2017;2018;2019;2020;2022;2023;2024;2025,59.02672448079224
5,381,MG,705,710,5,177,245651442.25000006,5,8,2017;2018;2019;2020;2022;2023;2024;2025,72.05331195241536
5,381,MG,710,715,5,103,245651442.25000006,5,8,2017;2018;2019;2020;2022;2023;2024;2025,41.9293284242869
5,381,MG,715,720,5,66,258326570.95000005,5,8,2017;2018;2019;2020;2022;2023;2024;2025,25.549055893586154
5,381,MG,720,725,5,156,267309794.0,5,8,2017;2018;2019;2020;2022;2023;2024;2025,58.35925338373498
5,381,MG,725,730,5,206,273487127.0,5,8,2017;2018;2019;2020;2022;2023;2024;2025,75.32347217205583
5,381,MG,730,735,5,108,273487127.0,5,8,2017;2018;2019;2020;2022;2023;2024;2025,39.48997570185451
5,381,MG,735,740,5,97,273487127.0,5,8,2017;2018;2019;2020;2022;2023;2024;2025,35.467848547036
5,381,MG,740,745,5,98,273487127.0,5,8,2017;2018;2019;2020;2022;2023;2024;2025,35.83349647020132
5,381,MG,745,750,5,78,265214438.5,5,8,2017;2018;2019;2020;2022;2023;2024;2025,29.410163504352347
5,381,MG,750,755,5,113,276524770.15,5,8,2017;2018;2019;2020;2022;2023;2024;2025,40.86433195069777
5,381,MG,755,760,5,91,276714884.05,5,8,2017;2018;2019;2020;2022;2023;2024;2025,32.88583493165372
5,381,MG,760,765,5,89,278589553.25,5,8,2017;2018;2019;2020;2022;2023;2024;2025,31.946639406156557
5,381,MG,765,770,5,99,266199004.1,5,8,2017;2018;2019;2020;2022;2023;2024;2025,37.19022177964639
5,381,MG,770,775,5,75,254618798.75,5,8,2017;2018;2019;2020;2022;2023;2024;2025,29.455798381029794
5,381,MG,775,780,5,110,259188963.75,5,8,2017;2018;2019;2020;2022;2023;2024;2025,42.44007862391093
5,381,MG,780,785,5,80,259188963.75,5,8,2017;2018;2019;2020;2022;2023;2024;2025,30.865511726480676
5,381,MG,785,790,5,68,263834731.2,5,8,2017;2018;2019;2020;2022;2023;2024;2025,25.773710569004873
5,381,MG,790,795,5,127,274260051.0,5,8,2017;2018;2019;2020;2022;2023;2024;2025,46.306415949729406
5,381,MG,795,800,5,82,276148517.1999999,5,8,2017;2018;2019;2020;2022;2023;2024;2025,29.694166324496933
5,381,MG,800,805,5,75,279941987.74999994,5,8,2017;2018;2019;2020;2022;2023;2024;2025,26.791265077026665
5,381,MG,805,810,5,61,277984905.1999999,5,8,2017;2018;2019;2020;2022;2023;2024;2025,21.943637535323273
5,381,MG,810,815,5,96,288967974.2,5,8,2017;2018;2019;2020;2022;2023;2024;2025,33.221674569915024
5,381,MG,815,820,5,93,304732484.8,5,8,2017;2018;2019;2020;2022;2023;2024;2025,30.518571087370987
5,381,MG,820,825,5,86,326787241.15,5,8,2017;2018;2019;2020;2022;2023;2024;2025,26.31681692876277
5,381,MG,825,830,5,64,330996107.24999994,5,8,2017;2018;2019;2020;2022;2023;2024;2025,19.33557482948314
5,381,MG,830,835,5,86,330996107.24999994,5,8,2017;2018;2019;2020;2022;2023;2024;2025,25.982178677117968
5,381,MG,835,840,5,93,330996107.24999994,5,8,2017;2018;2019;2020;2022;2023;2024;2025,28.09700717409268
5,381,MG,840,845,5,85,323547092.34999996,5,8,2017;2018;2019;2020;2022;2023;2024;2025,26.271291570764756
5,381,MG,845,850,5,127,327453545.0,5,8,2017;2018;2019;2020;2022;2023;2024;2025,38.78412737904548
5,381,MG,850,855,5,126,277968414.5,5,7,2018;2019;2020;2022;2023;2024;2025,45.328891135579
5,381,MG,855,860,5,112,277968414.5,5,7,2018;2019;2020;2022;2023;2024;2025,40.29234767607023
5,381,MG,860,865,5,91,277968414.5,5,7,2018;2019;2020;2022;2023;2024;2025,32.73753248680706
5,381,MG,865,870,5,85,277968414.5,5,7,2018;2019;2020;2022;2023;2024;2025,30.579013861303295
5,381,MG,870,875,5,127,278045064.5,5,7,2018;2019;2020;2022;2023;2024;2025,45.67604903484989
5,381,MG,875,880,5,103,278436125.5,5,7,2018;2019;2020;2022;2023;2024;2025,36.99232627053633
5,381,MG,880,885,5,107,279771186.0,5,7,2018;2019;2020;2022;2023;2024;2025,38.24553969614298
5,381,MG,885,890,5,131,262717656.0,5,7,2018;2019;2020;2022;2023;2024;2025,49.863416869096916
5,381,MG,890,895,5,109,294235124.95,5,7,2018;2019;2020;2022;2023;2024;2025,37.04520322599914
5,381,MG,895,900,5,105,309210885.15,5,7,2018;2019;2020;2022;2023;2024;2025,33.957407401445096
5,381,MG,900,905,5,95,311635120.25,5,7,2018;2019;2020;2022;2023;2024;2025,30.484369003015154
5,381,MG,905,910,5,241,311635120.25,5,7,2018;2019;2020;2022;2023;2024;2025,77.3340308392279
5,381,MG,910,915,5,77,306324892.2,5,7,2018;2019;2020;2022;2023;2024;2025,25.13671006198431
5,381,MG,915,920,5,95,303725380.4499999,5,7,2018;2019;2020;2022;2023;2024;2025,31.27825533027496
5,381,MG,920,925,5,254,255981716.05,5,6,2018;2019;2020;2022;2024;2025,99.22583687593807
5,381,MG,925,930,5,212,256118977.95000002,5,6,2018;2019;2020;2022;2024;2025,82.7740301389876
5,381,MG,930,935,5,193,174881307.55,5,6,2018;2019;2020;2022;2024;2025,110.36056551945651
5,381,MG,935,940,5,181,180421741.1,5,5,2017;2018;2019;2020;2022,100.32050400161005
5,381,MG,940,945,2,84,84837347.85000001,2,5,2017;2018;2019;2020;2022,99.01299619658018
5,381,SP,0,5,5,130,383084863.04999995,5,8,2017;2018;2019;2020;2022;2023;2024;2025,33.935039605841204
5,381,SP,5,10,5,77,496624000.49999994,5,8,2017;2018;2019;2020;2022;2023;2024;2025,15.504687635409601
5,381,SP,10,15,5,93,415528756.75000006,5,7,2017;2018;2019;2020;2022;2024;2025,22.381122482926685
5,381,SP,15,20,5,86,397998635.3000001,5,7,2017;2018;2019;2020;2022;2024;2025,21.608114292948677
5,381,SP,20,25,5,117,421820236.2,5,6,2018;2019;2020;2022;2024;2025,27.736933878280354
5,381,SP,25,30,5,104,339624816.75,5,6,2018;2019;2020;2022;2024;2025,30.62202609197286
5,381,SP,30,35,5,118,304395381.75,5,4,2018;2019;2020;2022,38.76537131463888
5,381,SP,35,40,5,193,484545190.5500001,5,5,2017;2018;2019;2020;2022,39.83116616655065
5,381,SP,40,45,5,142,529582642.75000006,5,5,2017;2018;2019;2020;2022,26.81356761668526
5,381,SP,45,50,5,127,529582642.75000006,5,5,2017;2018;2019;2020;2022,23.981148502246675
5,381,SP,50,55,5,173,529582642.75000006,5,5,2017;2018;2019;2020;2022,32.667233786524996
5,381,SP,55,60,5,259,646127142.7500001,5,7,2017;2018;2019;2020;2022;2024;2025,40.08498991354282
5,381,SP,60,65,5,318,675263267.7500001,5,7,2017;2018;2019;2020;2022;2024;2025,47.09274370270231
5,381,SP,65,70,5,231,697016428.25,5,6,2017;2018;2019;2020;2022;2023,33.14125616522009
5,381,SP,70,75,5,292,697016428.25,5,6,2017;2018;2019;2020;2022;2023,41.89284329110072
5,381,SP,75,80,5,307,697016428.25,5,6,2017;2018;2019;2020;2022;2023,44.04487291221891
5,381,SP,80,85,1,22,139403285.65,1,6,2017;2018;2019;2020;2022;2023,15.78155055486671
10,050,GO,120,130,5,23,64600875.499999985,5,8,2017;2018;2019;2020;2022;2023;2024;2025,35.60323265278348
10,050,GO,130,140,10,34,129201751.00000001,10,8,2017;2018;2019;2020;2022;2023;2024;2025,26.315432830318215
10,050,GO,140,150,10,50,129201751.00000001,10,8,2017;2018;2019;2020;2022;2023;2024;2025,38.699165926938555
10,050,GO,150,160,10,44,107910921.4,9,8,2017;2018;2019;2020;2022;2023;2024;2025,40.77437151787678
10,050,GO,160,170,10,48,101220967.80000001,9,8,2017;2018;2019;2020;2022;2023;2024;2025,47.42100480094402
10,050,GO,170,180,10,44,112471392.00000001,10,8,2017;2018;2019;2020;2022;2023;2024;2025,39.12105933569311
10,050,GO,180,190,10,42,112471392.00000001,10,8,2017;2018;2019;2020;2022;2023;2024;2025,37.34282936588888
10,050,GO,190,200,10,36,112471392.00000001,10,8,2017;2018;2019;2020;2022;2023;2024;2025,32.00813945647619
10,050,GO,200,210,10,48,110005868.10000002,10,8,2017;2018;2019;2020;2022;2023;2024;2025,43.63403591921656
10,050,GO,210,220,10,29,118992956.50000003,10,8,2017;2018;2019;2020;2022;2023;2024;2025,24.37119040739188
10,050,GO,220,230,10,22,118992956.50000003,10,8,2017;2018;2019;2020;2022;2023;2024;2025,18.48848927457315
10,050,GO,230,240,10,60,118992956.50000003,10,8,2017;2018;2019;2020;2022;2023;2024;2025,50.42315256701768
10,050,GO,240,250,10,64,123487931.50000003,10,8,2017;2018;2019;2020;2022;2023;2024;2025,51.82692690904777
10,050,GO,250,260,10,72,127982906.50000001,10,8,2017;2018;2019;2020;2022;2023;2024;2025,56.257512795273165
10,050,GO,260,270,10,106,151456074.75,10,8,2017;2018;2019;2020;2022;2023;2024;2025,69.98728850920521
10,050,GO,280,290,10,201,160317471.75,10,8,2017;2018;2019;2020;2022;2023;2024;2025,125.37622868294764
10,050,GO,290,300,10,42,172643357.5,10,8,2017;2018;2019;2020;2022;2023;2024;2025,24.327608434051687
10,050,GO,300,310,10,54,172643357.5,10,8,2017;2018;2019;2020;2022;2023;2024;2025,31.278353700923592
10,050,GO,310,320,4,20,73502386.0,4,8,2017;2018;2019;2020;2022;2023;2024;2025,27.21000104676874
10,050,MG,0,10,10,0,0.0,0,0,,
10,050,MG,10,20,10,85,7435838.4,1,3,2018;2022;2023,1143.1125238009474
10,050,MG,20,30,10,229,106701234.75000001,10,7,2017;2018;2020;2022;2023;2024;2025,214.6179475209868
10,050,MG,30,40,3,14,32432596.95,3,3,2017;2024;2025,43.166447699464904
10,050,MG,40,50,8,24,12426096.5,2,1,2017,193.14190904601458
10,050,MG,50,60,10,0,0.0,0,0,,
10,050,MG,60,70,9,267,225450535.49999997,7,8,2017;2018;2019;2020;2022;2023;2024;2025,118.42952575288962
10,050,MG,70,80,3,30,32062070.849999998,3,2,2017;2018,93.56850385726099
10,050,MG,80,90,9,142,343029423.5999999,9,8,2017;2018;2019;2020;2022;2023;2024;2025,41.39586584431996
10,050,MG,90,100,10,89,381143803.9999999,10,8,2017;2018;2019;2020;2022;2023;2024;2025,23.350766578380487
10,050,MG,100,110,10,95,381143803.9999999,10,8,2017;2018;2019;2020;2022;2023;2024;2025,24.924975561192657
10,050,MG,110,120,10,169,381278123.9999999,10,8,2017;2018;2019;2020;2022;2023;2024;2025,44.32459912124412
10,050,MG,120,130,10,113,381479603.9999999,10,8,2017;2018;2019;2020;2022;2023;2024;2025,29.6215050071196
10,050,MG,130,140,10,118,350534593.7499999,10,8,2017;2018;2019;2020;2022;2023;2024;2025,33.66286868797812
10,050,MG,140,150,10,123,337272446.4999999,10,7,2018;2019;2020;2022;2023;2024;2025,36.469033055150575
10,050,MG,150,160,10,132,337272446.4999999,10,7,2018;2019;2020;2022;2023;2024;2025,39.137498888454274
10,050,MG,160,170,10,133,305641181.4999999,10,7,2018;2019;2020;2022;2023;2024;2025,43.51507848100635
10,050,MG,170,180,9,474,252601951.10000002,9,6,2017;2018;2019;2020;2022;2023,187.6470066584533
10,050,MG,180,190,10,241,446538043.4999998,10,8,2017;2018;2019;2020;2022;2023;2024;2025,53.97076542706715
10,050,MG,190,200,10,167,444909774.84999985,10,8,2017;2018;2019;2020;2022;2023;2024;2025,37.535700368980116
10,050,MG,200,210,7,110,303446129.9,7,8,2017;2018;2019;2020;2022;2023;2024;2025,36.250256358929434
10,101,AL,0,10,10,51,85308161.35,8,8,2017;2018;2019;2020;2022;2023;2024;2025,59.78326011594435
10,101,AL,10,20,10,70,159125254.00000003,10,8,2017;2018;2019;2020;2022;2023;2024;2025,43.99050322961306
10,101,AL,20,30,10,64,159125254.00000003,10,8,2017;2018;2019;2020;2022;2023;2024;2025,40.2198886670748
10,101,AL,30,40,10,89,131272848.60000001,8,8,2017;2018;2019;2020;2022;2023;2024;2025,67.79772127227228
10,101,AL,40,50,10,104,170803356.0,10,8,2017;2018;2019;2020;2022;2023;2024;2025,60.888733357206405
10,101,AL,50,60,10,139,204010880.8,10,8,2017;2018;2019;2020;2022;2023;2024;2025,68.13362084165855
10,101,AL,60,70,10,67,212312761.99999997,10,8,2017;2018;2019;2020;2022;2023;2024;2025,31.55721746015438
10,101,AL,70,80,10,144,535183739.3000001,10,8,2017;2018;2019;2020;2022;2023;2024;2025,26.906647086913836
10,101,AL,80,90,10,64,80313446.6,10,8,2017;2018;2019;2020;2022;2023;2024;2025,79.68777671658286
10,101,AL,90,100,10,53,112270824.49999994,10,8,2017;2018;2019;2020;2022;2023;2024;2025,47.207277791034684
10,101,AL,100,110,10,104,164304589.40000004,10,8,2017;2018;2019;2020;2022;2023;2024;2025,63.297075498488766
10,101,AL,110,120,10,99,167356420.1,10,8,2017;2018;2019;2020;2022;2023;2024;2025,59.1551850480817
10,101,AL,120,130,10,91,147506355.0,10,8,2017;2018;2019;2020;2022;2023;2024;2025,61.69225725901775
10,101,AL,130,140,10,236,114596035.1,10,8,2017;2018;2019;2020;2022;2023;2024;2025,205.9408074581806
10,101,AL,140,150,10,102,197495404.50000003,10,8,2017;2018;2019;2020;2022;2023;2024;2025,51.64677135563425
10,101,AL,150,160,10,50,197495404.50000003,10,8,2017;2018;2019;2020;2022;2023;2024;2025,25.31704478217365
10,101,AL,160,170,10,44,175508910.44999996,10,8,2017;2018;2019;2020;2022;2023;2024;2025,25.06995222475328
10,101,AL,170,180,10,121,153753767.99999997,10,8,2017;2018;2019;2020;2022;2023;2024;2025,78.69725833320717
10,101,AL,180,190,10,121,153753767.99999997,10,8,2017;2018;2019;2020;2022;2023;2024;2025,78.69725833320717
10,101,AL,190,200,10,109,153753767.99999997,10,8,2017;2018;2019;2020;2022;2023;2024;2025,70.89257155636018
10,101,AL,200,210,10,106,236739584.0,10,8,2017;2018;2019;2020;2022;2023;2024;2025,44.774937173159856
10,101,AL,210,220,10,62,242031645.99999997,10,8,2017;2018;2019;2020;2022;2023;2024;2025,25.61648487900628
10,101,AL,220,230,10,29,222432186.24999997,10,8,2017;2018;2019;2020;2022;2023;2024;2025,13.037681501455818
10,101,AL,230,240,10,66,176700113.50000003,10,8,2017;2018;2019;2020;2022;2023;2024;2025,37.35141913194073
10,101,AL,240,250,8,70,138886409.15000004,8,8,2017;2018;2019;2020;2022;2023;2024;2025,50.400899863714265
10,101,BA,0,10,10,61,126406073.64999999,10,7,2017;2018;2019;2022;2023;2024;2025,48.25717486400228
10,101,BA,10,20,10,38,139306181.05,10,8,2017;2018;2019;2020;2022;2023;2024;2025,27.278043022628676
10,101,BA,20,30,10,64,140624900.5,10,8,2017;2018;2019;2020;2022;2023;2024;2025,45.5111433127734
10,101,BA,30,40,10,54,141016122.10000002,10,8,2017;2018;2019;2020;2022;2023;2024;2025,38.29349381888866
10,101,BA,40,50,10,36,150755329.5,10,7,2018;2019;2020;2022;2023;2024;2025,23.879752788441223
10,101,BA,50,60,10,28,150755329.5,10,7,2018;2019;2020;2022;2023;2024;2025,18.573141057676505
10,101,BA,60,70,10,78,127263214.10000001,10,8,2017;2018;2019;2020;2022;2023;2024;2025,61.29029551203202
10,101,BA,70,80,10,35,152960842.0,10,8,2017;2018;2019;2020;2022;2023;2024;2025,22.88167320627066
10,101,BA,80,90,10,36,152960842.0,10,8,2017;2018;2019;2020;2022;2023;2024;2025,23.535435297878394
10,101,BA,90,100,7,24,107072589.40000002,7,8,2017;2018;2019;2020;2022;2023;2024;2025,22.414700283693705
10,101,BA,100,110,3,47,91565995.10000001,3,7,2018;2019;2020;2022;2023;2024;2025,51.32909869943628
10,101,BA,110,120,10,82,192573762.75000006,10,8,2017;2018;2019;2020;2022;2023;2024;2025,42.58108624405532
10,101,BA,120,130,10,71,178778496.50000003,10,8,2017;2018;2019;2020;2022;2023;2024;2025,39.71394848373165
10,101,BA,130,140,10,39,179731146.50000003,10,8,2017;2018;2019;2020;2022;2023;2024;2025,21.699077071207576
10,101,BA,140,150,10,50,180314974.95000002,10,8,2017;2018;2019;2020;2022;2023;2024;2025,27.729255439746264
10,101,BA,150,160,10,52,194676254.00000003,10,8,2017;2018;2019;2020;2022;2023;2024;2025,26.711013249720736
10,101,BA,160,170,10,114,133334967.19999997,10,8,2017;2018;2019;2020;2022;2023;2024;2025,85.49895229583859
10,101,BA,170,180,10,131,164326248.4999999,10,8,2017;2018;2019;2020;2022;2023;2024;2025,79.71946125210792
10,101,BA,180,190,10,90,157680496.39999998,10,8,2017;2018;2019;2020;2022;2023;2024;2025,57.07744588252071
10,101,BA,190,200,10,92,179434299.29999995,10,8,2017;2018;2019;2020;2022;2023;2024;2025,51.27224859400113
10,101,BA,200,210,10,127,198122722.6999999,10,8,2017;2018;2019;2020;2022;2023;2024;2025,64.10168317356768
10,101,BA,210,220,10,119,252045603.49999997,10,8,2017;2018;2019;2020;2022;2023;2024;2025,47.213678139003925
10,101,BA,220,230,10,116,229710231.50000006,10,8,2017;2018;2019;2020;2022;2023;2024;2025,50.49840368124829
10,101,BA,230,240,10,105,230689249.10000008,10,8,2017;2018;2019;2020;2022;2023;2024;2025,45.51577518659493
10,101,BA,240,250,10,68,244593226.95000008,10,8,2017;2018;2019;2020;2022;2023;2024;2025,27.801260422432144
10,101,BA,250,260,10,125,196044157.20000005,10,8,2017;2018;2019;2020;2022;2023;2024;2025,63.761145338536
10,101,BA,260,270,10,235,106620277.75,10,8,2017;2018;2019;2020;2022;2023;2024;2025,220.40835473250303
10,101,BA,270,280,10,56,123258529.00000003,10,8,2017;2018;2019;2020;2022;2023;2024;2025,45.432961478876635
10,101,BA,280,290,10,74,120160941.90000004,10,8,2017;2018;2019;2020;2022;2023;2024;2025,61.5840711881104
10,101,BA,290,300,10,36,122940248.99999999,10,8,2017;2018;2019;2020;2022;2023;2024;2025,29.2825175585906
10,101,BA,300,310,10,33,114656617.79999995,10,8,2017;2018;2019;2020;2022;2023;2024;2025,28.781592055648456
10,101,BA,310,320,10,29,112585709.99999994,10,8,2017;2018;2019;2020;2022;2023;2024;2025,25.75815349923184
10,101,BA,320,330,10,57,105747113.79999998,10,8,2017;2018;2019;2020;2022;2023;2024;2025,53.90218035435404
10,101,BA,330,340,10,43,93856319.0,10,7,2018;2019;2020;2022;2023;2024;2025,45.81470960948298
10,101,BA,340,350,10,43,92602580.5,10,7,2018;2019;2020;2022;2023;2024;2025,46.434991085372616
10,101,BA,350,360,10,83,93810347.25,10,7,2018;2019;2020;2022;2023;2024;2025,88.47638073314988
10,101,BA,360,370,10,88,80608516.25,10,8,2017;2018;2019;2020;2022;2023;2024;2025,109.16960650544166
10,101,BA,370,380,10,68,82334838.5,10,7,2018;2019;2020;2022;2023;2024;2025,82.58958326614074
10,101,BA,380,390,10,54,82334838.5,10,7,2018;2019;2020;2022;2023;2024;2025,65.58584553487647
10,101,BA,390,400,10,43,86261457.39999999,10,8,2017;2018;2019;2020;2022;2023;2024;2025,49.84845062448482
10,101,BA,400,410,10,39,95692451.49999997,10,8,2017;2018;2019;2020;2022;2023;2024;2025,40.755565761631686
10,101,BA,410,420,10,23,95692451.49999997,10,8,2017;2018;2019;2020;2022;2023;2024;2025,24.035333654295616
10,101,BA,420,430,10,91,88355520.8,10,8,2017;2018;2019;2020;2022;2023;2024;2025,102.99299825982126
10,101,BA,430,440,10,51,94535821.25000001,10,8,2017;2018;2019;2020;2022;2023;2024;2025,53.94780446782229
10,101,BA,440,450,9,85,110761385.25000003,9,8,2017;2018;2019;2020;2022;2023;2024;2025,76.74154653099193
10,101,BA,450,460,10,19,101078829.50000001,10,7,2018;2019;2020;2022;2023;2024;2025,18.797210151706395
10,101,BA,460,470,10,33,101078829.50000001,10,7,2018;2019;2020;2022;2023;2024;2025,32.64778605296374
10,101,BA,470,480,10,67,100315760.49999999,10,8,2017;2018;2019;2020;2022;2023;2024;2025,66.78910638373719
10,101,BA,480,490,10,56,116970673.99999997,10,8,2017;2018;2019;2020;2022;2023;2024;2025,47.875247773642826
10,101,BA,490,500,10,92,188481871.85000005,10,8,2017;2018;2019;2020;2022;2023;2024;2025,48.81106023459729
10,101,BA,500,510,8,183,119220701.9,8,8,2017;2018;2019;2020;2022;2023;2024;2025,153.49683157669782
10,101,BA,510,520,8,56,104321672.0,8,8,2017;2018;2019;2020;2022;2023;2024;2025,53.68012123118579
10,101,BA,520,530,10,89,124920629.49999999,10,8,2017;2018;2019;2020;2022;2023;2024;2025,71.24523816140393
10,101,BA,530,540,10,84,119439168.99999997,10,8,2017;2018;2019;2020;2022;2023;2024;2025,70.32868756814611
10,101,BA,540,550,9,47,104918301.0,9,8,2017;2018;2019;2020;2022;2023;2024;2025,44.796760481281524
10,101,BA,550,560,10,52,116575890.0,10,8,2017;2018;2019;2020;2022;2023;2024;2025,44.606135968595225
10,101,BA,560,570,10,49,128044211.89999999,10,8,2017;2018;2019;2020;2022;2023;2024;2025,38.268032012464595
10,101,BA,570,580,10,33,137383955.99999994,10,8,2017;2018;2019;2020;2022;2023;2024;2025,24.02027206146256
10,101,BA,580,590,10,54,127048433.49999999,10,8,2017;2018;2019;2020;2022;2023;2024;2025,42.50347565285014
10,101,BA,590,600,10,30,106376205.90000005,10,8,2017;2018;2019;2020;2022;2023;2024;2025,28.20179545433476
10,101,BA,600,610,10,26,116379520.00000003,10,8,2017;2018;2019;2020;2022;2023;2024;2025,22.340700494382514
10,101,BA,610,620,10,67,116379520.00000003,10,8,2017;2018;2019;2020;2022;2023;2024;2025,57.570266658601085
10,101,BA,620,630,10,42,116379520.00000003,10,8,2017;2018;2019;2020;2022;2023;2024;2025,36.088823875540974
10,101,BA,630,640,10,12,126275418.25000003,10,8,2017;2018;2019;2020;2022;2023;2024;2025,9.503037223161206
10,101,BA,640,650,10,27,126697836.40000002,10,8,2017;2018;2019;2020;2022;2023;2024;2025,21.31054544195831
10,101,BA,650,660,10,50,136852406.50000003,10,8,2017;2018;2019;2020;2022;2023;2024;2025,36.53571119335778
10,101,BA,660,670,10,113,140743343.0,10,8,2017;2018;2019;2020;2022;2023;2024;2025,80.287989180419
10,101,BA,670,680,10,70,144286069.50000003,10,8,2017;2018;2019;2020;2022;2023;2024;2025,48.514732047642326
10,101,BA,680,690,10,53,304027990.99999994,10,8,2017;2018;2019;2020;2022;2023;2024;2025,17.43260540770406
10,101,BA,690,700,10,77,300437850.99999994,10,8,2017;2018;2019;2020;2022;2023;2024;2025,25.629260675280232
10,101,BA,700,710,10,72,287144550.99999994,10,8,2017;2018;2019;2020;2022;2023;2024;2025,25.074478951195566
10,101,BA,710,720,10,369,235464712.0,10,8,2017;2018;2019;2020;2022;2023;2024;2025,156.71138017487732
10,101,BA,720,730,10,84,152816156.0,10,8,2017;2018;2019;2020;2022;2023;2024;2025,54.96801005778473
10,101,BA,730,740,10,118,152816156.0,10,8,2017;2018;2019;2020;2022;2023;2024;2025,77.21696650974522
10,101,BA,740,750,10,109,139602754.5,10,8,2017;2018;2019;2020;2022;2023;2024;2025,78.07868862644827
10,101,BA,750,760,10,67,125730163.00000004,10,8,2017;2018;2019;2020;2022;2023;2024;2025,53.28872436123381
10,101,BA,760,770,10,38,122561598.00000004,10,8,2017;2018;2019;2020;2022;2023;2024;2025,31.004817675435326
10,101,BA,770,780,10,28,118757203.00000003,10,8,2017;2018;2019;2020;2022;2023;2024;2025,23.57751723068115
10,101,BA,780,790,10,37,118757203.00000003,10,8,2017;2018;2019;2020;2022;2023;2024;2025,31.15600491197152
10,101,BA,790,800,10,57,115439115.75000003,10,8,2017;2018;2019;2020;2022;2023;2024;2025,49.37667759292412
10,101,BA,800,810,10,91,107219961.80000004,10,8,2017;2018;2019;2020;2022;2023;2024;2025,84.87225556911173
10,101,BA,810,820,10,102,108925803.9,10,8,2017;2018;2019;2020;2022;2023;2024;2025,93.6417234006753
10,101,BA,820,830,10,50,122246347.5,10,8,2017;2018;2019;2020;2022;2023;2024;2025,40.901017513018125
10,101,BA,830,840,10,69,122246347.5,10,8,2017;2018;2019;2020;2022;2023;2024;2025,56.44340416796502
10,101,BA,840,850,10,64,122246347.5,10,8,2017;2018;2019;2020;2022;2023;2024;2025,52.353302416663205
10,101,BA,850,860,10,71,127378977.5,10,8,2017;2018;2019;2020;2022;2023;2024;2025,55.73918192269993
10,101,BA,860,870,10,65,147909497.5,10,8,2017;2018;2019;2020;2022;2023;2024;2025,43.94579191914299
10,101,BA,870,880,10,257,161894490.75,10,8,2017;2018;2019;2020;2022;2023;2024;2025,158.74536484188545
10,101,BA,880,890,10,129,175879484.0,10,8,2017;2018;2019;2020;2022;2023;2024;2025,73.345677998464
10,101,BA,890,900,10,116,175879484.0,10,8,2017;2018;2019;2020;2022;2023;2024;2025,65.9542530838901
10,101,BA,900,910,10,88,175879484.0,10,8,2017;2018;2019;2020;2022;2023;2024;2025,50.03426096019249
10,101,BA,910,920,10,72,175879484.0,10,8,2017;2018;2019;2020;2022;2023;2024;2025,40.93712260379386
10,101,BA,920,930,10,80,161241049.49999997,10,8,2017;2018;2019;2020;2022;2023;2024;2025,49.61515708814586
10,101,BA,930,940,10,97,158120872.54999998,10,8,2017;2018;2019;2020;2022;2023;2024;2025,61.34547478501124
10,101,BA,940,950,10,95,130039279.99999996,10,8,2017;2018;2019;2020;2022;2023;2024;2025,73.054849273235
10,101,BA,950,960,6,13,78023568.00000001,6,8,2017;2018;2019;2020;2022;2023;2024;2025,16.661632290386923
10,101,ES,0,10,10,98,18917687.2,7,2,2017;2022,518.0337266597791
10,101,ES,10,20,10,185,42736722.150000006,10,8,2017;2018;2019;2020;2022;2023;2024;2025,432.8829884301269
10,101,ES,20,30,10,127,138372850.5,10,8,2017;2018;2019;2020;2022;2023;2024;2025,91.78101017728184
10,101,ES,30,40,10,149,152143125.2,10,8,2017;2018;2019;2020;2022;2023;2024;2025,97.93409975254012
10,101,ES,40,50,10,103,154916073.99999997,10,8,2017;2018;2019;2020;2022;2023;2024;2025,66.4876131575604
10,101,ES,50,60,10,89,225760092.00000006,10,8,2017;2018;2019;2020;2022;2023;2024;2025,39.42237939910123
10,101,ES,60,70,10,661,183244658.40000004,10,8,2017;2018;2019;2020;2022;2023;2024;2025,360.7199280849541
10,101,ES,70,80,10,189,217523136.99999994,10,8,2017;2018;2019;2020;2022;2023;2024;2025,86.88730891187913
10,101,ES,80,90,10,102,226232036.99999994,10,8,2017;2018;2019;2020;2022;2023;2024;2025,45.08645254341233
10,101,ES,90,100,10,166,211366076.10000002,10,8,2017;2018;2019;2020;2022;2023;2024;2025,78.53672787181954
10,101,ES,100,110,10,119,201455435.50000006,10,8,2017;2018;2019;2020;2022;2023;2024;2025,59.07013613440078
10,101,ES,110,120,10,138,201455435.50000006,10,8,2017;2018;2019;2020;2022;2023;2024;2025,68.50150240796057
10,101,ES,120,130,9,267,183050602.50000003,9,8,2017;2018;2019;2020;2022;2023;2024;2025,145.86130630190084
10,101,ES,130,140,10,246,170953444.00000003,10,8,2017;2018;2019;2020;2022;2023;2024;2025,143.8988266302491
10,101,ES,140,150,10,922,116496904.00000001,10,5,2017;2018;2019;2020;2022,791.4373415451453
10,101,ES,150,160,10,277,252585077.15,9,8,2017;2018;2019;2020;2022;2023;2024;2025,109.66601951527839
10,101,ES,160,170,10,224,295277371.50000006,10,8,2017;2018;2019;2020;2022;2023;2024;2025,75.86087577997827
10,101,ES,170,180,10,174,295277371.50000006,10,8,2017;2018;2019;2020;2022;2023;2024;2025,58.92764457909026
10,101,ES,180,190,10,175,295283941.50000006,10,8,2017;2018;2019;2020;2022;2023;2024;2025,59.26499054131596
10,101,ES,190,200,10,89,204460272.45000008,9,8,2017;2018;2019;2020;2022;2023;2024;2025,43.529238679736466
10,101,ES,200,210,10,267,252425342.20000002,10,8,2017;2018;2019;2020;2022;2023;2024;2025,105.77384888259446
10,101,ES,210,220,10,315,331129299.40000004,10,8,2017;2018;2019;2020;2022;2023;2024;2025,95.12900264965197
10,101,ES,220,230,10,211,332135159.1,9,8,2017;2018;2019;2020;2022;2023;2024;2025,63.52835411094542
10,101,ES,230,240,10,251,410556000.40000004,10,8,2017;2018;2019;2020;2022;2023;2024;2025,61.136604934638285
10,101,ES,240,250,10,231,473128293.4999999,10,8,2017;2018;2019;2020;2022;2023;2024;2025,48.82396660135483
10,101,ES,250,260,10,512,240102219.49999997,10,7,2017;2018;2019;2020;2022;2024;2025,213.24251023843618
10,101,ES,260,270,10,338,38898126.650000006,10,1,2017,868.936447868756
10,101,ES,270,280,10,127,25227007.85,10,1,2017,503.4287092434547
10,101,ES,280,290,10,88,22173056.5,10,1,2017,396.8780758755564
10,101,ES,290,300,10,191,32933647.050000004,9,1,2017,579.9539896386907
10,101,ES,300,310,10,409,194693335.99999997,10,8,2017;2018;2019;2020;2022;2023;2024;2025,210.0739595935631
10,101,ES,310,320,10,165,356981607.0,10,8,2017;2018;2019;2020;2022;2023;2024;2025,46.22086874072478
10,101,ES,320,330,10,134,341707817.0,10,8,2017;2018;2019;2020;2022;2023;2024;2025,39.21478916591481
10,101,ES,330,340,10,195,357531461.25000006,10,8,2017;2018;2019;2020;2022;2023;2024;2025,54.54065477713256
10,101,ES,340,350,10,135,358064890.50000006,10,8,2017;2018;2019;2020;2022;2023;2024;2025,37.70266328303975
10,101,ES,350,360,10,158,340983146.00000006,10,8,2017;2018;2019;2020;2022;2023;2024;2025,46.33660104713796
10,101,ES,360,370,10,152,362377475.0,10,8,2017;2018;2019;2020;2022;2023;2024;2025,41.94521196440259
10,101,ES,370,380,10,172,250363435.29999992,10,8,2017;2018;2019;2020;2022;2023;2024;2025,68.70012779378094
10,101,ES,380,390,10,181,312734606.1,10,8,2017;2018;2019;2020;2022;2023;2024;2025,57.8765497867938
10,101,ES,390,400,10,217,337393049.8000001,10,8,2017;2018;2019;2020;2022;2023;2024;2025,64.31667757490361
10,101,ES,400,410,10,129,251423537.65,10,8,2017;2018;2019;2020;2022;2023;2024;2025,51.30784540132335
10,101,ES,410,420,10,107,198779941.69999996,10,8,2017;2018;2019;2020;2022;2023;2024;2025,53.828368740285235
10,101,ES,420,430,10,110,224871236.69999996,10,8,2017;2018;2019;2020;2022;2023;2024;2025,48.91688310797644
10,101,ES,430,440,10,112,226601453.49999997,10,8,2017;2018;2019;2020;2022;2023;2024;2025,49.42598481611241
10,101,ES,440,450,10,96,229210969.89999995,10,8,2017;2018;2019;2020;2022;2023;2024;2025,41.88281217163508
10,101,ES,450,460,10,85,223551794.54999998,10,8,2017;2018;2019;2020;2022;2023;2024;2025,38.022508462122296
10,101,ES,460,470,3,13,42712066.400000006,3,8,2017;2018;2019;2020;2022;2023;2024;2025,30.436363996662074
10,101,PB,0,10,10,69,305746615.4,10,8,2017;2018;2019;2020;2022;2023;2024;2025,22.567706893412108
10,101,PB,10,20,10,108,307878777.5,10,8,2017;2018;2019;2020;2022;2023;2024;2025,35.07874134000678
10,101,PB,20,30,10,88,307878777.5,10,8,2017;2018;2019;2020;2022;2023;2024;2025,28.582678128894415
10,101,PB,30,40,10,111,363333081.5000001,10,8,2017;2018;2019;2020;2022;2023;2024;2025,30.550479890722517
10,101,PB,40,50,10,168,460559080.5,10,8,2017;2018;2019;2020;2022;2023;2024;2025,36.47740477022253
10,101,PB,50,60,10,143,457020405.5,10,8,2017;2018;2019;2020;2022;2023;2024;2025,31.289631333540093
10,101,PB,60,70,10,122,457020405.5,10,8,2017;2018;2019;2020;2022;2023;2024;2025,26.694650508334906
10,101,PB,70,80,10,207,420106754.65,9,8,2017;2018;2019;2020;2022;2023;2024;2025,49.273190137696346
10,101,PB,80,90,10,679,104181128.74999999,9,5,2017;2018;2019;2020;2022,651.7495137045154
10,101,PB,90,100,10,438,524034642.75,10,8,2017;2018;2019;2020;2022;2023;2024;2025,83.582260459249
10,101,PB,100,110,10,181,564119289.5000002,10,8,2017;2018;2019;2020;2022;2023;2024;2025,32.08541231774347
10,101,PB,110,120,10,186,461295978.9999998,10,8,2017;2018;2019;2020;2022;2023;2024;2025,40.32118389655421
10,101,PB,120,130,8,204,377119014.69999987,8,8,2017;2018;2019;2020;2022;2023;2024;2025,54.09432885856553
10,101,PE,0,10,10,114,205891755.0,7,4,2022;2023;2024;2025,55.36890003196097
10,101,PE,10,20,10,102,404990035.1,10,5,2017;2022;2023;2024;2025,25.185804874140715
10,101,PE,20,30,10,102,485985710.50000006,10,5,2017;2022;2023;2024;2025,20.988271423671826
10,101,PE,30,40,10,179,459971437.80000013,10,5,2017;2022;2023;2024;2025,38.91545980683933
10,101,PE,40,50,10,520,165426931.55,10,3,2017;2022;2023,314.3381764551625
10,101,PE,50,60,10,278,57229773.49999999,10,2,2017;2022,485.7611396976786
10,101,PE,60,70,10,171,32529876.750000004,10,1,2017,525.6706052536764
10,101,PE,70,80,10,156,33983244.7,10,1,2017,459.04975047894703
10,101,PE,80,90,10,127,6819236.6,2,1,2017,1862.3785542211574
10,101,PE,90,100,10,106,10056173.4,6,1,2017,1054.0788805411808
10,101,PE,100,110,8,176,127635236.69999997,8,8,2017;2018;2019;2020;2022;2023;2024;2025,137.89295538635534
10,101,PE,110,120,10,127,248977267.5,10,8,2017;2018;2019;2020;2022;2023;2024;2025,51.00867291026881
10,101,PE,120,130,10,145,233154145.2,10,8,2017;2018;2019;2020;2022;2023;2024;2025,62.190616373394846
10,101,PE,130,140,10,105,266889985.6,10,8,2017;2018;2019;2020;2022;2023;2024;2025,39.3420531549536
10,101,PE,140,150,10,76,281497300.1999999,10,8,2017;2018;2019;2020;2022;2023;2024;2025,26.998482737135685
10,101,PE,150,160,10,92,260242904.90000007,10,8,2017;2018;2019;2020;2022;2023;2024;2025,35.35158817695782
10,101,PE,160,170,10,70,277749305.0,10,8,2017;2018;2019;2020;2022;2023;2024;2025,25.202583315194975
10,101,PE,170,180,10,67,276574005.0,10,8,2017;2018;2019;2020;2022;2023;2024;2025,24.22498094135781
10,101,PE,180,190,10,122,216068323.65000004,10,8,2017;2018;2019;2020;2022;2023;2024;2025,56.463621293060356
10,101,PE,190,200,10,55,160112965.89999998,10,7,2018;2019;2020;2022;2023;2024;2025,34.35074710585947
10,101,PE,200,210,10,61,146280571.84999996,10,7,2018;2019;2020;2022;2023;2024;2025,41.70068466956162
10,101,PE,210,220,4,9,61228808.39999999,4,7,2018;2019;2020;2022;2023;2024;2025,14.698963176294644
10,101,RJ,0,10,10,48,136334157.59999996,10,8,2017;2018;2019;2020;2022;2023;2024;2025,35.20761109686867
10,101,RJ,10,20,10,73,181665573.5,10,8,2017;2018;2019;2020;2022;2023;2024;2025,40.18372804135066
10,101,RJ,20,30,10,52,164152034.00000003,10,8,2017;2018;2019;2020;2022;2023;2024;2025,31.67795045415032
10,101,RJ,30,40,10,53,171773628.2,10,8,2017;2018;2019;2020;2022;2023;2024;2025,30.854561643357084
10,101,RJ,40,50,10,173,145823825.45,10,8,2017;2018;2019;2020;2022;2023;2024;2025,118.63630614965466
10,101,RJ,50,60,10,296,73418472.50000004,10,5,2017;2018;2019;2020;2022,403.16828983332476
10,101,RJ,60,70,6,382,123089366.10000002,6,7,2017;2018;2019;2020;2022;2024;2025,310.3436243953489
10,101,RJ,70,80,10,310,367330400.8999999,10,8,2017;2018;2019;2020;2022;2023;2024;2025,84.39268822849017
10,101,RJ,80,90,10,228,353854871.0,10,8,2017;2018;2019;2020;2022;2023;2024;2025,64.43319526891577
10,101,RJ,90,100,10,135,353854871.0,10,8,2017;2018;2019;2020;2022;2023;2024;2025,38.15123404080539
10,101,RJ,100,110,10,109,353854871.0,10,8,2017;2018;2019;2020;2022;2023;2024;2025,30.803588966279907
10,101,RJ,110,120,10,84,353838446.0,10,8,2017;2018;2019;2020;2022;2023;2024;2025,23.739647556557493
10,101,RJ,120,130,10,68,348224198.49999994,10,8,2017;2018;2019;2020;2022;2023;2024;2025,19.527649225101168
10,101,RJ,130,140,10,72,310969951.54999995,9,8,2017;2018;2019;2020;2022;2023;2024;2025,23.1533624522636
10,101,RJ,140,150,10,102,275731712.75000006,10,8,2017;2018;2019;2020;2022;2023;2024;2025,36.99248047411985
10,101,RJ,150,160,10,72,225678149.50000006,10,8,2017;2018;2019;2020;2022;2023;2024;2025,31.90384189143663
10,101,RJ,160,170,10,74,203110334.55000004,9,8,2017;2018;2019;2020;2022;2023;2024;2025,36.43339969083813
10,101,RJ,170,180,10,78,335201217.50000006,10,8,2017;2018;2019;2020;2022;2023;2024;2025,23.26960521854309
10,101,RJ,180,190,10,84,335201217.50000006,10,8,2017;2018;2019;2020;2022;2023;2024;2025,25.059574850738716
10,101,RJ,190,200,10,191,492357424.25,10,8,2017;2018;2019;2020;2022;2023;2024;2025,38.79295621284622
10,101,RJ,200,210,10,199,501696573.40000004,10,8,2017;2018;2019;2020;2022;2023;2024;2025,39.66540944287821
10,101,RJ,210,220,10,125,469019671.0000001,10,8,2017;2018;2019;2020;2022;2023;2024;2025,26.651334203848343
10,101,RJ,220,230,10,127,469019671.0000001,10,8,2017;2018;2019;2020;2022;2023;2024;2025,27.077755551109917
10,101,RJ,230,240,10,115,475072305.40000004,10,8,2017;2018;2019;2020;2022;2023;2024;2025,24.20684150451006
10,101,RJ,240,250,10,123,489195118.9999998,10,8,2017;2018;2019;2020;2022;2023;2024;2025,25.14334162847607
10,101,RJ,250,260,10,144,489195118.9999998,10,8,2017;2018;2019;2020;2022;2023;2024;2025,29.43610727236223
10,101,RJ,260,270,10,418,889472748.6,10,8,2017;2018;2019;2020;2022;2023;2024;2025,46.994132271946256
10,101,RJ,270,280,10,269,669639475.4999999,10,5,2017;2018;2019;2020;2022,40.17086952634411
10,101,RJ,280,290,10,260,629962898.75,10,5,2017;2018;2019;2020;2022,41.27227182996069
10,101,RJ,290,300,10,615,777172300.7,10,6,2017;2018;2019;2020;2022;2023,79.13303130413536
10,101,RJ,300,310,10,581,1136508091.9999995,10,6,2017;2018;2019;2020;2022;2023,51.12150138566723
10,101,RJ,310,320,10,830,1136508091.9999995,10,6,2017;2018;2019;2020;2022;2023,73.03071626523891
10,101,RJ,320,330,10,1355,3303950916.800001,10,8,2017;2018;2019;2020;2022;2023;2024;2025,41.011505137986966
10,101,RJ,330,340,5,472,1787049187.0500002,5,8,2017;2018;2019;2020;2022;2023;2024;2025,26.41225565700077
10,101,RJ,340,350,3,0,35173480.5,3,1,2017,0.0
10,101,RJ,350,360,10,0,71643846.15,10,1,2017,0.0
10,101,RJ,360,370,10,0,64709605.349999994,9,1,2017,0.0
10,101,RJ,370,380,10,0,71899561.5,10,1,2017,0.0
10,101,RJ,380,390,10,2,79377469.8,10,1,2017,2.5196066403215087
10,101,RJ,390,400,8,211,337861198.8,8,5,2017;2022;2023;2024;2025,62.45168156314491
10,101,RJ,400,410,10,227,456600947.49999994,10,5,2017;2018;2019;2020;2022,49.715183738202825
10,101,RJ,410,420,10,310,465328353.0,9,6,2017;2018;2019;2020;2022;2023,66.6196241861067
10,101,RJ,420,430,10,195,672998680.0,10,6,2017;2018;2019;2020;2022;2023,28.974796800492985
10,101,RJ,430,440,10,243,351722555.6,10,8,2017;2018;2019;2020;2022;2023;2024;2025,69.08854610858513
10,101,RJ,440,450,10,103,214032787.99999994,10,7,2017;2018;2019;2020;2022;2024;2025,48.123467886611856
10,101,RJ,450,460,10,93,214032787.99999994,10,7,2017;2018;2019;2020;2022;2024;2025,43.45128653839711
10,101,RJ,460,470,10,127,214032787.99999994,10,7,2017;2018;2019;2020;2022;2024;2025,59.336703122327236
10,101,RJ,470,480,10,368,214032787.99999994,10,7,2017;2018;2019;2020;2022;2024;2025,171.93627361430254
10,101,RJ,480,490,10,507,160167051.6,10,7,2017;2018;2019;2020;2022;2024;2025,316.54450458773385
10,101,RJ,490,500,10,87,124415922.10000001,10,5,2017;2018;2019;2020;2022,69.92674131376309
10,101,RJ,500,510,10,105,90988879.00000004,10,5,2017;2018;2019;2020;2022,115.39871812246413
10,101,RJ,510,520,10,68,90988879.00000004,10,5,2017;2018;2019;2020;2022,74.73440792692914
10,101,RJ,520,530,10,156,96828879.00000003,10,8,2017;2018;2019;2020;2022;2023;2024;2025,161.10896006551923
10,101,RJ,530,540,10,141,149388879.0,10,8,2017;2018;2019;2020;2022;2023;2024;2025,94.3845358127361
10,101,RJ,540,550,10,92,149388879.0,10,8,2017;2018;2019;2020;2022;2023;2024;2025,61.58423613313278
10,101,RJ,550,560,10,72,149388879.0,10,8,2017;2018;2019;2020;2022;2023;2024;2025,48.19635871288652
10,101,RJ,560,570,10,92,149388879.0,10,8,2017;2018;2019;2020;2022;2023;2024;2025,61.58423613313278
10,101,RJ,570,580,10,180,110067582.30000003,9,8,2017;2018;2019;2020;2022;2023;2024;2025,163.5358897130967
10,101,RJ,580,590,10,54,88432857.00000001,10,8,2017;2018;2019;2020;2022;2023;2024;2025,61.063276514972245
10,101,RJ,590,600,9,55,79589571.30000001,9,8,2017;2018;2019;2020;2022;2023;2024;2025,69.10453103546241
10,101,RN,0,10,10,22,66602849.39999998,8,8,2017;2018;2019;2020;2022;2023;2024;2025,33.03161981535283
10,101,RN,10,20,10,14,80873962.5,10,8,2017;2018;2019;2020;2022;2023;2024;2025,17.310886677526156
10,101,RN,20,30,10,22,80518270.00000003,10,8,2017;2018;2019;2020;2022;2023;2024;2025,27.322991415488673
10,101,RN,30,40,10,23,80740920.00000003,10,8,2017;2018;2019;2020;2022;2023;2024;2025,28.48617528757412
10,101,RN,40,50,10,19,72633978.00000003,9,8,2017;2018;2019;2020;2022;2023;2024;2025,26.158556261368464
10,101,RN,50,60,10,39,90551039.60000002,10,8,2017;2018;2019;2020;2022;2023;2024;2025,43.06963252136974
10,101,RN,60,70,10,86,168112762.14999998,10,8,2017;2018;2019;2020;2022;2023;2024;2025,51.15614002181809
10,101,RN,70,80,10,408,94434263.64999999,10,8,2017;2018;2019;2020;2022;2023;2024;2025,432.0465731719612
10,101,RN,80,90,10,105,26305316.400000002,8,1,2017,399.1588559641882
10,101,RN,90,100,7,59,20468692.65,7,1,2017,288.2450824234737
10,101,RN,100,110,10,1165,152483604.50000003,10,8,2017;2018;2019;2020;2022;2023;2024;2025,764.0165667778398
10,101,RN,110,120,10,281,785813631.8999999,10,8,2017;2018;2019;2020;2022;2023;2024;2025,35.7591149596854
10,101,RN,120,130,10,222,563795370.25,10,8,2017;2018;2019;2020;2022;2023;2024;2025,39.375988472831914
10,101,RN,130,140,10,89,532919491.0000001,10,8,2017;2018;2019;2020;2022;2023;2024;2025,16.700458794065757
10,101,RN,140,150,10,147,286873721.00000006,10,8,2017;2018;2019;2020;2022;2023;2024;2025,51.24205852232801
10,101,RN,150,160,10,103,319007153.00000006,10,8,2017;2018;2019;2020;2022;2023;2024;2025,32.2876772609547
10,101,RN,160,170,10,83,306568036.9500001,10,8,2017;2018;2019;2020;2022;2023;2024;2025,27.073924870235878
10,101,RN,170,180,7,40,209931027.50000003,7,8,2017;2018;2019;2020;2022;2023;2024;2025,19.053877112091016
10,101,RS,0,10,10,0,0.0,0,0,,
10,101,RS,10,20,10,119,39652289.650000006,1,6,2017;2018;2019;2020;2022;2023,300.10877316387194
10,101,RS,20,30,10,131,463120694.29999983,10,8,2017;2018;2019;2020;2022;2023;2024;2025,28.286362845004064
10,101,RS,30,40,10,124,563157733.4999998,10,8,2017;2018;2019;2020;2022;2023;2024;2025,22.018697892923466
10,101,RS,40,50,10,114,567094594.3,10,8,2017;2018;2019;2020;2022;2023;2024;2025,20.10246635144129
10,101,RS,50,60,10,99,564896301.4999999,10,8,2017;2018;2019;2020;2022;2023;2024;2025,17.525340445161333
10,101,RS,60,70,9,74,457445134.09999996,8,8,2017;2018;2019;2020;2022;2023;2024;2025,16.176803398639542
10,101,RS,70,80,9,66,279102141.0,9,5,2017;2018;2019;2020;2022,23.647256794063793
10,101,RS,80,90,10,97,338394949.25,10,5,2017;2018;2019;2020;2022,28.664730432586385
10,101,RS,90,100,3,0,177878424.75,3,5,2017;2018;2019;2020;2022,0.0
10,101,RS,370,380,10,1,30580977.500000007,10,8,2017;2018;2019;2020;2022;2023;2024;2025,3.270006656916051
10,101,RS,380,390,10,1,30580977.500000007,10,8,2017;2018;2019;2020;2022;2023;2024;2025,3.270006656916051
10,101,RS,390,400,10,1,30580977.500000007,10,8,2017;2018;2019;2020;2022;2023;2024;2025,3.270006656916051
10,101,RS,400,410,5,0,15290488.750000004,5,8,2017;2018;2019;2020;2022;2023;2024;2025,0.0
10,101,SC,0,10,4,63,239331941.74999997,4,5,2017;2018;2019;2020;2022,26.32327283159228
10,101,SC,10,20,10,275,768009895.5000001,10,7,2017;2018;2019;2020;2022;2024;2025,35.806830304050415
10,101,SC,20,30,10,291,664321608.0,10,5,2017;2018;2019;2020;2022,43.804084722771805
10,101,SC,30,40,10,411,630370176.6999998,10,5,2017;2018;2019;2020;2022,65.19978501387756
10,101,SC,40,50,10,590,515602321.49999964,10,5,2017;2018;2019;2020;2022,114.42927531504539
10,101,SC,50,60,10,488,742529409.7499996,10,8,2017;2018;2019;2020;2022;2023;2024;2025,65.72130256285787
10,101,SC,60,70,10,289,1272025948.9999993,10,8,2017;2018;2019;2020;2022;2023;2024;2025,22.71966230148031
10,101,SC,70,80,10,330,1272275973.9999993,10,8,2017;2018;2019;2020;2022;2023;2024;2025,25.937768750162707
10,101,SC,80,90,10,590,979860406.8999999,9,8,2017;2018;2019;2020;2022;2023;2024;2025,60.21265844046016
10,101,SC,90,100,10,553,1496860254.9999995,10,8,2017;2018;2019;2020;2022;2023;2024;2025,36.94399648549692
10,101,SC,100,110,10,690,1239587942.75,10,8,2017;2018;2019;2020;2022;2023;2024;2025,55.66365855973473
10,101,SC,110,120,10,1262,311579468.70000005,10,6,2017;2018;2019;2020;2022;2023,405.033106085401
10,101,SC,120,130,10,1371,658192524.3499999,10,7,2017;2018;2019;2020;2022;2024;2025,208.29771674388664
10,101,SC,130,140,10,2207,1251441350.6,10,8,2017;2018;2019;2020;2022;2023;2024;2025,176.356646593295
10,101,SC,140,150,10,1242,1460520552.05,10,7,2018;2019;2020;2022;2023;2024;2025,85.03817342773557
10,101,SC,150,160,10,1015,1253001181.75,10,8,2017;2018;2019;2020;2022;2023;2024;2025,81.00551019292764
10,101,SC,160,170,10,422,1432381888.1,10,8,2017;2018;2019;2020;2022;2023;2024;2025,29.461416924209153
10,101,SC,170,180,10,248,1410227103.5,10,8,2017;2018;2019;2020;2022;2023;2024;2025,17.585819999097755
10,101,SC,180,190,10,309,679413883.5,10,5,2017;2018;2019;2020;2022,45.48037764671319
10,101,SC,190,200,10,1125,629691780.4000001,10,5,2017;2018;2019;2020;2022,178.65883516620855
10,101,SC,200,210,8,1847,483405978.1000001,8,4,2017;2019;2020;2022,382.0805045191061
10,101,SC,210,220,10,2289,439213062.8999999,8,5,2017;2018;2019;2020;2022,521.1593628127495
10,101,SC,220,230,10,334,506994562.9999997,10,5,2017;2018;2019;2020;2022,65.87841850288248
10,101,SC,230,240,5,276,375658766.49999994,5,8,2017;2018;2019;2020;2022;2023;2024;2025,73.47093282861005
10,101,SC,240,250,5,72,295742637.0,5,7,2017;2018;2019;2020;2022;2024;2025,24.34549198937453
10,101,SC,250,260,10,233,591485273.9999999,10,7,2017;2018;2019;2020;2022;2024;2025,39.39235856614074
10,101,SC,260,270,10,215,591485273.9999999,10,7,2017;2018;2019;2020;2022;2024;2025,36.34917206746893
10,101,SC,270,280,8,301,660237170.3999999,8,8,2017;2018;2019;2020;2022;2023;2024;2025,45.58967799671766
10,101,SC,280,290,10,330,533504144.34999985,10,7,2018;2019;2020;2022;2023;2024;2025,61.85518959783504
10,101,SC,290,300,10,192,439458831.99999994,10,7,2018;2019;2020;2022;2023;2024;2025,43.690099281017524
10,101,SC,300,310,10,245,780175710.5000001,10,8,2017;2018;2019;2020;2022;2023;2024;2025,31.403182219423886
10,101,SC,310,320,9,331,530756446.25000006,9,8,2017;2018;2019;2020;2022;2023;2024;2025,62.36382098392647
10,101,SC,320,330,10,442,479019900.8500001,10,6,2017;2018;2019;2020;2022;2023,92.2717405301304
10,101,SC,330,340,10,975,525911001.90000004,10,8,2017;2018;2019;2020;2022;2023;2024;2025,185.39258476767756
10,101,SC,340,350,10,343,840452704.7499998,10,8,2017;2018;2019;2020;2022;2023;2024;2025,40.81133870608798
10,101,SC,350,360,10,393,848607750.1,10,8,2017;2018;2019;2020;2022;2023;2024;2025,46.31114905015761
10,101,SC,360,370,10,315,637272407.0,10,8,2017;2018;2019;2020;2022;2023;2024;2025,49.42941143221348
10,101,SC,370,380,10,174,336838571.0,10,5,2017;2018;2019;2020;2022,51.6567920008187
10,101,SC,380,390,10,155,389599919.5999999,10,5,2017;2018;2019;2020;2022,39.78440246064158
10,101,SC,390,400,10,133,399974044.4999999,10,5,2017;2018;2019;2020;2022,33.25215769094738
10,101,SC,400,410,7,242,537935324.6499999,7,8,2017;2018;2019;2020;2022;2023;2024;2025,44.9868207032981
10,101,SC,410,420,3,94,128073313.34999998,3,5,2017;2018;2019;2020;2022,73.39546197506104
10,101,SC,420,430,10,113,401254420.7,10,5,2017;2018;2019;2020;2022,28.161683503166945
10,101,SC,430,440,9,259,445972848.2999998,9,8,2017;2018;2019;2020;2022;2023;2024;2025,58.07528440067147
10,101,SC,440,450,10,175,583968390.9999999,10,8,2017;2018;2019;2020;2022;2023;2024;2025,29.967375408851545
10,101,SC,450,460,10,113,585440406.8000001,10,8,2017;2018;2019;2020;2022;2023;2024;2025,19.301708369884246
10,101,SC,460,470,3,36,180342426.6,3,8,2017;2018;2019;2020;2022;2023;2024;2025,19.962024842799803
10,101,SE,0,10,10,61,77877834.44999999,10,5,2017;2022;2023;2024;2025,78.32780717492076
10,101,SE,10,20,10,90,144658019.1,10,8,2017;2018;2019;2020;2022;2023;2024;2025,62.215700560495236
10,101,SE,20,30,10,99,162077155.00000003,10,8,2017;2018;2019;2020;2022;2023;2024;2025,61.082019856530664
10,101,SE,30,40,10,86,194134783.79999998,10,8,2017;2018;2019;2020;2022;2023;2024;2025,44.2991195687004
10,101,SE,40,50,10,106,227545124.49999994,10,8,2017;2018;2019;2020;2022;2023;2024;2025,46.58416664954736
10,101,SE,50,60,10,145,282658558.65,10,8,2017;2018;2019;2020;2022;2023;2024;2025,51.29864126263563
10,101,SE,60,70,10,131,250876899.04999995,9,8,2017;2018;2019;2020;2022;2023;2024;2025,52.21684439502403
10,101,SE,70,80,10,180,356042856.1999999,10,8,2017;2018;2019;2020;2022;2023;2024;2025,50.55571172558189
10,101,SE,80,90,10,263,354867508.74999994,9,8,2017;2018;2019;2020;2022;2023;2024;2025,74.11216679892789
10,101,SE,90,100,10,189,96729759.60000001,9,3,2017;2024;2025,195.38971334319328
10,101,SE,100,110,10,172,417976235.0500002,10,8,2017;2018;2019;2020;2022;2023;2024;2025,41.15066493659014
10,101,SE,110,120,10,145,451432102.2000001,9,8,2017;2018;2019;2020;2022;2023;2024;2025,32.12000194345062
10,101,SE,120,130,10,79,334481846.3,10,8,2017;2018;2019;2020;2022;2023;2024;2025,23.61862112215924
10,101,SE,130,140,10,61,284045518.5,10,7,2017;2018;2019;2020;2022;2024;2025,21.475431234448433
10,101,SE,140,150,9,116,239848989.79999995,9,8,2017;2018;2019;2020;2022;2023;2024;2025,48.363764257138435
10,101,SE,150,160,10,179,130212968.89999999,10,8,2017;2018;2019;2020;2022;2023;2024;2025,137.46710601266386
10,101,SE,160,170,10,41,140254608.0,10,8,2017;2018;2019;2020;2022;2023;2024;2025,29.23255113300805
10,101,SE,170,180,10,55,112528707.94999997,9,8,2017;2018;2019;2020;2022;2023;2024;2025,48.87641651803042
10,101,SE,180,190,10,138,102298327.35,10,8,2017;2018;2019;2020;2022;2023;2024;2025,134.8995663710625
10,101,SE,190,200,10,96,120102155.00000003,10,7,2018;2019;2020;2022;2023;2024;2025,79.93195459315444
10,101,SE,200,210,6,37,76844712.9,6,7,2018;2019;2020;2022;2023;2024;2025,48.14905099346139
10,101,SP,0,10,10,17,75774657.00000001,10,7,2017;2018;2019;2020;2022;2024;2025,22.434941539887138
10,101,SP,10,20,10,51,75774657.00000001,10,7,2017;2018;2019;2020;2022;2024;2025,67.3048246196614
10,101,SP,20,30,10,54,75774657.00000001,10,7,2017;2018;2019;2020;2022;2024;2025,71.26393195022973
10,101,SP,30,40,10,130,75774657.00000001,10,7,2017;2018;2019;2020;2022;2024;2025,171.56131765796047
10,101,SP,40,50,10,711,78019991.0,9,7,2017;2018;2019;2020;2022;2024;2025,911.3048987662662
10,101,SP,50,60,2,150,24977731.1,2,5,2017;2018;2019;2020;2022,600.5349300921891
10,116,BA,0,10,10,70,11929660.0,4,2,2024;2025,586.7727998953868
10,116,BA,10,20,10,0,0.0,0,0,,
10,116,BA,20,30,10,0,0.0,0,0,,
10,116,BA,30,40,10,9,105001119.5,10,8,2017;2018;2019;2020;2022;2023;2024;2025,8.571337184647826
10,116,BA,40,50,10,14,85892873.10000001,9,8,2017;2018;2019;2020;2022;2023;2024;2025,16.299373271284832
10,116,BA,50,60,10,13,76307338.00000001,10,8,2017;2018;2019;2020;2022;2023;2024;2025,17.036369424916902
10,116,BA,60,70,10,8,76307338.00000001,10,8,2017;2018;2019;2020;2022;2023;2024;2025,10.483919646102711
10,116,BA,70,80,10,3,58529815.9,10,8,2017;2018;2019;2020;2022;2023;2024;2025,5.125592749387069
10,116,BA,80,90,10,6,46679229.49999999,10,8,2017;2018;2019;2020;2022;2023;2024;2025,12.853682599880962
10,116,BA,90,100,10,4,46681784.49999999,10,8,2017;2018;2019;2020;2022;2023;2024;2025,8.568652725775728
10,116,BA,100,110,10,1,46681784.49999999,10,8,2017;2018;2019;2020;2022;2023;2024;2025,2.142163181443932
10,116,BA,110,120,10,5,46681784.49999999,10,8,2017;2018;2019;2020;2022;2023;2024;2025,10.710815907219658
10,116,BA,120,130,10,3,46681784.49999999,10,8,2017;2018;2019;2020;2022;2023;2024;2025,6.426489544331795
10,116,BA,130,140,10,15,46681784.49999999,10,8,2017;2018;2019;2020;2022;2023;2024;2025,32.13244772165897
10,116,BA,140,150,10,11,46681784.49999999,10,8,2017;2018;2019;2020;2022;2023;2024;2025,23.56379499588325
10,116,BA,150,160,10,10,46255793.0,10,8,2017;2018;2019;2020;2022;2023;2024;2025,21.618913765028307
10,116,BA,160,170,10,16,45829801.50000001,10,8,2017;2018;2019;2020;2022;2023;2024;2025,34.91178114747016
10,116,BA,170,180,10,7,45829801.50000001,10,8,2017;2018;2019;2020;2022;2023;2024;2025,15.273904252018196
10,116,BA,180,190,10,10,45829801.50000001,10,8,2017;2018;2019;2020;2022;2023;2024;2025,21.81986321716885
10,116,BA,190,200,10,12,45829801.50000001,10,8,2017;2018;2019;2020;2022;2023;2024;2025,26.183835860602624
10,116,BA,200,210,5,7,22914900.749999996,5,8,2017;2018;2019;2020;2022;2023;2024;2025,30.547808504036404
10,116,BA,210,220,10,29,57008229.44999999,9,8,2017;2018;2019;2020;2022;2023;2024;2025,50.86984858113324
10,116,BA,220,230,10,21,83165067.5,10,8,2017;2018;2019;2020;2022;2023;2024;2025,25.250986539510716
10,116,BA,230,240,10,18,77624236.1,10,8,2017;2018;2019;2020;2022;2023;2024;2025,23.1886339941708
10,116,BA,240,250,10,19,73930348.5,10,7,2018;2019;2020;2022;2023;2024;2025,25.69986532661888
10,116,BA,250,260,10,16,73930348.5,10,7,2018;2019;2020;2022;2023;2024;2025,21.641991853994845
10,116,BA,260,270,10,19,73930348.5,10,7,2018;2019;2020;2022;2023;2024;2025,25.69986532661888
10,116,BA,270,280,10,39,81875000.55,10,8,2017;2018;2019;2020;2022;2023;2024;2025,47.63358746627819
10,116,BA,280,290,10,33,136073496.50000003,10,8,2017;2018;2019;2020;2022;2023;2024;2025,24.251599943270357
10,116,BA,290,300,10,17,136073496.50000003,10,8,2017;2018;2019;2020;2022;2023;2024;2025,12.493248455624125
10,116,BA,300,310,10,22,136073496.50000003,10,8,2017;2018;2019;2020;2022;2023;2024;2025,16.16773329551357
10,116,BA,310,320,1,1,13607349.649999999,1,8,2017;2018;2019;2020;2022;2023;2024;2025,7.348969679778899
10,116,BA,320,330,9,29,117215304.3,9,8,2017;2018;2019;2020;2022;2023;2024;2025,24.74079658214051
10,116,BA,330,340,10,40,130350913.35000001,10,8,2017;2018;2019;2020;2022;2023;2024;2025,30.68639794843447
10,116,BA,340,350,10,56,127774710.49999999,10,8,2017;2018;2019;2020;2022;2023;2024;2025,43.82713901746622
10,116,BA,350,360,10,84,146230534.00000003,10,8,2017;2018;2019;2020;2022;2023;2024;2025,57.443543220597135
10,116,BA,360,370,10,85,224248623.35000002,10,8,2017;2018;2019;2020;2022;2023;2024;2025,37.904357551990294
10,116,BA,370,380,10,53,223746313.99999988,10,8,2017;2018;2019;2020;2022;2023;2024;2025,23.68754106045297
10,116,BA,380,390,10,85,227104678.99999988,10,8,2017;2018;2019;2020;2022;2023;2024;2025,37.427674486618585
10,116,BA,390,400,10,59,272426363.9999999,10,8,2017;2018;2019;2020;2022;2023;2024;2025,21.657228446509688
10,116,BA,400,410,10,93,479632852.65000004,10,8,2017;2018;2019;2020;2022;2023;2024;2025,19.389831093964784
10,116,BA,410,420,10,302,599643279.4999999,10,8,2017;2018;2019;2020;2022;2023;2024;2025,50.36327602167349
10,116,BA,420,430,10,663,212876303.75000003,4,8,2017;2018;2019;2020;2022;2023;2024;2025,311.44847421750666
10,116,BA,430,440,10,127,349687830.25,10,8,2017;2018;2019;2020;2022;2023;2024;2025,36.31810689814533
10,116,BA,440,450,10,130,369542461.50000006,10,8,2017;2018;2019;2020;2022;2023;2024;2025,35.178636704513046
10,116,BA,450,460,10,130,318935992.59999996,10,8,2017;2018;2019;2020;2022;2023;2024;2025,40.76052970385256
10,116,BA,460,470,10,134,300553099.75,10,8,2017;2018;2019;2020;2022;2023;2024;2025,44.584467806674155
10,116,BA,470,480,10,71,315150709.0,10,8,2017;2018;2019;2020;2022;2023;2024;2025,22.52890378234878
10,116,BA,480,490,10,66,306157474.0,10,8,2017;2018;2019;2020;2022;2023;2024;2025,21.557533493368187
10,116,BA,490,500,10,77,306691717.20000005,10,8,2017;2018;2019;2020;2022;2023;2024;2025,25.106644777689482
10,116,BA,500,510,10,60,208919576.00000003,10,8,2017;2018;2019;2020;2022;2023;2024;2025,28.71918522369584
10,116,BA,510,520,10,73,208919576.00000003,10,8,2017;2018;2019;2020;2022;2023;2024;2025,34.9416753554966
10,116,BA,520,530,10,61,204869791.50000003,10,8,2017;2018;2019;2020;2022;2023;2024;2025,29.77500955771705
10,116,BA,530,540,10,50,200820007.00000006,10,8,2017;2018;2019;2020;2022;2023;2024;2025,24.89791766614169
10,116,BA,540,550,10,98,201613378.3,10,8,2017;2018;2019;2020;2022;2023;2024;2025,48.607885461934146
10,116,BA,550,560,10,50,203464577.99999994,10,8,2017;2018;2019;2020;2022;2023;2024;2025,24.57430206844162
10,116,BA,560,570,10,64,209174159.84999993,10,8,2017;2018;2019;2020;2022;2023;2024;2025,30.596513472741947
10,116,BA,570,580,10,97,186889745.49999994,10,8,2017;2018;2019;2020;2022;2023;2024;2025,51.902259131708234
10,116,BA,580,590,10,95,182933437.49999994,10,8,2017;2018;2019;2020;2022;2023;2024;2025,51.93145730943805
10,116,BA,590,600,10,69,180766976.35000002,10,8,2017;2018;2019;2020;2022;2023;2024;2025,38.1706888023632
10,116,BA,600,610,10,59,179882070.35,10,8,2017;2018;2019;2020;2022;2023;2024;2025,32.79926670023453
10,116,BA,610,620,10,54,180274266.49999997,10,8,2017;2018;2019;2020;2022;2023;2024;2025,29.954358460806723
10,116,BA,620,630,10,32,175269623.75,10,8,2017;2018;2019;2020;2022;2023;2024;2025,18.257584694564052
10,116,BA,630,640,10,124,160230484.95000005,10,8,2017;2018;2019;2020;2022;2023;2024;2025,77.38851944353424
10,116,BA,640,650,10,97,166875627.5,10,8,2017;2018;2019;2020;2022;2023;2024;2025,58.12712224857402
10,116,BA,650,660,10,73,174690138.8,10,8,2017;2018;2019;2020;2022;2023;2024;2025,41.78827751895976
10,116,BA,660,670,10,59,205948184.0000001,10,8,2017;2018;2019;2020;2022;2023;2024;2025,28.647982640138245
10,116,BA,670,680,7,127,128446022.15000005,7,8,2017;2018;2019;2020;2022;2023;2024;2025,98.87421803665404
10,116,BA,680,690,10,65,190415758.64999998,10,8,2017;2018;2019;2020;2022;2023;2024;2025,34.13583017541915
10,116,BA,690,700,10,76,209501750.99999997,10,8,2017;2018;2019;2020;2022;2023;2024;2025,36.27654644280277
10,116,BA,700,710,10,58,203360990.99999997,10,8,2017;2018;2019;2020;2022;2023;2024;2025,28.52071073945544
10,116,BA,710,720,10,62,199315071.85,10,8,2017;2018;2019;2020;2022;2023;2024;2025,31.106528685728186
10,116,BA,720,730,10,38,197581106.5,10,8,2017;2018;2019;2020;2022;2023;2024;2025,19.232608154261953
10,116,BA,730,740,10,62,197581106.5,10,8,2017;2018;2019;2020;2022;2023;2024;2025,31.379518567480037
10,116,BA,740,750,7,56,134468168.10000002,7,8,2017;2018;2019;2020;2022;2023;2024;2025,41.64554391664981
10,116,BA,750,760,10,91,192097383.00000006,10,8,2017;2018;2019;2020;2022;2023;2024;2025,47.37180620518915
10,116,BA,760,770,10,57,191280797.70000002,9,8,2017;2018;2019;2020;2022;2023;2024;2025,29.79912290484974
10,116,BA,770,780,10,125,233094913.00000006,10,8,2017;2018;2019;2020;2022;2023;2024;2025,53.62622392364263
10,116,BA,780,790,10,87,222526520.5,10,8,2017;2018;2019;2020;2022;2023;2024;2025,39.096463560620855
10,116,BA,790,800,10,74,227403497.2,10,8,2017;2018;2019;2020;2022;2023;2024;2025,32.541276150611466
10,116,BA,800,810,10,113,231264839.49999994,10,8,2017;2018;2019;2020;2022;2023;2024;2025,48.86172936807371
10,116,BA,810,820,10,315,179707859.5,10,8,2017;2018;2019;2020;2022;2023;2024;2025,175.2844872096426
10,116,BA,820,830,10,275,125553795.00000001,10,5,2017;2018;2019;2020;2022,219.02961993303347
10,116,BA,830,840,10,123,84306754.64999999,10,8,2017;2018;2019;2020;2022;2023;2024;2025,145.89578321527767
10,116,BA,840,850,10,87,232513030.00000018,10,8,2017;2018;2019;2020;2022;2023;2024;2025,37.417257862924906
10,116,BA,850,860,10,81,232513030.00000018,10,8,2017;2018;2019;2020;2022;2023;2024;2025,34.836757320654215
10,116,BA,860,870,10,56,217446925.0000001,10,8,2017;2018;2019;2020;2022;2023;2024;2025,25.753410861064133
10,116,BA,870,880,10,39,201134534.8,10,8,2017;2018;2019;2020;2022;2023;2024;2025,19.39000681249494
10,116,BA,880,890,10,33,196852603.00000003,10,8,2017;2018;2019;2020;2022;2023;2024;2025,16.763811855716227
10,116,BA,890,900,10,44,196852603.00000003,10,8,2017;2018;2019;2020;2022;2023;2024;2025,22.35174914095497
10,116,BA,900,910,10,86,196737051.30000004,10,8,2017;2018;2019;2020;2022;2023;2024;2025,43.71316914212589
10,116,BA,910,920,10,88,176647360.05000004,9,8,2017;2018;2019;2020;2022;2023;2024;2025,49.81676486707279
10,116,BA,920,930,10,59,197098722.50000003,10,8,2017;2018;2019;2020;2022;2023;2024;2025,29.934237650880764
10,116,BA,930,940,10,18,197098722.50000003,10,8,2017;2018;2019;2020;2022;2023;2024;2025,9.132479283319554
10,116,BA,940,950,5,0,98549361.24999997,5,8,2017;2018;2019;2020;2022;2023;2024;2025,0.0
10,116,CE,0,10,8,126,6649533.500000001,2,1,2017,1894.8697679318402
10,116,CE,10,20,8,416,105050701.10000001,8,5,2017;2018;2019;2020;2022,395.99926097018687
10,116,CE,20,30,10,412,203431582.00000006,10,7,2017;2018;2019;2020;2022;2024;2025,202.5250926869358
10,116,CE,30,40,10,134,172087966.19999996,10,5,2017;2018;2019;2020;2022,77.86715303745628
10,116,CE,40,50,10,171,186678195.14999998,10,5,2017;2018;2019;2020;2022,91.60148557392993
10,116,CE,50,60,10,135,296973132.29999995,10,8,2017;2018;2019;2020;2022;2023;2024;2025,45.45865781003517
10,116,CE,60,70,10,205,293080188.2999999,10,8,2017;2018;2019;2020;2022;2023;2024;2025,69.94672727252376
10,116,CE,70,80,10,64,153538523.85000002,10,8,2017;2018;2019;2020;2022;2023;2024;2025,41.683349816834905
10,116,CE,80,90,10,49,144511347.50000003,10,8,2017;2018;2019;2020;2022;2023;2024;2025,33.9073718761082
10,116,CE,90,100,10,42,125540308.24999999,10,8,2017;2018;2019;2020;2022;2023;2024;2025,33.45539021328634
10,116,CE,100,110,10,31,106569268.99999997,10,8,2017;2018;2019;2020;2022;2023;2024;2025,29.08906131278803
10,116,CE,110,120,10,30,84997714.25,10,8,2017;2018;2019;2020;2022;2023;2024;2025,35.29506677292796
10,116,CE,120,130,10,23,66333749.500000015,10,8,2017;2018;2019;2020;2022;2023;2024;2025,34.6731492993623
10,116,CE,130,140,10,28,66333749.500000015,10,8,2017;2018;2019;2020;2022;2023;2024;2025,42.210790451397585
10,116,CE,140,150,10,46,79992137.09999998,10,8,2017;2018;2019;2020;2022;2023;2024;2025,57.505652014890366
10,116,CE,150,160,10,59,154526509.50000003,10,8,2017;2018;2019;2020;2022;2023;2024;2025,38.181151047095895
10,116,CE,160,170,10,87,97672058.20000003,10,8,2017;2018;2019;2020;2022;2023;2024;2025,89.07358112783169
10,116,CE,170,180,10,60,98156530.00000004,10,8,2017;2018;2019;2020;2022;2023;2024;2025,61.12685523826074
10,116,CE,180,190,10,23,94529890.00000003,10,8,2017;2018;2019;2020;2022;2023;2024;2025,24.330928556036607
10,116,CE,190,200,10,47,93950919.69999999,10,8,2017;2018;2019;2020;2022;2023;2024;2025,50.026120180705384
10,116,CE,200,210,10,21,84257001.49999999,10,8,2017;2018;2019;2020;2022;2023;2024;2025,24.923744764403946
10,116,CE,210,220,10,14,97403242.99999999,10,8,2017;2018;2019;2020;2022;2023;2024;2025,14.373238065595006
10,116,CE,220,230,10,23,96210072.59999998,10,8,2017;2018;2019;2020;2022;2023;2024;2025,23.906020833831075
10,116,CE,230,240,10,23,81364120.99999997,10,8,2017;2018;2019;2020;2022;2023;2024;2025,28.267988048442152
10,116,CE,240,250,10,15,76567721.69999999,10,8,2017;2018;2019;2020;2022;2023;2024;2025,19.590500627368154
10,116,CE,250,260,10,11,66147928.00000005,10,8,2017;2018;2019;2020;2022;2023;2024;2025,16.629394650124176
10,116,CE,260,270,10,10,66147928.00000005,10,8,2017;2018;2019;2020;2022;2023;2024;2025,15.117631500112886
10,116,CE,270,280,10,13,66147928.00000005,10,8,2017;2018;2019;2020;2022;2023;2024;2025,19.652920950146754
10,116,CE,280,290,10,13,77587057.20000005,10,8,2017;2018;2019;2020;2022;2023;2024;2025,16.75537192561544
10,116,CE,290,300,10,31,86960373.99999997,10,8,2017;2018;2019;2020;2022;2023;2024;2025,35.64842073931284
10,116,CE,300,310,10,50,86960373.99999997,10,8,2017;2018;2019;2020;2022;2023;2024;2025,57.497452805343286
10,116,CE,310,320,10,40,85098655.0,10,8,2017;2018;2019;2020;2022;2023;2024;2025,47.00426816381528
10,116,CE,320,330,10,46,67295232.5,10,8,2017;2018;2019;2020;2022;2023;2024;2025,68.35551091973716
10,116,CE,330,340,10,24,67295232.5,10,8,2017;2018;2019;2020;2022;2023;2024;2025,35.663744827688944
10,116,CE,340,350,10,23,67295232.5,10,8,2017;2018;2019;2020;2022;2023;2024;2025,34.17775545986858
10,116,CE,350,360,10,29,67295232.5,10,8,2017;2018;2019;2020;2022;2023;2024;2025,43.09369166679081
10,116,CE,360,370,10,32,67295232.5,10,8,2017;2018;2019;2020;2022;2023;2024;2025,47.55165977025193
10,116,CE,370,380,10,86,72651713.35,10,8,2017;2018;2019;2020;2022;2023;2024;2025,118.3729825967002
10,116,CE,380,390,10,25,82422402.00000001,10,8,2017;2018;2019;2020;2022;2023;2024;2025,30.331559616522696
10,116,CE,390,400,10,23,82422402.00000001,10,8,2017;2018;2019;2020;2022;2023;2024;2025,27.905034847200877
10,116,CE,400,410,10,18,86930152.00000003,10,8,2017;2018;2019;2020;2022;2023;2024;2025,20.706279220586197
10,116,CE,410,420,10,25,88439328.45000003,10,8,2017;2018;2019;2020;2022;2023;2024;2025,28.267966795037317
10,116,CE,420,430,10,31,98392363.79999998,10,8,2017;2018;2019;2020;2022;2023;2024;2025,31.506510061098872
10,116,CE,430,440,10,25,84771771.94999999,10,8,2017;2018;2019;2020;2022;2023;2024;2025,29.4909489620501
10,116,CE,440,450,10,31,107486988.50000001,10,8,2017;2018;2019;2020;2022;2023;2024;2025,28.840700100180026
10,116,CE,450,460,10,51,108371343.35000001,10,8,2017;2018;2019;2020;2022;2023;2024;2025,47.06041138134512
10,116,CE,460,470,10,46,109233258.0,10,8,2017;2018;2019;2020;2022;2023;2024;2025,42.11171656163547
10,116,CE,470,480,10,54,99003545.35,10,8,2017;2018;2019;2020;2022;2023;2024;2025,54.543501254523505
10,116,CE,480,490,10,75,103660204.40000004,10,8,2017;2018;2019;2020;2022;2023;2024;2025,72.35177707212776
10,116,CE,490,500,10,74,91417177.30000003,10,8,2017;2018;2019;2020;2022;2023;2024;2025,80.94758795402008
10,116,CE,500,510,10,95,90428385.00000003,10,8,2017;2018;2019;2020;2022;2023;2024;2025,105.05550884271567
10,116,CE,510,520,10,36,94923042.44999997,10,8,2017;2018;2019;2020;2022;2023;2024;2025,37.92545947835873
10,116,CE,520,530,10,43,88536881.99999996,10,8,2017;2018;2019;2020;2022;2023;2024;2025,48.56733039232172
10,116,CE,530,540,10,26,80440780.49999999,10,8,2017;2018;2019;2020;2022;2023;2024;2025,32.32191413160145
10,116,CE,540,550,8,27,60245206.39999999,8,8,2017;2018;2019;2020;2022;2023;2024;2025,44.81684371820827
10,116,MG,0,10,10,61,167610533.10000002,10,8,2017;2018;2019;2020;2022;2023;2024;2025,36.39389414960341
10,116,MG,10,20,10,53,199675330.5000001,10,8,2017;2018;2019;2020;2022;2023;2024;2025,26.543088656612976
10,116,MG,20,30,10,57,226884894.25,10,8,2017;2018;2019;2020;2022;2023;2024;2025,25.12287130812368
10,116,MG,30,40,10,41,253564477.99999994,10,8,2017;2018;2019;2020;2022;2023;2024;2025,16.169457300718598
10,116,MG,40,50,10,23,149089922.10000008,9,8,2017;2018;2019;2020;2022;2023;2024;2025,15.426931395519178
10,116,MG,50,60,10,35,165655469.0000001,10,8,2017;2018;2019;2020;2022;2023;2024;2025,21.128188650384963
10,116,MG,60,70,10,14,165655469.0000001,10,8,2017;2018;2019;2020;2022;2023;2024;2025,8.451275460153985
10,116,MG,70,80,10,47,159901441.10000005,10,8,2017;2018;2019;2020;2022;2023;2024;2025,29.39310595118832
10,116,MG,80,90,10,32,156065422.5,10,8,2017;2018;2019;2020;2022;2023;2024;2025,20.504221554905925
10,116,MG,90,100,10,76,156065422.5,10,8,2017;2018;2019;2020;2022;2023;2024;2025,48.69752619290157
10,116,MG,100,110,10,38,156065422.5,10,8,2017;2018;2019;2020;2022;2023;2024;2025,24.348763096450785
10,116,MG,110,120,10,151,152868361.95,10,8,2017;2018;2019;2020;2022;2023;2024;2025,98.7777968402572
10,116,MG,120,130,10,58,145408553.99999997,10,7,2018;2019;2020;2022;2023;2024;2025,39.88761211393383
10,116,MG,130,140,10,54,143123153.95,10,7,2018;2019;2020;2022;2023;2024;2025,37.72974428642404
10,116,MG,140,150,10,37,127801720.50000006,10,7,2018;2019;2020;2022;2023;2024;2025,28.951096945521936
10,116,MG,150,160,10,32,127801720.50000006,10,7,2018;2019;2020;2022;2023;2024;2025,25.03878654747843
10,116,MG,160,170,10,35,127801720.50000006,10,7,2018;2019;2020;2022;2023;2024;2025,27.38617278630453
10,116,MG,170,180,10,65,129865769.95000005,10,8,2017;2018;2019;2020;2022;2023;2024;2025,50.05168030422937
10,116,MG,180,190,10,48,148442215.0,10,8,2017;2018;2019;2020;2022;2023;2024;2025,32.33581498362848
10,116,MG,190,200,10,39,148442215.0,10,8,2017;2018;2019;2020;2022;2023;2024;2025,26.27284967419814
10,116,MG,200,210,10,56,149118935.95,10,8,2017;2018;2019;2020;2022;2023;2024;2025,37.55391603570519
10,116,MG,210,220,10,62,148079076.49999994,10,8,2017;2018;2019;2020;2022;2023;2024;2025,41.86952097854286
10,116,MG,220,230,10,117,145460201.49999997,10,8,2017;2018;2019;2020;2022;2023;2024;2025,80.434372284298
10,116,MG,230,240,10,52,145460201.49999997,10,8,2017;2018;2019;2020;2022;2023;2024;2025,35.748609904132444
10,116,MG,240,250,10,58,145460201.49999997,10,8,2017;2018;2019;2020;2022;2023;2024;2025,39.873449508455415
10,116,MG,250,260,10,75,168558240.99999994,10,8,2017;2018;2019;2020;2022;2023;2024;2025,44.49500632840611
10,116,MG,260,270,10,102,191656280.49999994,10,8,2017;2018;2019;2020;2022;2023;2024;2025,53.22027524164543
10,116,MG,270,280,8,456,161319064.6,8,8,2017;2018;2019;2020;2022;2023;2024;2025,282.66962812527987
10,116,MG,280,290,10,114,211641381.0,10,8,2017;2018;2019;2020;2022;2023;2024;2025,53.86470238539976
10,116,MG,290,300,10,59,211641381.0,10,8,2017;2018;2019;2020;2022;2023;2024;2025,27.877345971391104
10,116,MG,300,310,10,98,178072261.65000004,9,8,2017;2018;2019;2020;2022;2023;2024;2025,55.03383800033854
10,116,MG,310,320,10,55,170291443.50000003,10,8,2017;2018;2019;2020;2022;2023;2024;2025,32.29757107555436
10,116,MG,320,330,10,30,170291443.50000003,10,8,2017;2018;2019;2020;2022;2023;2024;2025,17.616856950302378
10,116,MG,330,340,10,48,167302137.3,10,8,2017;2018;2019;2020;2022;2023;2024;2025,28.690607767866215
10,116,MG,340,350,10,34,160327089.49999997,10,8,2017;2018;2019;2020;2022;2023;2024;2025,21.20664705261802
10,116,MG,350,360,10,51,160326410.59999996,10,8,2017;2018;2019;2020;2022;2023;2024;2025,31.81010527781379
10,116,MG,360,370,10,32,156303752.9,10,8,2017;2018;2019;2020;2022;2023;2024;2025,20.47295692284046
10,116,MG,370,380,10,90,167463905.30000004,10,8,2017;2018;2019;2020;2022;2023;2024;2025,53.74292438646478
10,116,MG,380,390,6,24,103371876.29999998,6,8,2017;2018;2019;2020;2022;2023;2024;2025,23.21714653833753
10,116,MG,400,410,2,65,6487458.899999999,1,5,2017;2018;2019;2020;2022,1001.9331297805988
10,116,MG,410,420,10,600,65382957.35,10,5,2017;2018;2019;2020;2022,917.6703292696809
10,116,MG,420,430,10,149,119304797.9,10,8,2017;2018;2019;2020;2022;2023;2024;2025,124.89019940747913
10,116,MG,430,440,10,35,132730790.0,10,7,2018;2019;2020;2022;2023;2024;2025,26.36916423084651
10,116,MG,440,450,10,59,132730790.0,10,7,2018;2019;2020;2022;2023;2024;2025,44.450876846284125
10,116,MG,450,460,10,85,111049804.6,10,7,2018;2019;2020;2022;2023;2024;2025,76.54223283523005
10,116,MG,460,470,10,53,71191826.5,10,7,2018;2019;2020;2022;2023;2024;2025,74.44674846205835
10,116,MG,480,490,4,50,43182952.9,4,8,2017;2018;2019;2020;2022;2023;2024;2025,115.78643108493861
10,116,MG,490,500,10,135,100499173.00000004,10,7,2018;2019;2020;2022;2023;2024;2025,134.32946358673016
10,116,MG,500,510,10,154,85022315.25000001,10,7,2018;2019;2020;2022;2023;2024;2025,181.12891838710541
10,116,MG,510,520,10,176,98141470.09999998,10,7,2018;2019;2020;2022;2023;2024;2025,179.3329566193242
10,116,MG,520,530,10,623,89372633.44999997,10,7,2017;2018;2019;2020;2022;2024;2025,697.0813949983257
10,116,MG,530,540,10,256,191028177.55000007,10,7,2018;2019;2020;2022;2023;2024;2025,134.01164335193118
10,116,MG,540,550,10,151,129445862.99999999,10,7,2018;2019;2020;2022;2023;2024;2025,116.65108215934258
10,116,MG,550,560,10,130,129921001.74999996,10,7,2018;2019;2020;2022;2023;2024;2025,100.06080483442703
10,116,MG,560,570,10,96,129573594.74999996,10,8,2017;2018;2019;2020;2022;2023;2024;2025,74.08916931356497
10,116,MG,570,580,10,156,130301860.99999996,10,8,2017;2018;2019;2020;2022;2023;2024;2025,119.72200458441652
10,116,MG,580,590,9,198,115366236.19999996,9,8,2017;2018;2019;2020;2022;2023;2024;2025,171.62733787790856
10,116,MG,590,600,10,88,123285725.14999998,10,8,2017;2018;2019;2020;2022;2023;2024;2025,71.37890448625066
10,116,MG,600,610,7,87,91882373.44999999,7,8,2017;2018;2019;2020;2022;2023;2024;2025,94.68627848119655
10,116,MG,610,620,7,50,97828624.94999999,7,8,2017;2018;2019;2020;2022;2023;2024;2025,51.10978512225323
10,116,MG,620,630,10,79,136328967.3,10,8,2017;2018;2019;2020;2022;2023;2024;2025,57.94806603805323
10,116,MG,630,640,10,107,124212576.95000002,10,8,2017;2018;2019;2020;2022;2023;2024;2025,86.14264563810741
10,116,MG,640,650,10,88,104843402.99999994,10,8,2017;2018;2019;2020;2022;2023;2024;2025,83.93470402710989
10,116,MG,650,660,10,86,96700037.65000002,10,8,2017;2018;2019;2020;2022;2023;2024;2025,88.93481542506926
10,116,MG,660,670,10,79,99074505.00000004,10,7,2018;2019;2020;2022;2023;2024;2025,79.73797093409648
10,116,MG,670,680,10,82,98137601.10000004,10,7,2018;2019;2020;2022;2023;2024;2025,83.55614879606016
10,116,MG,680,690,10,105,100362188.50000003,10,7,2018;2019;2020;2022;2023;2024;2025,104.62107449958603
10,116,MG,690,700,10,134,106709538.50000003,10,7,2018;2019;2020;2022;2023;2024;2025,125.57452865378099
10,116,MG,700,710,9,481,154466846.60000005,9,8,2017;2018;2019;2020;2022;2023;2024;2025,311.39368128979453
10,116,MG,710,720,10,167,207746502.5000001,10,8,2017;2018;2019;2020;2022;2023;2024;2025,80.38643153571257
10,116,MG,720,730,10,74,207907102.5000001,10,8,2017;2018;2019;2020;2022;2023;2024;2025,35.59281963443262
10,116,MG,730,740,10,83,189707461.55000004,10,8,2017;2018;2019;2020;2022;2023;2024;2025,43.75157377672475
10,116,MG,740,750,10,78,124309878.64999996,10,8,2017;2018;2019;2020;2022;2023;2024;2025,62.74642115902349
10,116,MG,750,760,10,114,137686978.99999994,10,8,2017;2018;2019;2020;2022;2023;2024;2025,82.79650031394766
10,116,MG,760,770,5,127,57292699.5,5,8,2017;2018;2019;2020;2022;2023;2024;2025,221.66873110944965
10,116,MG,770,780,7,171,106842405.79999997,7,8,2017;2018;2019;2020;2022;2023;2024;2025,160.04881088141883
10,116,MG,780,790,10,157,143123836.49999997,10,8,2017;2018;2019;2020;2022;2023;2024;2025,109.69521488476872
10,116,MG,790,800,10,59,142832201.49999997,10,8,2017;2018;2019;2020;2022;2023;2024;2025,41.307211805455516
10,116,MG,800,810,10,99,140207486.49999997,10,8,2017;2018;2019;2020;2022;2023;2024;2025,70.6096389510556
10,116,MG,810,820,7,113,92710883.29999998,7,8,2017;2018;2019;2020;2022;2023;2024;2025,121.88428799059886
10,116,PB,0,10,10,45,86779060.25,10,8,2017;2018;2019;2020;2022;2023;2024;2025,51.85582774273014
10,116,PB,10,20,3,14,33433164.150000002,3,8,2017;2018;2019;2020;2022;2023;2024;2025,41.874588768170774
10,116,PE,0,10,10,26,87521086.99999999,10,8,2017;2018;2019;2020;2022;2023;2024;2025,29.707126466562286
10,116,PE,10,20,10,28,87521086.99999999,10,8,2017;2018;2019;2020;2022;2023;2024;2025,31.992290040913232
10,116,PE,20,30,10,137,98042576.99999999,10,8,2017;2018;2019;2020;2022;2023;2024;2025,139.73520912246116
10,116,PE,30,40,10,55,113824812.0,10,8,2017;2018;2019;2020;2022;2023;2024;2025,48.31986895792105
10,116,PE,40,50,10,32,102446710.8,9,8,2017;2018;2019;2020;2022;2023;2024;2025,31.235751494717586
10,116,PE,50,60,10,19,113832112.0,10,8,2017;2018;2019;2020;2022;2023;2024;2025,16.691247896727067
10,116,PE,60,70,10,24,113832112.0,10,8,2017;2018;2019;2020;2022;2023;2024;2025,21.083681553760506
10,116,PE,70,80,10,34,113832112.0,10,8,2017;2018;2019;2020;2022;2023;2024;2025,29.868548867827382
10,116,PE,80,90,10,21,110949842.04999997,10,8,2017;2018;2019;2020;2022;2023;2024;2025,18.927471740370997
10,116,PE,90,100,2,0,18960501.700000003,2,8,2017;2018;2019;2020;2022;2023;2024;2025,0.0
10,116,PR,0,10,10,0,0.0,0,0,,
10,116,PR,10,20,10,654,123282655.5,3,5,2017;2022;2023;2024;2025,530.4882486084996
10,116,PR,20,30,10,298,199490640.5,10,5,2017;2022;2023;2024;2025,149.38044173556102
10,116,PR,30,40,4,20,43547420.0,4,2,2024;2025,45.92694584432327
10,116,PR,40,50,8,234,344390348.0,8,5,2017;2022;2023;2024;2025,67.94615509956162
10,116,PR,50,60,10,215,587956632.8500001,10,8,2017;2018;2019;2020;2022;2023;2024;2025,36.56732282410545
10,116,PR,60,70,10,200,648651683.5000002,10,8,2017;2018;2019;2020;2022;2023;2024;2025,30.833189073192305
10,116,PR,70,80,10,143,104000227.45,10,8,2017;2018;2019;2020;2022;2023;2024;2025,137.49969928551343
10,116,PR,80,90,10,41,43483398.99999999,10,1,2017,94.28885722571965
10,116,PR,90,100,7,384,739503767.7999998,7,8,2017;2018;2019;2020;2022;2023;2024;2025,51.92671311768807
10,116,PR,110,120,1,166,168443193.0,1,8,2017;2018;2019;2020;2022;2023;2024;2025,98.5495448308202
10,116,PR,120,130,10,1174,1530198880.4999995,10,8,2017;2018;2019;2020;2022;2023;2024;2025,76.72205325469785
10,116,PR,130,140,10,222,477757822.1000001,10,7,2018;2019;2020;2022;2023;2024;2025,46.46705710106258
10,116,PR,140,150,6,156,194757758.50000003,6,7,2018;2019;2020;2022;2023;2024;2025,80.09950473937087
10,116,PR,150,160,4,54,66004570.6,4,8,2017;2018;2019;2020;2022;2023;2024;2025,81.81251617747817
10,116,PR,160,170,10,137,165011426.49999997,10,8,2017;2018;2019;2020;2022;2023;2024;2025,83.02455345418157
10,116,PR,170,180,10,75,163726958.65,10,8,2017;2018;2019;2020;2022;2023;2024;2025,45.80797238182864
10,116,PR,180,190,10,57,163584240.0,10,8,2017;2018;2019;2020;2022;2023;2024;2025,34.84443244654864
10,116,PR,190,200,10,94,183502600.25,10,8,2017;2018;2019;2020;2022;2023;2024;2025,51.225432158419785
10,116,PR,200,210,10,198,203420960.5,10,8,2017;2018;2019;2020;2022;2023;2024;2025,97.33510229886069
10,116,PR,210,220,5,99,101710480.24999999,5,8,2017;2018;2019;2020;2022;2023;2024;2025,97.33510229886072
10,116,RJ,0,10,10,68,21296910.5,2,8,2017;2018;2019;2020;2022;2023;2024;2025,319.29513907662806
10,116,RJ,10,20,10,87,106484552.49999996,10,8,2017;2018;2019;2020;2022;2023;2024;2025,81.7019914696078
10,116,RJ,20,30,10,127,97929865.0,9,8,2017;2018;2019;2020;2022;2023;2024;2025,129.68464727282122
10,116,RJ,30,40,10,85,110672088.0,10,8,2017;2018;2019;2020;2022;2023;2024;2025,76.80346647114852
10,116,RJ,40,50,10,156,123562756.50000003,10,8,2017;2018;2019;2020;2022;2023;2024;2025,126.2516347310526
10,116,RJ,50,60,7,59,88920172.15,7,8,2017;2018;2019;2020;2022;2023;2024;2025,66.35164842064466
10,116,RJ,60,70,10,128,147825182.50000003,10,5,2017;2018;2019;2020;2022,86.58876507728985
10,116,RJ,70,80,10,288,147825182.50000003,10,5,2017;2018;2019;2020;2022,194.82472142390213
10,116,RJ,80,90,10,110,63188504.35000001,10,4,2018;2019;2020;2022,174.08229729685
10,116,RJ,90,100,10,287,166648542.75,9,8,2017;2018;2019;2020;2022;2023;2024;2025,172.21872766721208
10,116,RJ,100,110,10,343,196577593.75,9,8,2017;2018;2019;2020;2022;2023;2024;2025,174.48580657478925
10,116,RJ,110,120,10,267,391812732.10000014,9,8,2017;2018;2019;2020;2022;2023;2024;2025,68.1447993200627
10,116,RJ,120,130,10,328,615969196.6000001,10,8,2017;2018;2019;2020;2022;2023;2024;2025,53.24941601146293
10,116,RJ,130,140,10,567,897124813.0000002,10,8,2017;2018;2019;2020;2022;2023;2024;2025,63.20190811621213
10,116,RJ,140,150,8,591,401279605.7,8,8,2017;2018;2019;2020;2022;2023;2024;2025,147.27885285100598
10,116,RJ,160,170,2,42,9239551.6,2,1,2017,454.56751386073756
10,116,RJ,170,180,10,179,47519028.8,10,1,2017,376.6912003891797
10,116,RJ,180,190,10,120,55608921.650000006,10,1,2017,215.79271174376385
10,116,RJ,190,200,10,51,56799482.300000004,10,1,2017,89.78955077553584
10,116,RJ,200,210,10,151,112987064.00000001,10,3,2017;2024;2025,133.64361782159415
10,116,RJ,210,220,10,223,654524088.1999999,10,8,2017;2018;2019;2020;2022;2023;2024;2025,34.07055661057029
10,116,RJ,220,230,10,533,469011677.5,9,8,2017;2018;2019;2020;2022;2023;2024;2025,113.64322586616193
10,116,RJ,230,240,10,283,528246461.70000005,10,7,2017;2018;2019;2020;2022;2024;2025,53.57347763187109
10,116,RJ,240,250,10,204,623596338.8000002,10,7,2017;2018;2019;2020;2022;2024;2025,32.7134698052528
10,116,RJ,250,260,10,154,635074450.0000002,10,6,2018;2019;2020;2022;2024;2025,24.24912543718299
10,116,RJ,260,270,10,254,577121940.0000002,10,7,2018;2019;2020;2022;2023;2024;2025,44.011496080013856
10,116,RJ,270,280,10,364,449016663.6000001,10,6,2017;2018;2019;2020;2022;2023,81.06603373728332
10,116,RJ,280,290,10,183,490585513.50000006,10,5,2017;2018;2019;2020;2022,37.30236522770866
10,116,RJ,290,300,10,330,609575761.6999999,10,7,2017;2018;2019;2020;2022;2024;2025,54.13601076914342
10,116,RJ,300,310,10,286,725416183.9999999,10,5,2017;2018;2019;2020;2022,39.425643693662074
10,116,RJ,310,320,10,409,825139717.3999999,10,8,2017;2018;2019;2020;2022;2023;2024;2025,49.56736312351459
10,116,RJ,320,330,10,204,801095108.8000001,10,8,2017;2018;2019;2020;2022;2023;2024;2025,25.465141124826197
10,116,RJ,330,340,10,85,638195681.8000001,10,8,2017;2018;2019;2020;2022;2023;2024;2025,13.318798986583804
10,116,RS,0,10,10,120,72358720.55,10,5,2017;2022;2023;2024;2025,165.8404116157358
10,116,RS,10,20,10,8,92706386.5,10,5,2017;2022;2023;2024;2025,8.629394696556316
10,116,RS,20,30,10,22,92706386.5,10,5,2017;2022;2023;2024;2025,23.730835415529867
10,116,RS,30,40,10,169,29616107.299999997,5,5,2017;2022;2023;2024;2025,570.635425811008
10,116,RS,40,50,10,154,25749837.5,2,8,2017;2018;2019;2020;2022;2023;2024;2025,598.0620266050223
10,116,RS,50,60,10,88,105086861.65,10,8,2017;2018;2019;2020;2022;2023;2024;2025,83.74024936922264
10,116,RS,60,70,10,25,49874768.000000015,10,8,2017;2018;2019;2020;2022;2023;2024;2025,50.12554644865715
10,116,RS,70,80,10,38,44887291.20000001,9,8,2017;2018;2019;2020;2022;2023;2024;2025,84.65647844662097
10,116,RS,80,90,10,22,76189735.0,10,8,2017;2018;2019;2020;2022;2023;2024;2025,28.875280902342027
10,116,RS,90,100,10,54,76189735.0,10,8,2017;2018;2019;2020;2022;2023;2024;2025,70.8756894875668
10,116,RS,100,110,10,41,76189735.0,10,8,2017;2018;2019;2020;2022;2023;2024;2025,53.81302349981923
10,116,RS,110,120,10,143,68625256.0,10,8,2017;2018;2019;2020;2022;2023;2024;2025,208.37809333636585
10,116,RS,120,130,10,49,61060777.000000015,10,6,2017;2018;2019;2020;2022;2023,80.24791430348158
10,116,RS,130,140,10,62,61060777.000000015,10,6,2017;2018;2019;2020;2022;2023,101.53817728195628
10,116,RS,140,150,10,476,45617010.150000006,10,6,2017;2018;2019;2020;2022;2023,1043.4704037699846
10,116,RS,150,160,10,310,70285684.79999998,10,5,2017;2018;2019;2020;2022,441.0570955979362
10,116,RS,160,170,10,46,86771011.99999999,10,5,2017;2018;2019;2020;2022,53.01309612477495
10,116,RS,170,180,10,44,131869609.0,10,8,2017;2018;2019;2020;2022;2023;2024;2025,33.36629291135609
10,116,RS,180,190,10,72,128690115.90000004,10,8,2017;2018;2019;2020;2022;2023;2024;2025,55.9483527514641
10,116,RS,190,200,10,59,162913990.5,10,7,2017;2018;2019;2020;2022;2024;2025,36.21542865589558
10,116,RS,200,210,10,76,222562582.5,10,7,2017;2018;2019;2020;2022;2024;2025,34.147698659095134
10,116,RS,210,220,10,91,354586969.75,10,8,2017;2018;2019;2020;2022;2023;2024;2025,25.663661601597813
10,116,RS,220,230,7,193,340627949.8999999,7,8,2017;2018;2019;2020;2022;2023;2024;2025,56.66005976804313
10,116,RS,230,240,10,354,559961468.6500001,9,5,2017;2018;2019;2020;2022,63.21863553459339
10,116,RS,240,250,10,1096,1679128107.7000003,10,6,2017;2018;2019;2020;2022;2023,65.27197031447798
10,116,RS,250,260,10,671,851816581.9000001,10,6,2017;2018;2019;2020;2022;2023,78.77282671620647
10,116,RS,260,270,2,23,9921247.5,2,1,2017,231.82568522758854
10,116,RS,270,280,8,11,25906221.75,3,1,2017,42.460842442221434
10,116,RS,280,290,10,0,256533077.74999994,10,5,2017;2018;2019;2020;2022,0.0
10,116,RS,290,300,10,166,606748070.2000002,10,8,2017;2018;2019;2020;2022;2023;2024;2025,27.358966291443174
10,116,RS,300,310,10,256,395973535.0000002,10,8,2017;2018;2019;2020;2022;2023;2024;2025,64.65078531068998
10,116,RS,310,320,9,78,340076449.50000006,9,8,2017;2018;2019;2020;2022;2023;2024;2025,22.936019272925275
10,116,RS,320,330,10,86,229168520.4,10,8,2017;2018;2019;2020;2022;2023;2024;2025,37.526969170936795
10,116,RS,330,340,10,82,212569791.35,10,8,2017;2018;2019;2020;2022;2023;2024;2025,38.575565925539024
10,116,RS,340,350,10,57,209377906.50000003,10,8,2017;2018;2019;2020;2022;2023;2024;2025,27.223502686039126
10,116,RS,350,360,10,66,209377906.50000003,10,8,2017;2018;2019;2020;2022;2023;2024;2025,31.521950478571622
10,116,RS,360,370,10,85,199245210.85000005,10,8,2017;2018;2019;2020;2022;2023;2024;2025,42.66100030077585
10,116,RS,370,380,10,49,194639097.00000003,10,8,2017;2018;2019;2020;2022;2023;2024;2025,25.174798257515544
10,116,RS,380,390,10,42,192267327.00000003,10,8,2017;2018;2019;2020;2022;2023;2024;2025,21.844585169689278
10,116,RS,390,400,10,118,192267327.00000003,10,8,2017;2018;2019;2020;2022;2023;2024;2025,61.37288214341274
10,116,RS,400,410,10,83,143791089.35000002,9,8,2017;2018;2019;2020;2022;2023;2024;2025,57.72263105815325
10,116,RS,410,420,10,50,190661071.5000001,10,8,2017;2018;2019;2020;2022;2023;2024;2025,26.224545790407966
10,116,RS,420,430,10,83,192216551.85000008,10,8,2017;2018;2019;2020;2022;2023;2024;2025,43.180464533965136
10,116,RS,430,440,10,36,195586856.0000001,10,8,2017;2018;2019;2020;2022;2023;2024;2025,18.406144838280944
10,116,RS,440,450,10,31,195586856.0000001,10,8,2017;2018;2019;2020;2022;2023;2024;2025,15.849735832964148
10,116,RS,450,460,10,47,195586856.0000001,10,8,2017;2018;2019;2020;2022;2023;2024;2025,24.030244649977902
10,116,RS,460,470,10,32,199088848.50000003,10,8,2017;2018;2019;2020;2022;2023;2024;2025,16.07322571861678
10,116,RS,470,480,10,46,202590840.99999997,10,8,2017;2018;2019;2020;2022;2023;2024;2025,22.705863588374168
10,116,RS,480,490,10,50,206087832.99999997,10,8,2017;2018;2019;2020;2022;2023;2024;2025,24.261500192493173
10,116,RS,490,500,10,44,206962080.99999997,10,8,2017;2018;2019;2020;2022;2023;2024;2025,21.259933117893226
10,116,RS,500,510,10,37,206962080.99999997,10,8,2017;2018;2019;2020;2022;2023;2024;2025,17.877671030955668
10,116,RS,510,520,9,168,132041472.89999998,9,8,2017;2018;2019;2020;2022;2023;2024;2025,127.23275218781662
10,116,RS,520,530,4,94,29168292.45,3,5,2017;2018;2019;2020;2022,322.26775071298357
10,116,RS,530,540,10,101,77286742.49999996,10,8,2017;2018;2019;2020;2022;2023;2024;2025,130.6821800647117
10,116,RS,540,550,10,7,86143102.49999994,10,8,2017;2018;2019;2020;2022;2023;2024;2025,8.126013339257202
10,116,RS,550,560,10,24,86143102.49999994,10,8,2017;2018;2019;2020;2022;2023;2024;2025,27.860617163167554
10,116,RS,560,570,10,33,80025888.64999999,10,8,2017;2018;2019;2020;2022;2023;2024;2025,41.236655483237804
10,116,RS,570,580,10,17,82896646.5,10,8,2017;2018;2019;2020;2022;2023;2024;2025,20.507464074556985
10,116,RS,580,590,10,17,80921266.5,10,8,2017;2018;2019;2020;2022;2023;2024;2025,21.00807455849693
10,116,RS,590,600,10,17,79604346.5,10,8,2017;2018;2019;2020;2022;2023;2024;2025,21.35561781164801
10,116,RS,600,610,10,13,79604346.5,10,8,2017;2018;2019;2020;2022;2023;2024;2025,16.33076656184848
10,116,RS,610,620,10,37,85629985.49999999,10,8,2017;2018;2019;2020;2022;2023;2024;2025,43.20916298648679
10,116,RS,620,630,10,24,85645826.49999999,10,8,2017;2018;2019;2020;2022;2023;2024;2025,28.022381219007798
10,116,RS,630,640,10,19,85645826.49999999,10,8,2017;2018;2019;2020;2022;2023;2024;2025,22.184385131714507
10,116,RS,640,650,10,12,85645826.49999999,10,8,2017;2018;2019;2020;2022;2023;2024;2025,14.011190609503899
10,116,RS,650,660,10,73,71537178.55,10,8,2017;2018;2019;2020;2022;2023;2024;2025,102.04484085010088
10,116,SC,0,10,4,111,47068575.0,4,5,2017;2018;2019;2020;2022,235.826132403626
10,116,SC,10,20,8,71,87515524.4,8,8,2017;2018;2019;2020;2022;2023;2024;2025,81.12846319184028
10,116,SC,20,30,10,70,104855039.2,10,8,2017;2018;2019;2020;2022;2023;2024;2025,66.75883251207635
10,116,SC,30,40,10,70,101828795.0,10,8,2017;2018;2019;2020;2022;2023;2024;2025,68.74283448016841
10,116,SC,40,50,10,48,101828795.0,10,8,2017;2018;2019;2020;2022;2023;2024;2025,47.13794364354405
10,116,SC,50,60,10,147,128424768.19999999,10,8,2017;2018;2019;2020;2022;2023;2024;2025,114.46390136447216
10,116,SC,60,70,10,88,150544140.5,10,8,2017;2018;2019;2020;2022;2023;2024;2025,58.454616504984465
10,116,SC,70,80,10,67,150544140.5,10,8,2017;2018;2019;2020;2022;2023;2024;2025,44.50521938447681
10,116,SC,80,90,10,45,139226585.5,10,8,2017;2018;2019;2020;2022;2023;2024;2025,32.32141321170302
10,116,SC,90,100,10,41,131896290.49999999,10,8,2017;2018;2019;2020;2022;2023;2024;2025,31.085028884872244
10,116,SC,100,110,10,91,131896290.49999999,10,8,2017;2018;2019;2020;2022;2023;2024;2025,68.99360069569205
10,116,SC,110,120,10,56,121791261.84999998,9,8,2017;2018;2019;2020;2022;2023;2024;2025,45.980310204003366
10,116,SC,120,130,10,48,135752040.99999997,10,8,2017;2018;2019;2020;2022;2023;2024;2025,35.35858440610849
10,116,SC,130,140,9,81,98163508.8,9,8,2017;2018;2019;2020;2022;2023;2024;2025,82.51538783625877
10,116,SC,140,150,7,44,100793344.75,7,8,2017;2018;2019;2020;2022;2023;2024;2025,43.653675854426886
10,116,SC,150,160,10,39,143990492.5,10,8,2017;2018;2019;2020;2022;2023;2024;2025,27.0851216096785
10,116,SC,160,170,10,68,140062596.10000002,10,8,2017;2018;2019;2020;2022;2023;2024;2025,48.549721262806145
10,116,SC,170,180,10,88,134170751.50000001,10,8,2017;2018;2019;2020;2022;2023;2024;2025,65.58806522001183
10,116,SC,180,190,6,42,81612014.4,6,8,2017;2018;2019;2020;2022;2023;2024;2025,51.46301106372397
10,116,SC,190,200,10,56,136020023.99999997,10,8,2017;2018;2019;2020;2022;2023;2024;2025,41.170408850979186
10,116,SC,200,210,10,111,132856317.14999996,10,8,2017;2018;2019;2020;2022;2023;2024;2025,83.5489063532272
10,116,SC,210,220,10,173,125474334.49999994,10,8,2017;2018;2019;2020;2022;2023;2024;2025,137.87680220770574
10,116,SC,220,230,4,26,58088596.60000001,4,7,2018;2019;2020;2022;2023;2024;2025,44.75921527083337
10,116,SC,230,240,10,68,145221491.49999997,10,7,2018;2019;2020;2022;2023;2024;2025,46.82502520641032
10,116,SC,240,250,10,209,159405760.14999998,9,8,2017;2018;2019;2020;2022;2023;2024;2025,131.1119496581128
10,116,SC,250,260,10,93,216987536.0,10,8,2017;2018;2019;2020;2022;2023;2024;2025,42.85960461802746
10,116,SC,260,270,10,64,204910510.89999998,10,8,2017;2018;2019;2020;2022;2023;2024;2025,31.23314646911068
10,116,SC,270,280,10,36,156602410.49999997,10,8,2017;2018;2019;2020;2022;2023;2024;2025,22.98815189693393
10,116,SC,280,290,10,28,155557780.49999997,10,8,2017;2018;2019;2020;2022;2023;2024;2025,17.99974254582528
10,116,SC,290,300,10,18,154861360.49999997,10,8,2017;2018;2019;2020;2022;2023;2024;2025,11.623299667446744
10,116,SC,300,310,10,56,154861360.49999997,10,8,2017;2018;2019;2020;2022;2023;2024;2025,36.16137674316765
10,116,SP,0,10,7,176,167366749.6,7,6,2017;2018;2019;2020;2022;2023,105.15828288512093
10,116,SP,10,20,10,104,557838741.8,10,8,2017;2018;2019;2020;2022;2023;2024;2025,18.643380641584546
10,116,SP,20,30,10,286,576183499.4499999,9,8,2017;2018;2019;2020;2022;2023;2024;2025,49.63696466021733
10,116,SP,30,40,7,170,494271090.05,7,8,2017;2018;2019;2020;2022;2023;2024;2025,34.39408118787667
10,116,SP,40,50,10,258,780712333.4999996,10,8,2017;2018;2019;2020;2022;2023;2024;2025,33.04674320224507
10,116,SP,50,60,10,529,1317114628.9499998,10,8,2017;2018;2019;2020;2022;2023;2024;2025,40.163550565201554
10,116,SP,60,70,10,503,998192510.0000001,10,8,2017;2018;2019;2020;2022;2023;2024;2025,50.39108137567571
10,116,SP,70,80,10,301,955015035.7499998,10,7,2017;2018;2019;2020;2022;2024;2025,31.51782838304911
10,116,SP,80,90,6,201,653478673.4499999,6,8,2017;2018;2019;2020;2022;2023;2024;2025,30.758463614249724
10,116,SP,90,100,10,387,1006796790.05,10,8,2017;2018;2019;2020;2022;2023;2024;2025,38.43873995474108
10,116,SP,100,110,10,405,670532484.5000002,10,5,2017;2018;2019;2020;2022,60.39975830581849
10,116,SP,110,120,10,699,1113799887.1000001,10,8,2017;2018;2019;2020;2022;2023;2024;2025,62.75813169814425
10,116,SP,120,130,10,436,1415529232.2,10,8,2017;2018;2019;2020;2022;2023;2024;2025,30.801200715747395
10,116,SP,130,140,10,365,905245478.9999999,10,5,2017;2018;2019;2020;2022,40.32055486244523
10,116,SP,140,150,9,810,814720931.0999999,9,5,2017;2018;2019;2020;2022,99.4205462361663
10,116,SP,150,160,10,806,1223200410.0000002,10,7,2017;2018;2019;2020;2022;2024;2025,65.89271826682922
10,116,SP,160,170,10,447,1262132999.9500005,10,7,2017;2018;2019;2020;2022;2024;2025,35.416235849764476
10,116,SP,170,180,10,237,946642209.4999998,10,7,2017;2018;2019;2020;2022;2024;2025,25.03585806988042
10,116,SP,180,190,10,266,851349469.4999996,10,7,2017;2018;2019;2020;2022;2024;2025,31.244513508209813
10,116,SP,190,200,10,301,812367469.4999998,10,7,2017;2018;2019;2020;2022;2024;2025,37.052197595413446
10,116,SP,200,210,10,570,1035110763.5000001,10,5,2017;2018;2019;2020;2022,55.06657066077353
10,116,SP,210,220,10,1705,995203371.7000002,10,5,2017;2018;2019;2020;2022,171.32176683520774
10,116,SP,220,230,10,438,412212056.50000006,10,1,2017,106.25598962799866
10,116,SP,230,240,2,45,40261113.3,1,1,2017,111.77038166999719
10,116,SP,260,270,6,0,0.0,0,0,,
10,116,SP,270,280,10,208,11516115.0,1,1,2022,1806.164665774873
10,116,SP,280,290,10,986,541216035.9000001,10,7,2018;2019;2020;2022;2023;2024;2025,182.18233285722195
10,116,SP,290,300,10,298,768482351.4999998,10,7,2018;2019;2020;2022;2023;2024;2025,38.77772852145976
10,116,SP,300,310,10,300,684612903.3499998,10,7,2018;2019;2020;2022;2023;2024;2025,43.82038353820345
10,116,SP,310,320,10,216,536806157.0,10,7,2018;2019;2020;2022;2023;2024;2025,40.23798855198302
10,116,SP,320,330,10,341,575829183.0000001,10,8,2017;2018;2019;2020;2022;2023;2024;2025,59.21895070052396
10,116,SP,330,340,10,263,654813358.0000001,10,8,2017;2018;2019;2020;2022;2023;2024;2025,40.16411650539358
10,116,SP,340,350,10,292,654814088.0000001,10,8,2017;2018;2019;2020;2022;2023;2024;2025,44.59280967699643
10,116,SP,350,360,10,194,646452668.0000001,10,8,2017;2018;2019;2020;2022;2023;2024;2025,30.00993105963946
10,116,SP,360,370,10,299,645370282.3999999,10,8,2017;2018;2019;2020;2022;2023;2024;2025,46.32999196803427
10,116,SP,370,380,7,74,452545279.19999987,7,8,2017;2018;2019;2020;2022;2023;2024;2025,16.351954909532072
10,116,SP,390,400,3,27,109045388.85000001,3,5,2017;2022;2023;2024;2025,24.760331715759662
10,116,SP,400,410,10,168,539867083.5000001,10,8,2017;2018;2019;2020;2022;2023;2024;2025,31.118770737204976
10,116,SP,410,420,10,176,638664834.55,10,8,2017;2018;2019;2020;2022;2023;2024;2025,27.557490326519808
10,116,SP,420,430,10,148,687725334.9999998,10,8,2017;2018;2019;2020;2022;2023;2024;2025,21.52021926020801
10,116,SP,430,440,10,155,688062229.9999998,10,8,2017;2018;2019;2020;2022;2023;2024;2025,22.527032184283687
10,116,SP,440,450,10,441,663118582.5999999,10,8,2017;2018;2019;2020;2022;2023;2024;2025,66.50394236742659
10,116,SP,450,460,10,133,621904994.5,10,8,2017;2018;2019;2020;2022;2023;2024;2025,21.385903180747007
10,116,SP,460,470,10,162,572420561.1499999,10,8,2017;2018;2019;2020;2022;2023;2024;2025,28.300870198397494
10,116,SP,470,480,10,198,593085766.15,10,8,2017;2018;2019;2020;2022;2023;2024;2025,33.38471622499248
10,116,SP,480,490,10,198,577216467.6999999,10,7,2018;2019;2020;2022;2023;2024;2025,34.3025556406869
10,116,SP,490,500,10,177,550977135.9999998,10,7,2018;2019;2020;2022;2023;2024;2025,32.124745009382764
10,116,SP,500,510,10,332,550977135.9999998,10,7,2018;2019;2020;2022;2023;2024;2025,60.25658385940722
10,116,SP,510,520,10,514,550977135.9999998,10,7,2018;2019;2020;2022;2023;2024;2025,93.28880754137141
10,116,SP,520,530,10,101,550977135.9999998,10,7,2018;2019;2020;2022;2023;2024;2025,18.331069186144965
10,116,SP,530,540,10,66,550977135.9999998,10,7,2018;2019;2020;2022;2023;2024;2025,11.978718478074928
10,116,SP,540,550,10,297,555432690.9999998,10,7,2018;2019;2020;2022;2023;2024;2025,53.47182562576248
10,116,SP,550,560,10,172,627908383.1000001,10,8,2017;2018;2019;2020;2022;2023;2024;2025,27.39253124012001
10,116,SP,560,570,2,142,127303218.1,2,8,2017;2018;2019;2020;2022;2023;2024;2025,111.54470571863729
10,135,BA,0,10,10,4,33210970.4,9,8,2017;2018;2019;2020;2022;2023;2024;2025,12.044212956812608
10,135,BA,10,20,10,9,66483910.50000002,10,8,2017;2018;2019;2020;2022;2023;2024;2025,13.537109854571503
10,135,BA,20,30,10,13,66497970.30000002,10,8,2017;2018;2019;2020;2022;2023;2024;2025,19.549468865518136
10,135,BA,30,40,10,9,66519060.0,10,8,2017;2018;2019;2020;2022;2023;2024;2025,13.52995667707872
10,135,BA,40,50,10,15,66519060.0,10,8,2017;2018;2019;2020;2022;2023;2024;2025,22.5499277951312
10,135,BA,50,60,10,10,66519060.0,10,8,2017;2018;2019;2020;2022;2023;2024;2025,15.033285196754134
10,135,BA,60,70,10,7,66519060.0,10,8,2017;2018;2019;2020;2022;2023;2024;2025,10.523299637727893
10,135,BA,70,80,8,10,53215248.0,8,8,2017;2018;2019;2020;2022;2023;2024;2025,18.791606495942666
10,135,BA,170,180,3,0,27389924.849999994,3,5,2017;2018;2019;2020;2022,0.0
10,135,BA,180,190,10,54,57989411.49999999,10,8,2017;2018;2019;2020;2022;2023;2024;2025,93.1204483770283
10,135,BA,190,200,10,31,70508911.5,10,8,2017;2018;2019;2020;2022;2023;2024;2025,43.96607370686753
10,135,BA,200,210,6,22,42305346.9,6,8,2017;2018;2019;2020;2022;2023;2024;2025,52.00288287909064
10,135,BA,220,230,2,0,8374260.699999999,2,8,2017;2018;2019;2020;2022;2023;2024;2025,0.0
10,135,BA,230,240,10,0,41871303.49999999,10,8,2017;2018;2019;2020;2022;2023;2024;2025,0.0
10,135,BA,240,250,10,0,41871303.49999999,10,8,2017;2018;2019;2020;2022;2023;2024;2025,0.0
10,135,BA,250,260,10,0,41871303.49999999,10,8,2017;2018;2019;2020;2022;2023;2024;2025,0.0
10,135,BA,260,270,10,1,41871303.49999999,10,8,2017;2018;2019;2020;2022;2023;2024;2025,2.3882705251820027
10,135,BA,270,280,10,1,41871303.49999999,10,8,2017;2018;2019;2020;2022;2023;2024;2025,2.3882705251820027
10,135,BA,280,290,10,0,41871303.49999999,10,8,2017;2018;2019;2020;2022;2023;2024;2025,0.0
10,135,BA,290,300,10,3,41871303.49999999,10,8,2017;2018;2019;2020;2022;2023;2024;2025,7.164811575546007
10,135,BA,300,310,9,2,37676508.14999999,9,8,2017;2018;2019;2020;2022;2023;2024;2025,5.308347557150146
10,135,BA,310,320,10,0,41845753.49999999,10,8,2017;2018;2019;2020;2022;2023;2024;2025,0.0
10,135,BA,320,330,7,1,29292027.44999999,7,8,2017;2018;2019;2020;2022;2023;2024;2025,3.413898207308966
10,135,BA,330,340,10,0,41845753.49999999,10,8,2017;2018;2019;2020;2022;2023;2024;2025,0.0
10,135,BA,340,350,4,0,30533885.2,4,8,2017;2018;2019;2020;2022;2023;2024;2025,0.0
10,135,BA,390,400,8,0,60718071.19999999,8,8,2017;2018;2019;2020;2022;2023;2024;2025,0.0
10,135,BA,400,410,10,0,71295369.7,10,8,2017;2018;2019;2020;2022;2023;2024;2025,0.0
10,135,BA,410,420,10,0,69624042.0,10,8,2017;2018;2019;2020;2022;2023;2024;2025,0.0
10,135,BA,420,430,10,0,76682777.00000001,10,8,2017;2018;2019;2020;2022;2023;2024;2025,0.0
10,135,BA,430,440,10,1,76682777.00000001,10,8,2017;2018;2019;2020;2022;2023;2024;2025,1.3040737948235754
10,135,BA,440,450,10,1,54202080.25000001,10,8,2017;2018;2019;2020;2022;2023;2024;2025,1.8449476392559672
10,135,BA,450,460,6,0,18058740.0,6,4,2022;2023;2024;2025,0.0
10,135,MA,0,10,10,0,0.0,0,0,,
10,135,MA,10,20,10,0,0.0,0,0,,
10,135,MA,20,30,10,337,206896103.6,6,8,2017;2018;2019;2020;2022;2023;2024;2025,162.88368612853859
10,135,MA,30,40,10,114,362357180.99999994,10,8,2017;2018;2019;2020;2022;2023;2024;2025,31.460670845653812
10,135,MA,40,50,10,118,362357180.99999994,10,8,2017;2018;2019;2020;2022;2023;2024;2025,32.56455403322062
10,135,MA,50,60,10,91,275757518.25,10,8,2017;2018;2019;2020;2022;2023;2024;2025,33.00000688195198
10,135,MA,60,70,10,94,266135333.5,10,8,2017;2018;2019;2020;2022;2023;2024;2025,35.32037582675959
10,135,MA,70,80,10,97,255805972.20000005,9,8,2017;2018;2019;2020;2022;2023;2024;2025,37.919364886509086
10,135,MA,80,90,10,86,284228858.00000006,10,8,2017;2018;2019;2020;2022;2023;2024;2025,30.257307651709304
10,135,MA,90,100,10,96,259508736.60000005,10,8,2017;2018;2019;2020;2022;2023;2024;2025,36.992974208792006
10,135,MA,100,110,4,14,88971421.8,4,8,2017;2018;2019;2020;2022;2023;2024;2025,15.735389765345978
10,135,MA,120,130,2,10,33007132.5,2,8,2017;2018;2019;2020;2022;2023;2024;2025,30.296482131551414
10,135,MA,130,140,10,37,156222591.5,10,8,2017;2018;2019;2020;2022;2023;2024;2025,23.68415454175845
10,135,MA,140,150,10,21,161495527.5,10,8,2017;2018;2019;2020;2022;2023;2024;2025,13.003456086423197
10,135,MA,150,160,10,28,161495527.5,10,8,2017;2018;2019;2020;2022;2023;2024;2025,17.337941448564262
10,135,MA,160,170,10,35,161495527.5,10,8,2017;2018;2019;2020;2022;2023;2024;2025,21.672426810705332
10,135,MA,170,180,9,31,145345974.75,9,8,2017;2018;2019;2020;2022;2023;2024;2025,21.328420035932233
10,135,MA,180,190,9,43,134247733.64999998,9,8,2017;2018;2019;2020;2022;2023;2024;2025,32.030335880459766
10,135,MA,190,200,10,24,140233368.64999998,10,8,2017;2018;2019;2020;2022;2023;2024;2025,17.114328943990607
10,135,MA,200,210,10,0,189032003.49999997,10,8,2017;2018;2019;2020;2022;2023;2024;2025,0.0
10,135,MA,210,220,10,0,189032003.49999997,10,8,2017;2018;2019;2020;2022;2023;2024;2025,0.0
10,135,MA,220,230,10,16,126565560.39999999,10,8,2017;2018;2019;2020;2022;2023;2024;2025,12.641669621209214
10,135,MA,230,240,10,20,75165180.00000001,10,8,2017;2018;2019;2020;2022;2023;2024;2025,26.608065064169335
10,135,MA,240,250,10,15,63016082.000000015,10,7,2018;2019;2020;2022;2023;2024;2025,23.80344750725695
10,135,MA,250,260,10,15,63016082.000000015,10,7,2018;2019;2020;2022;2023;2024;2025,23.80344750725695
10,135,MA,260,270,10,18,61383984.50000001,10,7,2018;2019;2020;2022;2023;2024;2025,29.323609646095875
10,135,MA,270,280,10,6,63212379.00000003,10,7,2018;2019;2020;2022;2023;2024;2025,9.491811722510866
10,135,MA,280,290,10,16,63212379.00000003,10,7,2018;2019;2020;2022;2023;2024;2025,25.311497926695644
10,135,MA,290,300,10,10,81427474.05000001,10,8,2017;2018;2019;2020;2022;2023;2024;2025,12.280867258463115
10,135,MA,300,310,10,13,83736073.50000001,10,8,2017;2018;2019;2020;2022;2023;2024;2025,15.524969653610517
10,135,MA,310,320,10,12,84540861.99999999,10,8,2017;2018;2019;2020;2022;2023;2024;2025,14.194319428633223
10,135,MA,320,330,10,12,85689637.45000002,10,8,2017;2018;2019;2020;2022;2023;2024;2025,14.004027041195044
10,135,MA,330,340,10,14,92778740.45000002,10,8,2017;2018;2019;2020;2022;2023;2024;2025,15.089663787303547
10,135,MA,340,350,8,5,67708930.80000001,8,8,2017;2018;2019;2020;2022;2023;2024;2025,7.384550222435353
10,135,MA,350,360,10,6,82681982.70000002,10,8,2017;2018;2019;2020;2022;2023;2024;2025,7.256720030251523
10,135,MA,360,370,10,5,88213309.5,10,8,2017;2018;2019;2020;2022;2023;2024;2025,5.668078919542181
10,135,MA,370,380,10,2,85459107.10000001,10,8,2017;2018;2019;2020;2022;2023;2024;2025,2.3403006044279158
10,135,MA,380,390,10,6,88293828.50000001,10,8,2017;2018;2019;2020;2022;2023;2024;2025,6.795491940866511
10,135,MA,390,400,10,2,84107497.50000001,10,8,2017;2018;2019;2020;2022;2023;2024;2025,2.3779092939960553
10,135,MA,400,410,10,4,83477288.50000001,10,8,2017;2018;2019;2020;2022;2023;2024;2025,4.791722481498664
10,135,MA,410,420,10,3,82667448.40000002,10,8,2017;2018;2019;2020;2022;2023;2024;2025,3.6289979406210864
10,135,MA,420,430,10,1,82539749.5,10,8,2017;2018;2019;2020;2022;2023;2024;2025,1.2115374786786821
10,135,MA,430,440,10,3,61852498.50000002,10,8,2017;2018;2019;2020;2022;2023;2024;2025,4.850248692864039
10,135,MA,440,450,10,2,59076454.500000015,10,8,2017;2018;2019;2020;2022;2023;2024;2025,3.385443518788013
10,135,MA,450,460,10,2,59076454.500000015,10,8,2017;2018;2019;2020;2022;2023;2024;2025,3.385443518788013
10,135,MA,460,470,10,0,59076454.500000015,10,8,2017;2018;2019;2020;2022;2023;2024;2025,0.0
10,135,MA,470,480,10,0,65321998.7,10,8,2017;2018;2019;2020;2022;2023;2024;2025,0.0
10,135,MA,480,490,10,2,74690315.0,10,8,2017;2018;2019;2020;2022;2023;2024;2025,2.677723343381267
10,135,MA,490,500,10,2,71072500.7,10,8,2017;2018;2019;2020;2022;2023;2024;2025,2.8140279015115617
10,135,MA,500,510,10,1,76365665.0,10,8,2017;2018;2019;2020;2022;2023;2024;2025,1.3094890223243654
10,135,MA,510,520,10,0,91085549.24999999,10,8,2017;2018;2019;2020;2022;2023;2024;2025,0.0
10,135,MA,520,530,10,0,105805433.49999997,10,8,2017;2018;2019;2020;2022;2023;2024;2025,0.0
10,135,MA,530,540,6,0,63483260.09999999,6,8,2017;2018;2019;2020;2022;2023;2024;2025,0.0
10,135,MA,550,560,8,0,55689568.40000001,8,7,2018;2019;2020;2022;2023;2024;2025,0.0
10,135,MA,560,570,10,0,69611960.50000003,10,7,2018;2019;2020;2022;2023;2024;2025,0.0
10,135,MA,570,580,2,0,13922392.100000001,2,7,2018;2019;2020;2022;2023;2024;2025,0.0
10,135,MG,120,130,5,0,30272844.499999993,5,8,2017;2018;2019;2020;2022;2023;2024;2025,0.0
10,135,MG,130,140,5,0,30272844.499999993,5,8,2017;2018;2019;2020;2022;2023;2024;2025,0.0
10,135,PI,30,40,1,1,6850122.9,1,5,2017;2018;2019;2020;2022,14.598278229431475
10,135,PI,40,50,10,7,67759103.70000002,9,8,2017;2018;2019;2020;2022;2023;2024;2025,10.330715162632824
10,135,PI,50,60,10,2,75287893.00000001,10,8,2017;2018;2019;2020;2022;2023;2024;2025,2.6564696132484404
10,135,PI,60,70,10,3,75287893.00000001,10,8,2017;2018;2019;2020;2022;2023;2024;2025,3.984704419872661
10,135,PI,70,80,10,3,80065060.45,10,8,2017;2018;2019;2020;2022;2023;2024;2025,3.7469527695835265
10,135,PI,80,90,10,1,91283324.50000001,10,8,2017;2018;2019;2020;2022;2023;2024;2025,1.0954903378875074
10,135,PI,90,100,10,1,91569484.50000001,10,8,2017;2018;2019;2020;2022;2023;2024;2025,1.0920668664461028
10,135,PI,100,110,10,5,91569484.50000001,10,8,2017;2018;2019;2020;2022;2023;2024;2025,5.460334332230515
10,135,PI,110,120,10,9,84614946.05000001,10,8,2017;2018;2019;2020;2022;2023;2024;2025,10.636418765405569
10,135,PI,120,130,9,16,59036023.450000025,9,8,2017;2018;2019;2020;2022;2023;2024;2025,27.10209642346768
10,135,PI,130,140,10,5,54845812.50000003,10,7,2018;2019;2020;2022;2023;2024;2025,9.116466275342347
10,135,PI,140,150,10,8,53631238.500000015,10,7,2018;2019;2020;2022;2023;2024;2025,14.916679576586688
10,135,PI,150,160,10,3,50371204.50000001,10,7,2018;2019;2020;2022;2023;2024;2025,5.955783725600605
10,135,PI,160,170,10,11,50371204.50000001,10,7,2018;2019;2020;2022;2023;2024;2025,21.83787366053555
10,135,PI,170,180,10,10,52068487.35000001,10,8,2017;2018;2019;2020;2022;2023;2024;2025,19.205474383730103
10,135,PI,180,190,10,3,56028813.99999999,10,8,2017;2018;2019;2020;2022;2023;2024;2025,5.35438783337445
10,135,PI,190,200,10,7,50250133.99999999,10,8,2017;2018;2019;2020;2022;2023;2024;2025,13.930311111210173
10,135,PI,200,210,10,2,41582113.99999999,10,6,2017;2018;2019;2020;2022;2023,4.809760273371383
10,135,PI,210,220,10,11,59700275.999999985,10,8,2017;2018;2019;2020;2022;2023;2024;2025,18.425375453875628
10,135,PI,220,230,10,11,61015137.399999976,10,8,2017;2018;2019;2020;2022;2023;2024;2025,18.02831308546722
10,135,PI,230,240,10,22,71588982.99999999,10,8,2017;2018;2019;2020;2022;2023;2024;2025,30.730985520495526
10,135,PI,240,250,10,6,71588982.99999999,10,8,2017;2018;2019;2020;2022;2023;2024;2025,8.381177869226054
10,135,PI,250,260,10,9,71401869.39999998,10,8,2017;2018;2019;2020;2022;2023;2024;2025,12.604711999319171
10,135,PI,260,270,10,14,70653415.0,10,8,2017;2018;2019;2020;2022;2023;2024;2025,19.81503654140426
10,135,PI,270,280,10,14,70653415.0,10,8,2017;2018;2019;2020;2022;2023;2024;2025,19.81503654140426
10,135,PI,280,290,10,13,70653415.0,10,8,2017;2018;2019;2020;2022;2023;2024;2025,18.399676788446815
10,135,PI,290,300,10,13,70427115.0,10,8,2017;2018;2019;2020;2022;2023;2024;2025,18.45879956888764
10,135,PI,300,310,10,34,70200815.0,10,8,2017;2018;2019;2020;2022;2023;2024;2025,48.43248614706254
10,135,PI,310,320,5,16,34966587.55,5,8,2017;2018;2019;2020;2022;2023;2024;2025,45.7579681663846
10,135,PI,320,330,10,21,66869693.60000002,10,8,2017;2018;2019;2020;2022;2023;2024;2025,31.40436103329176
10,135,PI,330,340,10,49,65633241.50000002,10,8,2017;2018;2019;2020;2022;2023;2024;2025,74.65729084857097
10,135,PI,340,350,10,40,63827221.50000002,10,8,2017;2018;2019;2020;2022;2023;2024;2025,62.66918574859159
10,135,PI,350,360,10,91,58509821.2,10,8,2017;2018;2019;2020;2022;2023;2024;2025,155.52944468748436
10,135,PI,360,370,10,40,63197012.5,10,8,2017;2018;2019;2020;2022;2023;2024;2025,63.29413119014131
10,135,PI,370,380,10,17,63197012.5,10,8,2017;2018;2019;2020;2022;2023;2024;2025,26.900005755810056
10,135,PI,380,390,10,35,62650972.5,10,8,2017;2018;2019;2020;2022;2023;2024;2025,55.865054608689434
10,135,PI,390,400,10,15,61831912.5,10,8,2017;2018;2019;2020;2022;2023;2024;2025,24.259317549008372
10,135,PI,400,410,10,45,60315731.699999996,10,8,2017;2018;2019;2020;2022;2023;2024;2025,74.60740130588519
10,135,PI,410,420,10,16,54251008.499999985,10,8,2017;2018;2019;2020;2022;2023;2024;2025,29.492539295375504
10,135,PI,420,430,10,16,54251008.499999985,10,8,2017;2018;2019;2020;2022;2023;2024;2025,29.492539295375504
10,135,PI,430,440,10,16,54251008.499999985,10,8,2017;2018;2019;2020;2022;2023;2024;2025,29.492539295375504
10,135,PI,440,450,10,6,54251008.499999985,10,8,2017;2018;2019;2020;2022;2023;2024;2025,11.059702235765814
10,135,PI,450,460,10,12,54251008.499999985,10,8,2017;2018;2019;2020;2022;2023;2024;2025,22.119404471531627
10,135,PI,460,470,10,19,54251008.499999985,10,8,2017;2018;2019;2020;2022;2023;2024;2025,35.022390413258414
10,135,PI,470,480,10,10,54251008.499999985,10,8,2017;2018;2019;2020;2022;2023;2024;2025,18.43283705960969
10,135,PI,480,490,10,18,54251008.499999985,10,8,2017;2018;2019;2020;2022;2023;2024;2025,33.17910670729744
10,135,PI,490,500,10,14,54251008.499999985,10,8,2017;2018;2019;2020;2022;2023;2024;2025,25.805971883453566
10,135,PI,500,510,10,32,55421278.79999999,10,8,2017;2018;2019;2020;2022;2023;2024;2025,57.73955544309816
10,135,PI,510,520,10,21,58644374.80000001,9,8,2017;2018;2019;2020;2022;2023;2024;2025,35.80906109344352
10,135,PI,520,530,10,10,63709217.000000015,10,8,2017;2018;2019;2020;2022;2023;2024;2025,15.696315966338117
10,135,PI,530,540,10,15,59143067.0,10,8,2017;2018;2019;2020;2022;2023;2024;2025,25.3622288475503
10,135,PI,540,550,10,38,54576916.999999985,10,8,2017;2018;2019;2020;2022;2023;2024;2025,69.62650528610844
10,135,PI,550,560,10,31,54576916.999999985,10,8,2017;2018;2019;2020;2022;2023;2024;2025,56.80057010182529
10,135,PI,560,570,10,5,54576916.999999985,10,8,2017;2018;2019;2020;2022;2023;2024;2025,9.16138227448795
10,135,PI,570,580,10,10,54576916.999999985,10,8,2017;2018;2019;2020;2022;2023;2024;2025,18.3227645489759
10,135,PI,580,590,10,12,54576916.999999985,10,8,2017;2018;2019;2020;2022;2023;2024;2025,21.987317458771084
10,135,PI,590,600,10,20,69840085.50000001,10,8,2017;2018;2019;2020;2022;2023;2024;2025,28.63684924898896
10,135,PI,600,610,10,16,69840085.50000001,10,8,2017;2018;2019;2020;2022;2023;2024;2025,22.909479399191166
10,135,PI,610,620,10,17,69852218.10000002,10,8,2017;2018;2019;2020;2022;2023;2024;2025,24.337094028514453
10,135,PI,620,630,10,13,69900748.50000004,10,8,2017;2018;2019;2020;2022;2023;2024;2025,18.597797990675296
10,135,PI,630,640,10,13,69900748.50000004,10,8,2017;2018;2019;2020;2022;2023;2024;2025,18.597797990675296
10,135,PI,640,650,1,1,6990074.850000001,1,8,2017;2018;2019;2020;2022;2023;2024;2025,14.30599845436562
10,153,GO,0,10,10,17,126844836.50000003,10,8,2017;2018;2019;2020;2022;2023;2024;2025,13.402201042688874
10,153,GO,10,20,10,26,126844836.50000003,10,8,2017;2018;2019;2020;2022;2023;2024;2025,20.497483947641808
10,153,GO,20,30,10,34,126844836.50000003,10,8,2017;2018;2019;2020;2022;2023;2024;2025,26.80440208537775
10,153,GO,30,40,10,43,126735132.10000001,10,8,2017;2018;2019;2020;2022;2023;2024;2025,33.92902921825257
10,153,GO,40,50,10,33,126707705.99999999,10,8,2017;2018;2019;2020;2022;2023;2024;2025,26.04419339736133
10,153,GO,50,60,10,37,125066687.89999999,10,8,2017;2018;2019;2020;2022;2023;2024;2025,29.584216725707346
10,153,GO,60,70,10,49,108177579.44999999,10,8,2017;2018;2019;2020;2022;2023;2024;2025,45.29589241054146
10,153,GO,70,80,10,76,122970252.0,10,8,2017;2018;2019;2020;2022;2023;2024;2025,61.80356530455837
10,153,GO,80,90,10,53,122970252.0,10,8,2017;2018;2019;2020;2022;2023;2024;2025,43.09985475186308
10,153,GO,90,100,10,51,122970252.0,10,8,2017;2018;2019;2020;2022;2023;2024;2025,41.47344513858523
10,153,GO,100,110,10,47,115022347.79999998,9,8,2017;2018;2019;2020;2022;2023;2024;2025,40.86162463117451
10,153,GO,110,120,10,42,144715856.99999994,10,8,2017;2018;2019;2020;2022;2023;2024;2025,29.022389716422033
10,153,GO,120,130,10,48,147244485.74999997,10,8,2017;2018;2019;2020;2022;2023;2024;2025,32.598843858572145
10,153,GO,130,140,10,76,149773114.49999994,10,8,2017;2018;2019;2020;2022;2023;2024;2025,50.74341964091295
10,153,GO,140,150,10,44,130958707.69999997,10,8,2017;2018;2019;2020;2022;2023;2024;2025,33.59837675001737
10,153,GO,150,160,10,29,126920135.99999997,10,7,2018;2019;2020;2022;2023;2024;2025,22.849014280917576
10,153,GO,160,170,10,36,132905405.99999997,10,7,2018;2019;2020;2022;2023;2024;2025,27.086934296713263
10,153,GO,170,180,10,73,139039015.65,9,8,2017;2018;2019;2020;2022;2023;2024;2025,52.50324857287638
10,153,GO,180,190,10,74,213384073.5,10,8,2017;2018;2019;2020;2022;2023;2024;2025,34.67925172962827
10,153,GO,190,200,10,80,213384073.5,10,8,2017;2018;2019;2020;2022;2023;2024;2025,37.491082950949476
10,153,GO,200,210,3,62,63332912.95,3,8,2017;2018;2019;2020;2022;2023;2024;2025,97.89538663561503
10,153,GO,210,220,7,28,80152905.0,7,7,2018;2019;2020;2022;2023;2024;2025,34.93323167762915
10,153,GO,220,230,10,32,114504150.0,10,7,2018;2019;2020;2022;2023;2024;2025,27.946585342103322
10,153,GO,230,240,10,39,114504150.0,10,7,2018;2019;2020;2022;2023;2024;2025,34.05990088568842
10,153,GO,240,250,10,39,131279539.05000003,10,8,2017;2018;2019;2020;2022;2023;2024;2025,29.70759973886425
10,153,GO,250,260,10,28,143863691.50000003,10,8,2017;2018;2019;2020;2022;2023;2024;2025,19.462867738243734
10,153,GO,260,270,10,44,143863691.50000003,10,8,2017;2018;2019;2020;2022;2023;2024;2025,30.584506445811584
10,153,GO,270,280,10,60,142400450.3,10,8,2017;2018;2019;2020;2022;2023;2024;2025,42.13469822152662
10,153,GO,280,290,10,51,134222745.75000003,10,8,2017;2018;2019;2020;2022;2023;2024;2025,37.996540537914
10,153,GO,290,300,10,74,128239903.00000006,10,8,2017;2018;2019;2020;2022;2023;2024;2025,57.70434807643294
10,153,GO,300,310,10,104,117197539.75000003,10,8,2017;2018;2019;2020;2022;2023;2024;2025,88.73906416623389
10,153,GO,310,320,10,65,106155176.5,10,8,2017;2018;2019;2020;2022;2023;2024;2025,61.23111669453067
10,153,GO,320,330,10,77,126239323.40000002,10,8,2017;2018;2019;2020;2022;2023;2024;2025,60.9952572036678
10,153,GO,330,340,10,37,129115866.50000004,10,8,2017;2018;2019;2020;2022;2023;2024;2025,28.656431624536236
10,153,GO,340,350,10,59,129115866.50000004,10,8,2017;2018;2019;2020;2022;2023;2024;2025,45.69539096885508
10,153,GO,350,360,10,112,149147044.60000002,10,8,2017;2018;2019;2020;2022;2023;2024;2025,75.09367704896513
10,153,GO,360,370,10,71,263557729.04999998,10,8,2017;2018;2019;2020;2022;2023;2024;2025,26.93906957535306
10,153,GO,370,380,10,61,242112756.29999998,10,8,2017;2018;2019;2020;2022;2023;2024;2025,25.194872394255587
10,153,GO,380,390,10,25,150152130.5,10,8,2017;2018;2019;2020;2022;2023;2024;2025,16.64978040388178
10,153,GO,390,400,10,45,150152130.5,10,8,2017;2018;2019;2020;2022;2023;2024;2025,29.969604726987207
10,153,GO,400,410,10,68,150416496.35000002,10,8,2017;2018;2019;2020;2022;2023;2024;2025,45.20780742144975
10,153,GO,410,420,10,81,150529796.00000006,10,8,2017;2018;2019;2020;2022;2023;2024;2025,53.809944710215355
10,153,GO,420,430,10,122,150529796.00000006,10,8,2017;2018;2019;2020;2022;2023;2024;2025,81.04707721785523
10,153,GO,430,440,10,422,154090593.65000004,10,8,2017;2018;2019;2020;2022;2023;2024;2025,273.8648674159352
10,153,GO,440,450,5,150,81199560.75,5,5,2017;2018;2019;2020;2022,184.73006333350145
10,153,GO,490,500,10,158,60875200.04999999,10,1,2017,259.5474016844731
10,153,GO,500,510,7,167,24092117.000000004,7,1,2017,693.1727917476076
10,153,GO,510,520,10,614,329438188.7,10,8,2017;2018;2019;2020;2022;2023;2024;2025,186.37790670927157
10,153,GO,520,530,10,183,438728430.50000006,10,8,2017;2018;2019;2020;2022;2023;2024;2025,41.71145229668447
10,153,GO,530,540,10,153,405267789.1499999,10,8,2017;2018;2019;2020;2022;2023;2024;2025,37.75281532265344
10,153,GO,540,550,10,102,452316248.9999999,10,8,2017;2018;2019;2020;2022;2023;2024;2025,22.550593799251292
10,153,GO,550,560,10,90,383340366.6999999,9,8,2017;2018;2019;2020;2022;2023;2024;2025,23.47783010038009
10,153,GO,560,570,10,104,349525514.74999994,10,8,2017;2018;2019;2020;2022;2023;2024;2025,29.754623228117286
10,153,GO,570,580,10,110,306095423.9999999,10,8,2017;2018;2019;2020;2022;2023;2024;2025,35.93650586556957
10,153,GO,580,590,10,109,306095423.9999999,10,8,2017;2018;2019;2020;2022;2023;2024;2025,35.60981035770075
10,153,GO,590,600,10,123,306688848.29999995,10,8,2017;2018;2019;2020;2022;2023;2024;2025,40.105794743368904
10,153,GO,600,610,10,94,309062545.50000006,10,8,2017;2018;2019;2020;2022;2023;2024;2025,30.41455568416652
10,153,GO,610,620,10,92,309062545.50000006,10,8,2017;2018;2019;2020;2022;2023;2024;2025,29.76743747812042
10,153,GO,620,630,10,95,272209283.9,10,8,2017;2018;2019;2020;2022;2023;2024;2025,34.89961791123172
10,153,GO,630,640,10,90,241327980.75,9,8,2017;2018;2019;2020;2022;2023;2024;2025,37.29364482323917
10,153,GO,640,650,10,76,269722115.50000006,10,8,2017;2018;2019;2020;2022;2023;2024;2025,28.177148121174355
10,153,GO,650,660,10,88,269722115.50000006,10,8,2017;2018;2019;2020;2022;2023;2024;2025,32.626171508728206
10,153,GO,660,670,10,83,274813829.0,10,8,2017;2018;2019;2020;2022;2023;2024;2025,30.20226467569796
10,153,GO,670,680,10,69,259339135.70000002,9,8,2017;2018;2019;2020;2022;2023;2024;2025,26.606088515625448
10,153,GO,680,690,10,52,305169090.50000006,10,8,2017;2018;2019;2020;2022;2023;2024;2025,17.039733583372197
10,153,GO,690,700,7,74,213618363.35000002,7,8,2017;2018;2019;2020;2022;2023;2024;2025,34.641216625536885
10,153,MG,0,10,6,73,145763377.8,6,7,2018;2019;2020;2022;2023;2024;2025,50.0811665466221
10,153,MG,10,20,10,125,245401019.39999998,10,7,2018;2019;2020;2022;2023;2024;2025,50.9370337195918
10,153,MG,20,30,10,110,267559527.00000012,10,7,2018;2019;2020;2022;2023;2024;2025,41.11234656204186
10,153,MG,30,40,10,105,307875456.0,10,8,2017;2018;2019;2020;2022;2023;2024;2025,34.10469979133381
10,153,MG,40,50,10,130,334752741.99999994,10,8,2017;2018;2019;2020;2022;2023;2024;2025,38.8346333545492
10,153,MG,50,60,10,152,298909340.5,10,8,2017;2018;2019;2020;2022;2023;2024;2025,50.85153904717139
10,153,MG,60,70,10,49,155535734.49999997,10,8,2017;2018;2019;2020;2022;2023;2024;2025,31.504014275253258
10,153,MG,70,80,10,85,155535734.49999997,10,8,2017;2018;2019;2020;2022;2023;2024;2025,54.64982068156178
10,153,MG,80,90,10,68,155535734.49999997,10,8,2017;2018;2019;2020;2022;2023;2024;2025,43.71985654524942
10,153,MG,90,100,10,88,155535734.49999997,10,8,2017;2018;2019;2020;2022;2023;2024;2025,56.578637882087484
10,153,MG,100,110,10,100,161525077.89999998,10,8,2017;2018;2019;2020;2022;2023;2024;2025,61.90989120705449
10,153,MG,110,120,10,68,185482451.50000003,10,8,2017;2018;2019;2020;2022;2023;2024;2025,36.66115012502948
10,153,MG,120,130,10,50,185482451.50000003,10,8,2017;2018;2019;2020;2022;2023;2024;2025,26.95672803310991
10,153,MG,130,140,10,67,181806901.50000003,10,8,2017;2018;2019;2020;2022;2023;2024;2025,36.85228638033853
10,153,MG,140,150,10,60,180744423.00000003,10,8,2017;2018;2019;2020;2022;2023;2024;2025,33.19604500328067
10,153,MG,150,160,10,39,176494508.99999997,10,8,2017;2018;2019;2020;2022;2023;2024;2025,22.097004728911994
10,153,MG,160,170,10,27,165254655.2,10,8,2017;2018;2019;2020;2022;2023;2024;2025,16.338420220188752
10,153,MG,170,180,10,57,155040794.5,10,8,2017;2018;2019;2020;2022;2023;2024;2025,36.764517483171176
10,153,MG,180,190,10,54,156702274.5,10,8,2017;2018;2019;2020;2022;2023;2024;2025,34.460252840809915
10,153,MG,190,200,10,66,132320675.99999999,10,8,2017;2018;2019;2020;2022;2023;2024;2025,49.87882619342121
10,153,MG,200,210,10,28,135710675.55000004,10,8,2017;2018;2019;2020;2022;2023;2024;2025,20.632127786943283
10,153,MG,210,220,10,66,151523727.50000006,10,8,2017;2018;2019;2020;2022;2023;2024;2025,43.55753457820656
10,153,MG,220,230,10,55,151523727.50000006,10,8,2017;2018;2019;2020;2022;2023;2024;2025,36.297945481838795
10,153,MG,230,240,10,99,151811373.05000004,10,8,2017;2018;2019;2020;2022;2023;2024;2025,65.21250550009432
10,153,PA,30,40,5,0,48728978.25000001,5,8,2017;2018;2019;2020;2022;2023;2024;2025,0.0
10,153,PA,40,50,10,8,42859971.70000001,10,8,2017;2018;2019;2020;2022;2023;2024;2025,18.66543462976668
10,153,PA,50,60,10,10,29210475.500000004,10,8,2017;2018;2019;2020;2022;2023;2024;2025,34.23429378956874
10,153,PA,60,70,10,3,26752565.500000004,10,8,2017;2018;2019;2020;2022;2023;2024;2025,11.213877786786465
10,153,PA,70,80,10,5,25699175.500000004,10,8,2017;2018;2019;2020;2022;2023;2024;2025,19.455877096134852
10,153,PA,80,90,10,3,25699175.500000004,10,8,2017;2018;2019;2020;2022;2023;2024;2025,11.673526257680912
10,153,PA,90,100,10,2,25699175.500000004,10,8,2017;2018;2019;2020;2022;2023;2024;2025,7.78235083845394
10,153,PA,100,110,10,1,25699175.500000004,10,8,2017;2018;2019;2020;2022;2023;2024;2025,3.89117541922697
10,153,PA,110,120,10,2,25699175.500000004,10,8,2017;2018;2019;2020;2022;2023;2024;2025,7.78235083845394
10,153,PA,120,130,10,4,25699175.500000004,10,8,2017;2018;2019;2020;2022;2023;2024;2025,15.56470167690788
10,153,PA,130,140,10,3,25699175.500000004,10,8,2017;2018;2019;2020;2022;2023;2024;2025,11.673526257680912
10,153,PA,140,150,10,5,25740785.500000004,10,8,2017;2018;2019;2020;2022;2023;2024;2025,19.424426655511347
10,153,PA,150,160,2,0,2943265.1,2,5,2017;2018;2019;2020;2022,0.0
10,153,PR,0,10,10,86,33886439.400000006,4,5,2017;2022;2023;2024;2025,253.7888356603202
10,153,PR,10,20,10,122,124369275.09999996,10,8,2017;2018;2019;2020;2022;2023;2024;2025,98.09496750857885
10,153,PR,20,30,10,168,159075778.25,10,8,2017;2018;2019;2020;2022;2023;2024;2025,105.6100443751876
10,153,PR,30,40,10,159,201975122.5,10,8,2017;2018;2019;2020;2022;2023;2024;2025,78.72256643884447
10,153,PR,40,50,10,213,220369480.00000006,10,8,2017;2018;2019;2020;2022;2023;2024;2025,96.65585270700822
10,153,PR,50,60,10,45,121301384.40000002,9,8,2017;2018;2019;2020;2022;2023;2024;2025,37.09768047791547
10,153,PR,60,70,10,39,92038443.80000001,10,8,2017;2018;2019;2020;2022;2023;2024;2025,42.37359780305194
10,153,PR,70,80,10,28,90854960.50000001,10,8,2017;2018;2019;2020;2022;2023;2024;2025,30.818350309007062
10,153,PR,80,90,10,28,100051350.85,10,8,2017;2018;2019;2020;2022;2023;2024;2025,27.98562914155796
10,153,PR,90,100,10,47,106787465.99999999,10,8,2017;2018;2019;2020;2022;2023;2024;2025,44.012655942224534
10,153,PR,100,110,8,76,89495740.64999999,8,8,2017;2018;2019;2020;2022;2023;2024;2025,84.92024251435704
10,153,PR,110,120,8,44,68351856.39999998,8,8,2017;2018;2019;2020;2022;2023;2024;2025,64.3727944161587
10,153,PR,120,130,10,49,85436170.5,10,8,2017;2018;2019;2020;2022;2023;2024;2025,57.3527578696894
10,153,PR,130,140,10,71,85436170.5,10,8,2017;2018;2019;2020;2022;2023;2024;2025,83.10297568873362
10,153,PR,140,150,10,42,85436170.5,10,8,2017;2018;2019;2020;2022;2023;2024;2025,49.15950674544805
10,153,PR,150,160,10,23,85436170.5,10,8,2017;2018;2019;2020;2022;2023;2024;2025,26.920682265364412
10,153,PR,160,170,10,25,71880420.90000002,10,8,2017;2018;2019;2020;2022;2023;2024;2025,34.77998554680138
10,153,PR,170,180,10,11,70374226.50000003,10,7,2018;2019;2020;2022;2023;2024;2025,15.630722420799886
10,153,PR,180,190,10,12,70374226.50000003,10,7,2018;2019;2020;2022;2023;2024;2025,17.05169718632715
10,153,PR,190,200,10,7,70374226.50000003,10,7,2018;2019;2020;2022;2023;2024;2025,9.946823358690837
10,153,PR,200,210,10,34,117833738.4,10,8,2017;2018;2019;2020;2022;2023;2024;2025,28.85421481289437
10,153,PR,210,220,10,22,149473413.0,10,8,2017;2018;2019;2020;2022;2023;2024;2025,14.718336564643772
10,153,PR,220,230,10,13,149473413.0,10,8,2017;2018;2019;2020;2022;2023;2024;2025,8.697198879107685
10,153,PR,230,240,10,23,149473413.0,10,8,2017;2018;2019;2020;2022;2023;2024;2025,15.387351863036672
10,153,PR,240,250,6,20,89684047.8,6,8,2017;2018;2019;2020;2022;2023;2024;2025,22.300509946429962
10,153,PR,300,310,4,22,26971474.25,4,8,2017;2018;2019;2020;2022;2023;2024;2025,81.56765846790893
10,153,PR,310,320,10,27,72808703.50000001,10,8,2017;2018;2019;2020;2022;2023;2024;2025,37.083478625601394
10,153,PR,320,330,10,47,70465987.50000001,10,8,2017;2018;2019;2020;2022;2023;2024;2025,66.69884531171863
10,153,PR,330,340,10,243,75839313.09999998,10,8,2017;2018;2019;2020;2022;2023;2024;2025,320.4142944696582
10,153,PR,340,350,10,100,104640167.34999998,10,8,2017;2018;2019;2020;2022;2023;2024;2025,95.56559639810249
10,153,PR,350,360,10,99,105339182.5,10,8,2017;2018;2019;2020;2022;2023;2024;2025,93.98212293891687
10,153,PR,360,370,7,42,69133993.0,7,8,2017;2018;2019;2020;2022;2023;2024;2025,60.75159003183861
10,153,PR,370,380,10,42,89994400.00000003,10,7,2018;2019;2020;2022;2023;2024;2025,46.669570551056495
10,153,PR,380,390,10,35,89994400.00000003,10,7,2018;2019;2020;2022;2023;2024;2025,38.89130879254708
10,153,PR,390,400,10,40,94217957.35000001,10,8,2017;2018;2019;2020;2022;2023;2024;2025,42.454751859465986
10,153,PR,400,410,10,36,97282384.19999999,10,8,2017;2018;2019;2020;2022;2023;2024;2025,37.00567198886559
10,153,PR,410,420,10,15,100654732.35000001,10,8,2017;2018;2019;2020;2022;2023;2024;2025,14.90242897655472
10,153,PR,420,430,10,0,120562784.99999994,10,8,2017;2018;2019;2020;2022;2023;2024;2025,0.0
10,153,PR,430,440,10,0,123576557.15,10,8,2017;2018;2019;2020;2022;2023;2024;2025,0.0
10,153,PR,440,450,10,1,124695935.50000003,10,8,2017;2018;2019;2020;2022;2023;2024;2025,0.801950758050169
10,153,PR,450,460,7,37,46242806.30000001,7,7,2017;2018;2019;2020;2022;2024;2025,80.01244509245969
10,153,PR,480,490,5,29,99123433.25000001,5,8,2017;2018;2019;2020;2022;2023;2024;2025,29.256452333384036
10,153,PR,490,500,2,19,37555149.3,2,8,2017;2018;2019;2020;2022;2023;2024;2025,50.59226325589392
10,153,PR,520,530,2,8,26118075.05,2,8,2017;2018;2019;2020;2022;2023;2024;2025,30.630128693194028
10,153,RS,0,10,10,74,44017087.39999999,10,8,2017;2018;2019;2020;2022;2023;2024;2025,168.11653012734325
10,153,RS,10,20,10,40,105898143.5,10,8,2017;2018;2019;2020;2022;2023;2024;2025,37.77214470242342
10,153,RS,20,30,10,43,113602709.5,10,8,2017;2018;2019;2020;2022;2023;2024;2025,37.851209878053126
10,153,RS,30,40,10,34,113602709.5,10,8,2017;2018;2019;2020;2022;2023;2024;2025,29.928863624507127
10,153,RS,40,50,10,329,77429012.20000002,10,8,2017;2018;2019;2020;2022;2023;2024;2025,424.9053302529409
10,153,RS,50,60,3,83,5880993.149999999,2,5,2017;2018;2019;2020;2022,1411.3262485265777
10,153,RS,160,170,1,0,23597797.5,1,8,2017;2018;2019;2020;2022;2023;2024;2025,0.0
10,153,RS,170,180,10,0,239118435.0,10,8,2017;2018;2019;2020;2022;2023;2024;2025,0.0
10,153,RS,180,190,10,0,239819235.0,10,8,2017;2018;2019;2020;2022;2023;2024;2025,0.0
10,153,RS,190,200,9,0,215698027.5,9,8,2017;2018;2019;2020;2022;2023;2024;2025,0.0
10,153,RS,200,210,1,0,16135737.5,1,5,2017;2018;2019;2020;2022,0.0
10,153,RS,360,370,2,1,14343580.2,2,8,2017;2018;2019;2020;2022;2023;2024;2025,6.971760090970872
10,153,RS,370,380,10,19,71717901.0,10,8,2017;2018;2019;2020;2022;2023;2024;2025,26.492688345689313
10,153,RS,380,390,10,15,71717901.0,10,8,2017;2018;2019;2020;2022;2023;2024;2025,20.915280272912618
10,153,RS,390,400,10,22,69379711.0,10,8,2017;2018;2019;2020;2022;2023;2024;2025,31.709558432723938
10,153,RS,400,410,10,61,55479927.00000001,10,8,2017;2018;2019;2020;2022;2023;2024;2025,109.94967603327956
10,153,RS,410,420,10,31,61225173.00000001,10,8,2017;2018;2019;2020;2022;2023;2024;2025,50.632768322271616
10,153,RS,420,430,10,5,62623853.00000001,10,8,2017;2018;2019;2020;2022;2023;2024;2025,7.984178169299163
10,153,RS,430,440,1,0,6262385.3,1,8,2017;2018;2019;2020;2022;2023;2024;2025,0.0
10,153,RS,480,490,5,1,20436715.0,5,8,2017;2018;2019;2020;2022;2023;2024;2025,4.893154305865694
10,153,RS,490,500,10,16,41858200.0,10,8,2017;2018;2019;2020;2022;2023;2024;2025,38.224290581057
10,153,RS,500,510,10,9,41858200.0,10,8,2017;2018;2019;2020;2022;2023;2024;2025,21.501163451844562
10,153,RS,510,520,10,19,46398595.599999994,10,8,2017;2018;2019;2020;2022;2023;2024;2025,40.949515290932645
10,153,RS,520,530,10,11,46903084.0,10,8,2017;2018;2019;2020;2022;2023;2024;2025,23.452615610521477
10,153,RS,530,540,10,8,46903814.0,10,8,2017;2018;2019;2020;2022;2023;2024;2025,17.0561822541766
10,153,RS,540,550,10,15,46906734.0,10,8,2017;2018;2019;2020;2022;2023;2024;2025,31.97835091225921
10,153,RS,550,560,10,10,46906734.0,10,8,2017;2018;2019;2020;2022;2023;2024;2025,21.318900608172804
10,153,RS,560,570,10,16,46906734.0,10,8,2017;2018;2019;2020;2022;2023;2024;2025,34.110240973076486
10,153,RS,570,580,10,14,46906734.0,10,8,2017;2018;2019;2020;2022;2023;2024;2025,29.84646085144193
10,153,RS,580,590,10,22,46906734.0,10,8,2017;2018;2019;2020;2022;2023;2024;2025,46.90158133798017
10,153,RS,590,600,10,14,46906734.0,10,8,2017;2018;2019;2020;2022;2023;2024;2025,29.84646085144193
10,153,RS,600,610,10,6,46906734.0,10,8,2017;2018;2019;2020;2022;2023;2024;2025,12.791340364903682
10,153,RS,610,620,10,12,46906734.0,10,8,2017;2018;2019;2020;2022;2023;2024;2025,25.582680729807365
10,153,RS,620,630,3,2,14072020.200000001,3,8,2017;2018;2019;2020;2022;2023;2024;2025,14.212600405448537
10,153,RS,630,640,10,6,40161504.800000004,10,8,2017;2018;2019;2020;2022;2023;2024;2025,14.939679252257498
10,153,RS,640,650,10,6,58616590.999999985,10,8,2017;2018;2019;2020;2022;2023;2024;2025,10.236009801388828
10,153,RS,650,660,10,10,58616590.999999985,10,8,2017;2018;2019;2020;2022;2023;2024;2025,17.060016335648047
10,153,RS,660,670,10,8,53838616.89999998,10,8,2017;2018;2019;2020;2022;2023;2024;2025,14.859222730144099
10,153,RS,670,680,10,7,49615690.999999985,10,8,2017;2018;2019;2020;2022;2023;2024;2025,14.108440009431698
10,153,RS,680,690,10,2,49615690.999999985,10,8,2017;2018;2019;2020;2022;2023;2024;2025,4.0309828598376285
10,153,RS,690,700,4,1,18762591.400000002,4,8,2017;2018;2019;2020;2022;2023;2024;2025,5.329754183102873
10,153,SC,0,10,10,49,152997780.00000003,10,8,2017;2018;2019;2020;2022;2023;2024;2025,32.02660849065914
10,153,SC,10,20,10,40,149426276.9,10,8,2017;2018;2019;2020;2022;2023;2024;2025,26.769053495704142
10,153,SC,20,30,10,19,145364827.00000003,10,8,2017;2018;2019;2020;2022;2023;2024;2025,13.070562110599147
10,153,SC,30,40,10,36,145364827.00000003,10,8,2017;2018;2019;2020;2022;2023;2024;2025,24.76527557797733
10,153,SC,40,50,10,34,130827979.30000001,9,8,2017;2018;2019;2020;2022;2023;2024;2025,25.98832465495399
10,153,SC,50,60,10,75,130825059.30000001,9,8,2017;2018;2019;2020;2022;2023;2024;2025,57.328466274962345
10,153,SC,60,70,10,63,99808749.95000002,10,7,2018;2019;2020;2022;2023;2024;2025,63.12071840551089
10,153,SC,70,80,10,45,107390482.5,10,7,2018;2019;2020;2022;2023;2024;2025,41.9031546859844
10,153,SC,80,90,10,55,107390482.5,10,7,2018;2019;2020;2022;2023;2024;2025,51.214966838425376
10,153,SC,90,100,10,114,139095674.60000002,9,8,2017;2018;2019;2020;2022;2023;2024;2025,81.95797628346955
10,153,SC,100,110,10,79,102710415.99999999,10,8,2017;2018;2019;2020;2022;2023;2024;2025,76.91527605145716
10,153,SC,110,120,10,57,116393667.39999996,10,8,2017;2018;2019;2020;2022;2023;2024;2025,48.97173641252584
10,153,SP,0,10,10,64,145326064.0,8,8,2017;2018;2019;2020;2022;2023;2024;2025,44.038900000759675
10,153,SP,10,20,10,85,181657580.00000006,10,8,2017;2018;2019;2020;2022;2023;2024;2025,46.79133125080713
10,153,SP,20,30,6,42,108994547.99999999,6,8,2017;2018;2019;2020;2022;2023;2024;2025,38.534037500664716
10,153,SP,30,40,10,145,284137819.7,10,8,2017;2018;2019;2020;2022;2023;2024;2025,51.03157339388848
10,153,SP,40,50,10,165,250171328.49999985,10,8,2017;2018;2019;2020;2022;2023;2024;2025,65.95480025202012
10,153,SP,50,60,10,450,175378448.49999988,10,8,2017;2018;2019;2020;2022;2023;2024;2025,256.58796953036125
10,153,SP,60,70,10,604,174317284.0,10,6,2017;2018;2019;2020;2022;2023,346.4946138100683
10,153,SP,70,80,10,398,236741087.79999998,10,8,2017;2018;2019;2020;2022;2023;2024;2025,168.11614903798716
10,153,SP,80,90,10,90,295322047.5,10,8,2017;2018;2019;2020;2022;2023;2024;2025,30.47520520796877
10,153,SP,90,100,10,90,291747967.5,10,8,2017;2018;2019;2020;2022;2023;2024;2025,30.848543957722686
10,153,SP,100,110,10,87,137211829.29999995,10,8,2017;2018;2019;2020;2022;2023;2024;2025,63.405611924160844
10,153,SP,110,120,10,117,159614682.4999999,10,8,2017;2018;2019;2020;2022;2023;2024;2025,73.301527257682
10,153,SP,120,130,10,32,160197952.4999999,10,8,2017;2018;2019;2020;2022;2023;2024;2025,19.97528651310323
10,153,SP,130,140,10,26,160197952.4999999,10,8,2017;2018;2019;2020;2022;2023;2024;2025,16.229920291896374
10,153,SP,140,150,10,39,160197952.4999999,10,8,2017;2018;2019;2020;2022;2023;2024;2025,24.344880437844562
10,153,SP,150,160,10,55,160197952.4999999,10,8,2017;2018;2019;2020;2022;2023;2024;2025,34.33252369439617
10,153,SP,160,170,10,51,127106724.00000001,10,8,2017;2018;2019;2020;2022;2023;2024;2025,40.12376245335376
10,153,SP,170,180,10,87,121558753.20000003,10,8,2017;2018;2019;2020;2022;2023;2024;2025,71.57032933437489
10,153,SP,180,190,10,53,145949776.00000003,10,8,2017;2018;2019;2020;2022;2023;2024;2025,36.31386183148372
10,153,SP,190,200,10,44,144401300.0,10,8,2017;2018;2019;2020;2022;2023;2024;2025,30.470639807259353
10,153,SP,200,210,10,44,142878377.64999998,10,8,2017;2018;2019;2020;2022;2023;2024;2025,30.795422459081937
10,153,SP,210,220,10,51,160246205.49999997,10,8,2017;2018;2019;2020;2022;2023;2024;2025,31.82602660753799
10,153,SP,220,230,10,46,160246205.49999997,10,8,2017;2018;2019;2020;2022;2023;2024;2025,28.705827920524463
10,153,SP,250,260,4,109,50281991.20000001,4,8,2017;2018;2019;2020;2022;2023;2024;2025,216.77741354045654
10,153,SP,260,270,10,42,125704978.0,10,8,2017;2018;2019;2020;2022;2023;2024;2025,33.4115646557768
10,153,SP,270,280,10,73,125704978.0,10,8,2017;2018;2019;2020;2022;2023;2024;2025,58.07248142551682
10,153,SP,280,290,7,36,68289883.04999998,7,8,2017;2018;2019;2020;2022;2023;2024;2025,52.71644699353458
10,153,SP,290,300,10,24,94796011.5,10,8,2017;2018;2019;2020;2022;2023;2024;2025,25.317520874810224
10,153,SP,300,310,4,10,36698706.0,4,8,2017;2018;2019;2020;2022;2023;2024;2025,27.248917168905084
10,153,SP,310,320,10,20,82599025.49999999,10,7,2018;2019;2020;2022;2023;2024;2025,24.21336072542406
10,153,SP,320,330,10,31,73954000.49999999,10,7,2018;2019;2020;2022;2023;2024;2025,41.91794871191587
10,153,SP,330,340,10,38,93812048.14999999,10,8,2017;2018;2019;2020;2022;2023;2024;2025,40.50652421450198
10,153,SP,340,350,7,36,112487674.65000002,7,7,2017;2018;2019;2020;2022;2024;2025,32.003506261474655
10,153,TO,0,10,6,14,21140157.599999998,6,8,2017;2018;2019;2020;2022;2023;2024;2025,66.22467185391277
10,153,TO,10,20,10,4,35233595.999999985,10,8,2017;2018;2019;2020;2022;2023;2024;2025,11.352800889242193
10,153,TO,20,30,10,2,35233595.999999985,10,8,2017;2018;2019;2020;2022;2023;2024;2025,5.6764004446210965
10,153,TO,30,40,10,6,33151530.14999999,9,8,2017;2018;2019;2020;2022;2023;2024;2025,18.098712104243553
10,153,TO,40,50,10,1,36535193.29999999,10,8,2017;2018;2019;2020;2022;2023;2024;2025,2.737086928181109
10,153,TO,50,60,10,4,22306281.5,10,7,2018;2019;2020;2022;2023;2024;2025,17.932168568750466
10,153,TO,60,70,10,1,22306281.5,10,7,2018;2019;2020;2022;2023;2024;2025,4.4830421421876165
10,153,TO,70,80,10,4,22306281.5,10,7,2018;2019;2020;2022;2023;2024;2025,17.932168568750466
10,153,TO,80,90,10,9,22306281.5,10,7,2018;2019;2020;2022;2023;2024;2025,40.347379279688546
10,153,TO,90,100,10,27,96556808.00000001,10,8,2017;2018;2019;2020;2022;2023;2024;2025,27.96281335232208
10,153,TO,100,110,10,38,128345238.35000004,10,8,2017;2018;2019;2020;2022;2023;2024;2025,29.60764301701107
10,153,TO,110,120,10,35,143272902.5,10,8,2017;2018;2019;2020;2022;2023;2024;2025,24.4289041327965
10,153,TO,120,130,10,40,143272902.5,10,8,2017;2018;2019;2020;2022;2023;2024;2025,27.918747580338856
10,153,TO,130,140,10,243,120469162.5,10,8,2017;2018;2019;2020;2022;2023;2024;2025,201.71137157195727
10,153,TO,140,150,10,430,84178052.00000001,10,8,2017;2018;2019;2020;2022;2023;2024;2025,510.8219895608893
10,153,TO,150,160,10,92,125893172.0,10,8,2017;2018;2019;2020;2022;2023;2024;2025,73.07783141725908
10,153,TO,160,170,10,35,128098137.0,10,8,2017;2018;2019;2020;2022;2023;2024;2025,27.32280173598465
10,153,TO,170,180,10,34,128098137.0,10,8,2017;2018;2019;2020;2022;2023;2024;2025,26.542150257813663
10,153,TO,180,190,10,33,128098137.0,10,8,2017;2018;2019;2020;2022;2023;2024;2025,25.76149877964267
10,153,TO,190,200,10,39,127810279.75,10,8,2017;2018;2019;2020;2022;2023;2024;2025,30.5139774956169
10,153,TO,200,210,10,44,125219564.49999996,10,8,2017;2018;2019;2020;2022;2023;2024;2025,35.138279050635106
10,153,TO,210,220,10,23,126998815.39999996,10,8,2017;2018;2019;2020;2022;2023;2024;2025,18.11040514634596
10,153,TO,220,230,10,28,134115819.00000003,10,8,2017;2018;2019;2020;2022;2023;2024;2025,20.87747754796919
10,153,TO,230,240,10,45,134115819.00000003,10,8,2017;2018;2019;2020;2022;2023;2024;2025,33.55308891637905
10,153,TO,240,250,10,90,102133237.85000001,10,8,2017;2018;2019;2020;2022;2023;2024;2025,88.12018682123862
10,153,TO,250,260,10,32,117395825.99999997,10,7,2018;2019;2020;2022;2023;2024;2025,27.258209333609535
10,153,TO,260,270,10,24,117395825.99999997,10,7,2018;2019;2020;2022;2023;2024;2025,20.44365700020715
10,153,TO,270,280,10,18,117395825.99999997,10,7,2018;2019;2020;2022;2023;2024;2025,15.332742750155363
10,153,TO,280,290,10,31,126688674.89999999,10,8,2017;2018;2019;2020;2022;2023;2024;2025,24.46943266591859
10,153,TO,290,300,10,31,132677029.14999996,10,8,2017;2018;2019;2020;2022;2023;2024;2025,23.36500914936262
10,153,TO,300,310,10,39,141357455.5,10,8,2017;2018;2019;2020;2022;2023;2024;2025,27.5896307428935
10,153,TO,310,320,10,30,141357455.5,10,8,2017;2018;2019;2020;2022;2023;2024;2025,21.222792879148844
10,153,TO,320,330,10,32,141357455.5,10,8,2017;2018;2019;2020;2022;2023;2024;2025,22.63764573775877
10,153,TO,330,340,10,260,130118207.59999998,10,8,2017;2018;2019;2020;2022;2023;2024;2025,199.8183073650025
10,153,TO,340,350,10,66,157983884.4,10,8,2017;2018;2019;2020;2022;2023;2024;2025,41.77641298709579
10,153,TO,350,360,10,73,182271174.20000005,10,8,2017;2018;2019;2020;2022;2023;2024;2025,40.05021656353601
10,153,TO,360,370,10,35,139285350.5,10,8,2017;2018;2019;2020;2022;2023;2024;2025,25.128270758093834
10,153,TO,370,380,10,16,139285350.5,10,8,2017;2018;2019;2020;2022;2023;2024;2025,11.487209489414324
10,153,TO,380,390,10,38,139285350.5,10,8,2017;2018;2019;2020;2022;2023;2024;2025,27.282122537359015
10,153,TO,390,400,10,66,151377829.7,10,8,2017;2018;2019;2020;2022;2023;2024;2025,43.59951528622028
10,153,TO,400,410,10,48,154400949.5,10,8,2017;2018;2019;2020;2022;2023;2024;2025,31.087891723101094
10,153,TO,410,420,10,75,85462362.9,10,8,2017;2018;2019;2020;2022;2023;2024;2025,87.75792928608575
10,153,TO,420,430,10,15,95178860.00000003,10,7,2018;2019;2020;2022;2023;2024;2025,15.759802124127138
10,153,TO,430,440,10,16,95178860.00000003,10,7,2018;2019;2020;2022;2023;2024;2025,16.81045559906895
10,153,TO,440,450,10,18,94657640.00000003,10,7,2018;2019;2020;2022;2023;2024;2025,19.01589771306362
10,153,TO,450,460,10,25,87961320.80000003,10,8,2017;2018;2019;2020;2022;2023;2024;2025,28.42158322843191
10,153,TO,460,470,10,24,86343086.00000003,10,5,2017;2018;2019;2024;2025,27.796087807192798
10,153,TO,470,480,10,19,86343086.00000003,10,5,2017;2018;2019;2024;2025,22.0052361806943
10,153,TO,480,490,10,25,86343086.00000003,10,5,2017;2018;2019;2024;2025,28.954258132492498
10,153,TO,490,500,10,137,77881820.25000001,10,7,2017;2018;2019;2020;2022;2024;2025,175.90754756402856
10,153,TO,500,510,10,85,104044804.89999998,10,8,2017;2018;2019;2020;2022;2023;2024;2025,81.69557344232189
10,153,TO,510,520,10,43,120036308.99999997,10,8,2017;2018;2019;2020;2022;2023;2024;2025,35.82249434210778
10,153,TO,520,530,10,38,122850513.75,10,8,2017;2018;2019;2020;2022;2023;2024;2025,30.931901577009075
10,153,TO,530,540,10,30,120683198.50000003,10,8,2017;2018;2019;2020;2022;2023;2024;2025,24.858472739268667
10,153,TO,540,550,10,31,121034620.50000003,10,8,2017;2018;2019;2020;2022;2023;2024;2025,25.612506464627607
10,153,TO,550,560,10,37,121053651.60000004,10,8,2017;2018;2019;2020;2022;2023;2024;2025,30.56495984297923
10,153,TO,560,570,10,34,53508379.499999985,10,5,2017;2018;2019;2024;2025,63.54144961538222
10,153,TO,570,580,10,19,58470919.499999985,10,5,2017;2018;2019;2024;2025,32.49478571993383
10,153,TO,580,590,10,13,57932179.499999985,10,5,2017;2018;2019;2024;2025,22.440032659223537
10,153,TO,590,600,10,8,57932179.499999985,10,5,2017;2018;2019;2024;2025,13.809250867214484
10,153,TO,600,610,10,24,57932179.499999985,10,5,2017;2018;2019;2024;2025,41.427752601643455
10,153,TO,610,620,10,14,57932179.499999985,10,5,2017;2018;2019;2024;2025,24.16618901762535
10,153,TO,620,630,10,67,111352900.59999995,10,8,2017;2018;2019;2020;2022;2023;2024;2025,60.16906577106266
10,153,TO,630,640,10,53,134366902.4999999,10,8,2017;2018;2019;2020;2022;2023;2024;2025,39.44423739320778
10,153,TO,640,650,10,46,134366902.4999999,10,8,2017;2018;2019;2020;2022;2023;2024;2025,34.2346211337275
10,153,TO,650,660,10,45,136977382.4999999,10,8,2017;2018;2019;2020;2022;2023;2024;2025,32.85213892884837
10,153,TO,660,670,10,54,138731572.4999999,10,8,2017;2018;2019;2020;2022;2023;2024;2025,38.924088458667214
10,153,TO,670,680,10,157,188691093.49999997,10,8,2017;2018;2019;2020;2022;2023;2024;2025,83.20477511038433
10,153,TO,680,690,10,68,212937934.0,10,8,2017;2018;2019;2020;2022;2023;2024;2025,31.934187921631665
10,153,TO,690,700,10,53,212937934.0,10,8,2017;2018;2019;2020;2022;2023;2024;2025,24.88988176244821
10,153,TO,700,710,10,60,135798709.9,10,8,2017;2018;2019;2020;2022;2023;2024;2025,44.183041241100916
10,153,TO,710,720,10,39,127227685.00000001,10,8,2017;2018;2019;2020;2022;2023;2024;2025,30.653705598746054
10,153,TO,720,730,10,53,125370926.35000002,10,8,2017;2018;2019;2020;2022;2023;2024;2025,42.27455403180084
10,153,TO,730,740,10,31,125040532.00000001,10,8,2017;2018;2019;2020;2022;2023;2024;2025,24.791961057875213
10,153,TO,740,750,10,21,125040532.00000001,10,8,2017;2018;2019;2020;2022;2023;2024;2025,16.79455426501224
10,153,TO,750,760,10,32,121717207.00000001,10,8,2017;2018;2019;2020;2022;2023;2024;2025,26.290448810577782
10,153,TO,760,770,10,35,84554567.75,10,8,2017;2018;2019;2020;2022;2023;2024;2025,41.39338764463142
10,153,TO,770,780,10,33,99691574.0,10,8,2017;2018;2019;2020;2022;2023;2024;2025,33.10209546897113
10,153,TO,780,790,10,41,99691574.0,10,8,2017;2018;2019;2020;2022;2023;2024;2025,41.1268458856914
10,153,TO,790,800,10,37,92459372.75000001,10,8,2017;2018;2019;2020;2022;2023;2024;2025,40.01757626027156
10,153,TO,800,810,2,3,15116847.3,2,5,2017;2018;2019;2020;2022,19.84540784506039
10,158,GO,0,10,3,7,11395194.15,3,5,2017;2022;2023;2024;2025,61.42940530767525
10,158,GO,10,20,10,10,66168951.99999998,10,8,2017;2018;2019;2020;2022;2023;2024;2025,15.112828143326198
10,158,GO,20,30,10,11,66168951.99999998,10,8,2017;2018;2019;2020;2022;2023;2024;2025,16.624110957658818
10,158,GO,30,40,10,14,70659911.99999997,10,8,2017;2018;2019;2020;2022;2023;2024;2025,19.81321459896526
10,158,GO,40,50,10,12,79838785.99999997,10,8,2017;2018;2019;2020;2022;2023;2024;2025,15.030288661954359
10,158,GO,50,60,10,7,79838785.99999997,10,8,2017;2018;2019;2020;2022;2023;2024;2025,8.767668386140043
10,158,GO,60,70,10,9,79838785.99999997,10,8,2017;2018;2019;2020;2022;2023;2024;2025,11.27271649646577
10,158,GO,70,80,10,8,79838785.99999997,10,8,2017;2018;2019;2020;2022;2023;2024;2025,10.020192441302907
10,158,GO,80,90,10,15,65489540.99999998,10,8,2017;2018;2019;2020;2022;2023;2024;2025,22.9044207226922
10,158,GO,90,100,10,10,41204375.499999985,10,8,2017;2018;2019;2020;2022;2023;2024;2025,24.26926722867091
10,158,GO,100,110,10,2,42824610.499999985,10,8,2017;2018;2019;2020;2022;2023;2024;2025,4.670211769935422
10,158,GO,110,120,10,6,42824610.499999985,10,8,2017;2018;2019;2020;2022;2023;2024;2025,14.010635309806268
10,158,GO,120,130,10,5,42824610.499999985,10,8,2017;2018;2019;2020;2022;2023;2024;2025,11.675529424838555
10,158,GO,130,140,10,6,42824610.499999985,10,8,2017;2018;2019;2020;2022;2023;2024;2025,14.010635309806268
10,158,GO,140,150,10,8,44818240.499999985,10,8,2017;2018;2019;2020;2022;2023;2024;2025,17.84987520873338
10,158,GO,150,160,8,21,50211852.800000004,8,8,2017;2018;2019;2020;2022;2023;2024;2025,41.8227944777214
10,158,GO,160,170,10,7,66337363.00000002,10,8,2017;2018;2019;2020;2022;2023;2024;2025,10.552122790892364
10,158,GO,170,180,10,11,66337363.00000002,10,8,2017;2018;2019;2020;2022;2023;2024;2025,16.58190724283086
10,158,GO,180,190,10,8,66337363.00000002,10,8,2017;2018;2019;2020;2022;2023;2024;2025,12.059568903876984
10,158,GO,190,200,10,25,66337363.00000002,10,8,2017;2018;2019;2020;2022;2023;2024;2025,37.68615282461558
10,158,GO,200,210,10,19,66064781.00000002,10,8,2017;2018;2019;2020;2022;2023;2024;2025,28.75965031958555
10,158,GO,210,220,10,7,65963603.000000015,10,8,2017;2018;2019;2020;2022;2023;2024;2025,10.611912754371525
10,158,GO,220,230,10,9,63384513.00000001,10,8,2017;2018;2019;2020;2022;2023;2024;2025,14.199052061818318
10,158,GO,230,240,10,8,60142845.8,10,8,2017;2018;2019;2020;2022;2023;2024;2025,13.301665216513584
10,158,GO,240,250,10,14,59193181.49999999,10,8,2017;2018;2019;2020;2022;2023;2024;2025,23.6513727514376
10,158,GO,250,260,10,11,59193181.49999999,10,8,2017;2018;2019;2020;2022;2023;2024;2025,18.583221447558113
10,158,GO,260,270,10,57,44759132.39999999,10,8,2017;2018;2019;2020;2022;2023;2024;2025,127.348312944511
10,158,GO,270,280,4,48,6247336.35,4,5,2017;2018;2019;2020;2022,768.3274488654673
10,158,MS,0,10,9,55,31693004.75,9,7,2017;2018;2019;2022;2023;2024;2025,173.53987239092564
10,158,MS,10,20,10,27,42590718.50000001,10,8,2017;2018;2019;2020;2022;2023;2024;2025,63.394093715512206
10,158,MS,20,30,10,22,57932778.10000001,10,8,2017;2018;2019;2020;2022;2023;2024;2025,37.975047497333804
10,158,MS,30,40,10,29,81261592.5,10,8,2017;2018;2019;2020;2022;2023;2024;2025,35.68721595014274
10,158,MS,40,50,10,28,86395317.5,10,8,2017;2018;2019;2020;2022;2023;2024;2025,32.40916384154732
10,158,MS,50,60,10,31,77755785.75,9,8,2017;2018;2019;2020;2022;2023;2024;2025,39.86841583682408
10,158,MS,60,70,10,32,109342867.49999993,10,8,2017;2018;2019;2020;2022;2023;2024;2025,29.265740630041574
10,158,MS,70,80,10,36,109342867.49999993,10,8,2017;2018;2019;2020;2022;2023;2024;2025,32.92395820879677
10,158,MS,80,90,10,37,109342867.49999993,10,8,2017;2018;2019;2020;2022;2023;2024;2025,33.83851260348557
10,158,MS,90,100,9,105,117990713.94999994,9,8,2017;2018;2019;2020;2022;2023;2024;2025,88.99005394991937
10,158,MS,100,110,10,38,198976464.99999994,10,8,2017;2018;2019;2020;2022;2023;2024;2025,19.0977360061151
10,158,MS,110,120,10,43,198976464.99999994,10,8,2017;2018;2019;2020;2022;2023;2024;2025,21.61059600691972
10,158,MS,120,130,10,28,198976464.99999994,10,8,2017;2018;2019;2020;2022;2023;2024;2025,14.072016004505864
10,158,MS,130,140,10,35,198976464.99999994,10,8,2017;2018;2019;2020;2022;2023;2024;2025,17.59002000563233
10,158,MS,140,150,10,30,129259435.60000001,10,8,2017;2018;2019;2020;2022;2023;2024;2025,23.209137391591703
10,158,MS,150,160,10,19,96516512.00000001,10,8,2017;2018;2019;2020;2022;2023;2024;2025,19.68575076563065
10,158,MS,160,170,10,18,96516512.00000001,10,8,2017;2018;2019;2020;2022;2023;2024;2025,18.64965862007114
10,158,MS,170,180,10,14,96516512.00000001,10,8,2017;2018;2019;2020;2022;2023;2024;2025,14.505290037833111
10,158,MS,180,190,10,6,96516512.00000001,10,8,2017;2018;2019;2020;2022;2023;2024;2025,6.216552873357047
10,158,MS,190,200,10,21,56957209.75,10,8,2017;2018;2019;2020;2022;2023;2024;2025,36.86978363612695
10,158,MS,200,210,10,5,32957857.5,10,6,2017;2018;2019;2020;2024;2025,15.17088906643886
10,158,MS,210,220,10,4,32957857.5,10,6,2017;2018;2019;2020;2024;2025,12.136711253151088
10,158,MS,220,230,10,5,32957857.5,10,6,2017;2018;2019;2020;2024;2025,15.17088906643886
10,158,MS,230,240,10,11,32957857.5,10,6,2017;2018;2019;2020;2024;2025,33.37595594616549
10,158,MS,240,250,10,9,35064506.099999994,10,8,2017;2018;2019;2020;2022;2023;2024;2025,25.66698066224866
10,158,MS,250,260,10,36,40561099.5,10,8,2017;2018;2019;2020;2022;2023;2024;2025,88.75499048047256
10,158,MS,260,270,10,54,40519489.5,10,8,2017;2018;2019;2020;2022;2023;2024;2025,133.2692012321626
10,158,MS,270,280,6,9,42569924.45,6,5,2017;2018;2019;2020;2022,21.14168656928401
10,158,MS,280,290,10,42,56769983.000000015,10,8,2017;2018;2019;2020;2022;2023;2024;2025,73.98275951571095
10,158,MS,290,300,10,28,58463583.000000015,10,8,2017;2018;2019;2020;2022;2023;2024;2025,47.89306190829939
10,158,MS,300,310,10,17,58463583.000000015,10,8,2017;2018;2019;2020;2022;2023;2024;2025,29.077930444324622
10,158,MS,310,320,10,17,58463583.000000015,10,8,2017;2018;2019;2020;2022;2023;2024;2025,29.077930444324622
10,158,MS,320,330,10,18,58463583.000000015,10,8,2017;2018;2019;2020;2022;2023;2024;2025,30.7883969410496
10,158,MS,330,340,8,21,46770866.400000006,8,8,2017;2018;2019;2020;2022;2023;2024;2025,44.899745539030675
10,158,MS,340,350,9,9,72400816.0,9,8,2017;2018;2019;2020;2022;2023;2024;2025,12.430799122485029
10,158,MS,350,360,9,11,73570203.0,9,8,2017;2018;2019;2020;2022;2023;2024;2025,14.951705379962046
10,158,MT,190,200,10,0,61373837.50000003,10,8,2017;2018;2019;2020;2022;2023;2024;2025,0.0
10,158,MT,200,210,1,0,6137383.75,1,8,2017;2018;2019;2020;2022;2023;2024;2025,0.0
10,158,MT,330,340,9,5,54604792.05000001,9,8,2017;2018;2019;2020;2022;2023;2024;2025,9.156705505666327
10,158,MT,340,350,10,0,60601424.500000015,10,8,2017;2018;2019;2020;2022;2023;2024;2025,0.0
10,158,MT,350,360,10,1,60601424.500000015,10,8,2017;2018;2019;2020;2022;2023;2024;2025,1.650126227643378
10,158,MT,360,370,10,6,60601424.500000015,10,8,2017;2018;2019;2020;2022;2023;2024;2025,9.900757365860267
10,158,MT,370,380,10,5,60601424.500000015,10,8,2017;2018;2019;2020;2022;2023;2024;2025,8.250631138216889
10,158,MT,380,390,10,4,60601424.500000015,10,8,2017;2018;2019;2020;2022;2023;2024;2025,6.600504910573512
10,158,MT,390,400,10,8,60045149.9,10,8,2017;2018;2019;2020;2022;2023;2024;2025,13.323307566594984
10,158,MT,400,410,10,11,59430467.99999998,10,8,2017;2018;2019;2020;2022;2023;2024;2025,18.50902469756759
10,158,MT,410,420,10,16,60309387.99999998,10,8,2017;2018;2019;2020;2022;2023;2024;2025,26.5298662954431
10,158,MT,420,430,7,7,42118043.49999999,7,8,2017;2018;2019;2020;2022;2023;2024;2025,16.61995529303255
10,158,MT,430,440,10,14,60145174.499999985,10,8,2017;2018;2019;2020;2022;2023;2024;2025,23.277012854954812
10,158,MT,440,450,10,2,60145174.499999985,10,8,2017;2018;2019;2020;2022;2023;2024;2025,3.3252875507078303
10,158,MT,450,460,10,18,60145174.499999985,10,8,2017;2018;2019;2020;2022;2023;2024;2025,29.92758795637047
10,158,MT,460,470,10,6,60145174.499999985,10,8,2017;2018;2019;2020;2022;2023;2024;2025,9.97586265212349
10,158,MT,470,480,10,8,60145174.499999985,10,8,2017;2018;2019;2020;2022;2023;2024;2025,13.301150202831321
10,158,MT,480,490,10,3,60145174.499999985,10,8,2017;2018;2019;2020;2022;2023;2024;2025,4.987931326061745
10,158,MT,490,500,10,6,60145174.499999985,10,8,2017;2018;2019;2020;2022;2023;2024;2025,9.97586265212349
10,158,MT,500,510,10,6,60145174.499999985,10,8,2017;2018;2019;2020;2022;2023;2024;2025,9.97586265212349
10,158,MT,510,520,10,15,56736603.749999985,10,8,2017;2018;2019;2020;2022;2023;2024;2025,26.437958934050585
10,158,MT,520,530,10,30,53331682.999999985,10,8,2017;2018;2019;2020;2022;2023;2024;2025,56.251740639799436
10,158,MT,530,540,10,25,53152497.19999998,10,8,2017;2018;2019;2020;2022;2023;2024;2025,47.03447874881786
10,158,MT,540,550,10,26,53074138.999999985,10,8,2017;2018;2019;2020;2022;2023;2024;2025,48.98807684850056
10,158,MT,550,560,10,68,53074138.999999985,10,8,2017;2018;2019;2020;2022;2023;2024;2025,128.12266252684762
10,158,MT,560,570,10,40,57783916.49999999,10,8,2017;2018;2019;2020;2022;2023;2024;2025,69.22341444266763
10,158,MT,570,580,10,42,66997647.999999985,10,8,2017;2018;2019;2020;2022;2023;2024;2025,62.6887678206256
10,158,MT,580,590,10,20,66997647.999999985,10,8,2017;2018;2019;2020;2022;2023;2024;2025,29.851794200297903
10,158,MT,590,600,10,20,66997647.999999985,10,8,2017;2018;2019;2020;2022;2023;2024;2025,29.851794200297903
10,158,MT,600,610,10,22,66997647.999999985,10,8,2017;2018;2019;2020;2022;2023;2024;2025,32.8369736203277
10,158,MT,610,620,10,10,66997647.999999985,10,8,2017;2018;2019;2020;2022;2023;2024;2025,14.925897100148951
10,158,MT,620,630,10,44,66997647.999999985,10,8,2017;2018;2019;2020;2022;2023;2024;2025,65.6739472406554
10,158,MT,630,640,10,46,66994362.999999985,10,8,2017;2018;2019;2020;2022;2023;2024;2025,68.66249329066687
10,158,MT,640,650,9,33,50333704.4,9,8,2017;2018;2019;2020;2022;2023;2024;2025,65.56243056888935
10,158,MT,650,660,7,12,44427004.3,7,8,2017;2018;2019;2020;2022;2023;2024;2025,27.010599046850434
10,158,MT,660,670,10,24,63467148.99999999,10,8,2017;2018;2019;2020;2022;2023;2024;2025,37.81483866559061
10,158,MT,670,680,10,23,63467148.99999999,10,8,2017;2018;2019;2020;2022;2023;2024;2025,36.239220387857664
10,158,MT,680,690,10,16,63467148.99999999,10,8,2017;2018;2019;2020;2022;2023;2024;2025,25.20989244372707
10,158,MT,690,700,10,34,63467148.99999999,10,8,2017;2018;2019;2020;2022;2023;2024;2025,53.57102144292003
10,158,MT,700,710,10,14,63467148.99999999,10,8,2017;2018;2019;2020;2022;2023;2024;2025,22.05865588826119
10,158,MT,710,720,10,20,63467148.99999999,10,8,2017;2018;2019;2020;2022;2023;2024;2025,31.51236555465884
10,158,MT,720,730,10,20,63467148.99999999,10,8,2017;2018;2019;2020;2022;2023;2024;2025,31.51236555465884
10,158,MT,730,740,10,20,57120434.099999994,9,8,2017;2018;2019;2020;2022;2023;2024;2025,35.01373950517649
10,158,MT,740,750,10,19,63467148.99999999,10,8,2017;2018;2019;2020;2022;2023;2024;2025,29.936747276925896
10,158,MT,750,760,10,22,63467148.99999999,10,8,2017;2018;2019;2020;2022;2023;2024;2025,34.66360211012472
10,158,MT,760,770,10,20,63467148.99999999,10,8,2017;2018;2019;2020;2022;2023;2024;2025,31.51236555465884
10,158,MT,770,780,10,20,64490360.79999999,10,8,2017;2018;2019;2020;2022;2023;2024;2025,31.012386582895353
10,158,MT,780,790,10,20,66877854.99999999,10,8,2017;2018;2019;2020;2022;2023;2024;2025,29.90526535278382
10,158,MT,790,800,7,28,45913021.49999999,7,8,2017;2018;2019;2020;2022;2023;2024;2025,60.984877677893635
10,158,PA,590,600,10,1,85808346.4,10,8,2017;2018;2019;2020;2022;2023;2024;2025,1.165387799618523
10,158,PA,600,610,10,0,86432609.55,10,8,2017;2018;2019;2020;2022;2023;2024;2025,0.0
10,158,PA,610,620,10,0,81814677.00000001,10,8,2017;2018;2019;2020;2022;2023;2024;2025,0.0
10,158,PA,620,630,10,1,81814677.00000001,10,8,2017;2018;2019;2020;2022;2023;2024;2025,1.2222745803909973
10,158,PA,630,640,10,0,81814677.00000001,10,8,2017;2018;2019;2020;2022;2023;2024;2025,0.0
10,158,PA,640,650,10,0,81814677.00000001,10,8,2017;2018;2019;2020;2022;2023;2024;2025,0.0
10,158,PA,650,660,10,1,81814677.00000001,10,8,2017;2018;2019;2020;2022;2023;2024;2025,1.2222745803909973
10,158,PA,660,670,10,0,81814677.00000001,10,8,2017;2018;2019;2020;2022;2023;2024;2025,0.0
10,158,PA,670,680,10,0,81814677.00000001,10,8,2017;2018;2019;2020;2022;2023;2024;2025,0.0
10,158,PA,680,690,10,1,81814677.00000001,10,8,2017;2018;2019;2020;2022;2023;2024;2025,1.2222745803909973
10,158,PA,690,700,10,0,81591297.00000001,10,8,2017;2018;2019;2020;2022;2023;2024;2025,0.0
10,158,PA,700,710,10,0,79580877.00000001,10,8,2017;2018;2019;2020;2022;2023;2024;2025,0.0
10,158,PA,710,720,10,0,79580877.00000001,10,8,2017;2018;2019;2020;2022;2023;2024;2025,0.0
10,158,PA,720,730,10,0,79580877.00000001,10,8,2017;2018;2019;2020;2022;2023;2024;2025,0.0
10,158,PA,730,740,10,2,79580877.00000001,10,8,2017;2018;2019;2020;2022;2023;2024;2025,2.513166573924537
10,158,PA,740,750,10,0,79580877.00000001,10,8,2017;2018;2019;2020;2022;2023;2024;2025,0.0
10,158,PA,750,760,10,1,79580877.00000001,10,8,2017;2018;2019;2020;2022;2023;2024;2025,1.2565832869622684
10,158,PA,760,770,10,0,73265639.7,10,8,2017;2018;2019;2020;2022;2023;2024;2025,0.0
10,158,PA,770,780,10,0,68000164.3,10,8,2017;2018;2019;2020;2022;2023;2024;2025,0.0
10,158,PA,780,790,10,0,63778895.500000015,10,8,2017;2018;2019;2020;2022;2023;2024;2025,0.0
10,158,PA,790,800,10,0,63778895.500000015,10,8,2017;2018;2019;2020;2022;2023;2024;2025,0.0
10,158,PA,800,810,10,0,63778895.500000015,10,8,2017;2018;2019;2020;2022;2023;2024;2025,0.0
10,158,PA,810,820,10,0,63778895.500000015,10,8,2017;2018;2019;2020;2022;2023;2024;2025,0.0
10,158,PA,820,830,10,0,63778895.500000015,10,8,2017;2018;2019;2020;2022;2023;2024;2025,0.0
10,158,PA,830,840,10,0,63778895.500000015,10,8,2017;2018;2019;2020;2022;2023;2024;2025,0.0
10,158,PA,840,850,10,0,63778895.500000015,10,8,2017;2018;2019;2020;2022;2023;2024;2025,0.0
10,158,PA,850,860,10,0,63778895.500000015,10,8,2017;2018;2019;2020;2022;2023;2024;2025,0.0
10,158,PA,860,870,10,0,63778895.500000015,10,8,2017;2018;2019;2020;2022;2023;2024;2025,0.0
10,158,PA,870,880,10,1,63778895.500000015,10,8,2017;2018;2019;2020;2022;2023;2024;2025,1.5679167727199035
10,158,PA,880,890,10,1,63778895.500000015,10,8,2017;2018;2019;2020;2022;2023;2024;2025,1.5679167727199035
10,158,PR,220,230,5,0,0.0,0,0,,
10,158,PR,330,340,4,13,35892114.4,4,8,2017;2018;2019;2020;2022;2023;2024;2025,36.21965497803049
10,158,PR,340,350,10,16,89730286.0,10,8,2017;2018;2019;2020;2022;2023;2024;2025,17.831214758415012
10,158,PR,350,360,10,11,89730286.0,10,8,2017;2018;2019;2020;2022;2023;2024;2025,12.258960146410322
10,158,PR,360,370,10,6,87329180.94999999,10,8,2017;2018;2019;2020;2022;2023;2024;2025,6.870555677643741
10,158,PR,370,380,10,12,81726602.5,10,8,2017;2018;2019;2020;2022;2023;2024;2025,14.68310150296533
10,158,PR,380,390,10,17,81726602.5,10,8,2017;2018;2019;2020;2022;2023;2024;2025,20.801060462534217
10,158,PR,390,400,10,23,81726602.5,10,8,2017;2018;2019;2020;2022;2023;2024;2025,28.142611214016878
10,158,PR,400,410,8,20,65505159.35,8,8,2017;2018;2019;2020;2022;2023;2024;2025,30.53194618325892
10,158,PR,500,510,3,38,41938105.8,3,8,2017;2018;2019;2020;2022;2023;2024;2025,90.60971943086662
10,158,PR,510,520,10,118,139793686.00000006,10,8,2017;2018;2019;2020;2022;2023;2024;2025,84.41010704875465
10,158,PR,520,530,10,187,139696596.00000006,10,8,2017;2018;2019;2020;2022;2023;2024;2025,133.8615294534449
10,158,PR,530,540,10,260,159850092.9,10,8,2017;2018;2019;2020;2022;2023;2024;2025,162.6523921776213
10,158,PR,540,550,4,0,70405229.59999998,4,5,2017;2018;2019;2020;2022,0.0
10,158,RS,0,10,8,47,61387269.49999999,5,8,2017;2018;2019;2020;2022;2023;2024;2025,76.56310564521851
10,158,RS,10,20,10,2,122774539.00000001,10,8,2017;2018;2019;2020;2022;2023;2024;2025,1.6290022477706063
10,158,RS,20,30,10,4,122774539.00000001,10,8,2017;2018;2019;2020;2022;2023;2024;2025,3.2580044955412126
10,158,RS,30,40,2,0,24554907.799999997,2,8,2017;2018;2019;2020;2022;2023;2024;2025,0.0
10,158,RS,50,60,9,0,125197438.20000002,9,8,2017;2018;2019;2020;2022;2023;2024;2025,0.0
10,158,RS,60,70,10,1,150793216.50000003,10,8,2017;2018;2019;2020;2022;2023;2024;2025,0.6631598046719825
10,158,RS,70,80,10,17,100660678.19999999,10,8,2017;2018;2019;2020;2022;2023;2024;2025,16.88842187832587
10,158,RS,80,90,10,31,87555762.0,10,8,2017;2018;2019;2020;2022;2023;2024;2025,35.40600788786465
10,158,RS,90,100,10,43,74842636.8,10,8,2017;2018;2019;2020;2022;2023;2024;2025,57.453881689000035
10,158,RS,100,110,10,22,67794804.35000001,9,8,2017;2018;2019;2020;2022;2023;2024;2025,32.45086435594972
10,158,RS,110,120,10,33,90977089.50000001,10,8,2017;2018;2019;2020;2022;2023;2024;2025,36.2728684566239
10,158,RS,120,130,10,19,90977089.50000001,10,8,2017;2018;2019;2020;2022;2023;2024;2025,20.884378808359216
10,158,RS,130,140,10,22,90977089.50000001,10,8,2017;2018;2019;2020;2022;2023;2024;2025,24.181912304415935
10,158,RS,140,150,10,70,90977089.50000001,10,8,2017;2018;2019;2020;2022;2023;2024;2025,76.94244824132342
10,158,RS,150,160,10,60,90365871.45000002,10,8,2017;2018;2019;2020;2022;2023;2024;2025,66.39674806123942
10,158,RS,160,170,10,24,84864909.0,10,8,2017;2018;2019;2020;2022;2023;2024;2025,28.28024006954394
10,158,RS,170,180,10,23,85449113.39999999,10,8,2017;2018;2019;2020;2022;2023;2024;2025,26.916604613945594
10,158,RS,180,190,10,33,85838582.99999999,10,8,2017;2018;2019;2020;2022;2023;2024;2025,38.44425064658862
10,158,RS,190,200,6,48,61483450.65,6,8,2017;2018;2019;2020;2022;2023;2024;2025,78.06978868711235
10,158,RS,200,210,10,54,159195312.1,10,8,2017;2018;2019;2020;2022;2023;2024;2025,33.92059683646929
10,158,RS,210,220,10,38,119525893.0,10,8,2017;2018;2019;2020;2022;2023;2024;2025,31.79227449904934
10,158,RS,220,230,10,36,119525893.0,10,8,2017;2018;2019;2020;2022;2023;2024;2025,30.118996893836215
10,158,RS,230,240,10,26,119525893.0,10,8,2017;2018;2019;2020;2022;2023;2024;2025,21.7526088677706
10,158,RS,240,250,10,42,144873018.70000005,10,8,2017;2018;2019;2020;2022;2023;2024;2025,28.990905537057046
10,158,RS,250,260,10,23,147689366.00000003,10,8,2017;2018;2019;2020;2022;2023;2024;2025,15.573226849656864
10,158,RS,260,270,10,69,143712654.50000006,10,8,2017;2018;2019;2020;2022;2023;2024;2025,48.01247339008687
10,158,RS,270,280,10,31,141061513.50000003,10,8,2017;2018;2019;2020;2022;2023;2024;2025,21.976228122633884
10,158,RS,280,290,10,30,141061513.50000003,10,8,2017;2018;2019;2020;2022;2023;2024;2025,21.267317538032792
10,158,RS,290,300,10,23,145797231.54999995,10,8,2017;2018;2019;2020;2022;2023;2024;2025,15.775333835548405
10,158,RS,300,310,10,49,125850937.84999995,10,8,2017;2018;2019;2020;2022;2023;2024;2025,38.93495021737736
10,158,RS,310,320,10,76,145987553.50000006,10,5,2017;2018;2019;2020;2022,52.05923257012453
10,158,RS,320,330,8,219,100867498.15,8,5,2017;2018;2019;2020;2022,217.11651822108763
10,158,RS,330,340,10,232,56703005.500000015,10,8,2017;2018;2019;2020;2022;2023;2024;2025,409.14938803376117
10,158,RS,340,350,10,25,59952235.50000001,10,8,2017;2018;2019;2020;2022;2023;2024;2025,41.69986288501285
10,158,RS,350,360,10,14,59952235.50000001,10,8,2017;2018;2019;2020;2022;2023;2024;2025,23.351923215607194
10,158,RS,360,370,10,21,59952235.50000001,10,8,2017;2018;2019;2020;2022;2023;2024;2025,35.027884823410794
10,158,RS,370,380,10,13,59952235.50000001,10,8,2017;2018;2019;2020;2022;2023;2024;2025,21.683928700206682
10,158,RS,380,390,10,11,59952235.50000001,10,8,2017;2018;2019;2020;2022;2023;2024;2025,18.34793966940565
10,158,RS,390,400,10,9,59952235.50000001,10,8,2017;2018;2019;2020;2022;2023;2024;2025,15.011950638604626
10,158,RS,400,410,10,10,59952235.50000001,10,8,2017;2018;2019;2020;2022;2023;2024;2025,16.67994515400514
10,158,RS,410,420,10,12,59952235.50000001,10,8,2017;2018;2019;2020;2022;2023;2024;2025,20.015934184806166
10,158,RS,420,430,10,9,59952235.50000001,10,8,2017;2018;2019;2020;2022;2023;2024;2025,15.011950638604626
10,158,RS,430,440,10,16,59952235.50000001,10,8,2017;2018;2019;2020;2022;2023;2024;2025,26.68791224640822
10,158,RS,440,450,10,12,111511350.75000004,10,8,2017;2018;2019;2020;2022;2023;2024;2025,10.761236339879952
10,158,RS,450,460,9,0,146763419.40000004,9,8,2017;2018;2019;2020;2022;2023;2024;2025,0.0
10,158,RS,460,470,4,10,33717021.0,4,8,2017;2018;2019;2020;2022;2023;2024;2025,29.65861070585091
10,158,RS,470,480,10,14,84292552.5,10,8,2017;2018;2019;2020;2022;2023;2024;2025,16.60882199527651
10,158,RS,480,490,10,16,84292552.5,10,8,2017;2018;2019;2020;2022;2023;2024;2025,18.981510851744584
10,158,RS,490,500,10,10,84292552.5,10,8,2017;2018;2019;2020;2022;2023;2024;2025,11.863444282340364
10,158,RS,500,510,10,16,84292552.5,10,8,2017;2018;2019;2020;2022;2023;2024;2025,18.981510851744584
10,158,RS,510,520,10,15,84292552.5,10,8,2017;2018;2019;2020;2022;2023;2024;2025,17.795166423510548
10,158,RS,520,530,10,11,84292552.5,10,8,2017;2018;2019;2020;2022;2023;2024;2025,13.0497887105744
10,158,RS,530,540,10,30,97944603.70000002,10,8,2017;2018;2019;2020;2022;2023;2024;2025,30.629558818665163
10,158,RS,540,550,10,22,101357616.50000003,10,8,2017;2018;2019;2020;2022;2023;2024;2025,21.705324927406902
10,158,RS,550,560,10,12,101357616.50000003,10,8,2017;2018;2019;2020;2022;2023;2024;2025,11.839268142221949
10,158,RS,560,570,4,58,39684588.5,4,8,2017;2018;2019;2020;2022;2023;2024;2025,146.15245411956332
10,158,SC,100,110,9,95,173365900.54999998,9,8,2017;2018;2019;2020;2022;2023;2024;2025,54.79739654604183
10,158,SC,110,120,10,69,137212566.59999996,10,8,2017;2018;2019;2020;2022;2023;2024;2025,50.28693924307077
10,158,SC,120,130,10,38,115713395.0,10,8,2017;2018;2019;2020;2022;2023;2024;2025,32.83975895789766
10,158,SC,130,140,10,66,115136238.74999999,10,8,2017;2018;2019;2020;2022;2023;2024;2025,57.32339419503576
10,158,SC,140,150,9,16,104132196.84999998,9,8,2017;2018;2019;2020;2022;2023;2024;2025,15.365084463787536
10,158,SC,150,160,3,0,28947536.8,3,7,2018;2019;2020;2022;2023;2024;2025,0.0
10,158,SP,0,10,9,9,74617351.5,9,8,2017;2018;2019;2020;2022;2023;2024;2025,12.06153772423831
10,158,SP,10,20,1,0,7956682.45,1,8,2017;2018;2019;2020;2022;2023;2024;2025,0.0
10,163,MS,0,10,10,113,90981480.44999999,9,8,2017;2018;2019;2020;2022;2023;2024;2025,124.20110053287226
10,163,MS,10,20,10,113,111431616.5,10,8,2017;2018;2019;2020;2022;2023;2024;2025,101.40748519070438
10,163,MS,20,30,4,20,52402188.6,4,8,2017;2018;2019;2020;2022;2023;2024;2025,38.1663448308722
10,163,MS,30,40,10,69,131005471.50000004,10,8,2017;2018;2019;2020;2022;2023;2024;2025,52.669555866603616
10,163,MS,40,50,10,64,84980942.5,10,8,2017;2018;2019;2020;2022;2023;2024;2025,75.31100281689628
10,163,MS,50,60,10,29,84980942.5,10,8,2017;2018;2019;2020;2022;2023;2024;2025,34.12529815140612
10,163,MS,60,70,10,36,84980942.5,10,8,2017;2018;2019;2020;2022;2023;2024;2025,42.36243908450415
10,163,MS,70,80,10,83,87459168.39999999,10,8,2017;2018;2019;2020;2022;2023;2024;2025,94.90142831040228
10,163,MS,80,90,10,59,97372071.99999997,10,8,2017;2018;2019;2020;2022;2023;2024;2025,60.59232261176492
10,163,MS,90,100,10,45,97372071.99999997,10,8,2017;2018;2019;2020;2022;2023;2024;2025,46.214483347956296
10,163,MS,100,110,10,59,125633124.1,10,8,2017;2018;2019;2020;2022;2023;2024;2025,46.96213711364677
10,163,MS,110,120,10,51,142633495.5,10,8,2017;2018;2019;2020;2022;2023;2024;2025,35.7559771084766
10,163,MS,120,130,7,30,89697202.4,7,8,2017;2018;2019;2020;2022;2023;2024;2025,33.44585917653993
10,163,MS,130,140,10,37,118627773.99999999,10,8,2017;2018;2019;2020;2022;2023;2024;2025,31.18999771503763
10,163,MS,140,150,10,38,118627773.99999999,10,8,2017;2018;2019;2020;2022;2023;2024;2025,32.032970626254865
10,163,MS,150,160,10,44,118627773.99999999,10,8,2017;2018;2019;2020;2022;2023;2024;2025,37.09080809355826
10,163,MS,160,170,10,22,118627773.99999999,10,8,2017;2018;2019;2020;2022;2023;2024;2025,18.54540404677913
10,163,MS,170,180,10,62,110100790.0,10,8,2017;2018;2019;2020;2022;2023;2024;2025,56.312039177920525
10,163,MS,180,190,10,53,112410181.50000001,10,8,2017;2018;2019;2020;2022;2023;2024;2025,47.14875404769273
10,163,MS,190,200,10,44,112410181.50000001,10,8,2017;2018;2019;2020;2022;2023;2024;2025,39.14236185091472
10,163,MS,200,210,10,69,113615163.3,10,8,2017;2018;2019;2020;2022;2023;2024;2025,60.73133021672998
10,163,MS,210,220,10,47,150702550.5,10,8,2017;2018;2019;2020;2022;2023;2024;2025,31.18726248763786
10,163,MS,220,230,10,53,158591678.74999997,10,8,2017;2018;2019;2020;2022;2023;2024;2025,33.41915566928824
10,163,MS,230,240,10,42,158444966.99999994,10,8,2017;2018;2019;2020;2022;2023;2024;2025,26.50762646187431
10,163,MS,240,250,10,75,158444966.99999994,10,8,2017;2018;2019;2020;2022;2023;2024;2025,47.33504725334698
10,163,MS,250,260,10,390,132270196.49999994,9,8,2017;2018;2019;2020;2022;2023;2024;2025,294.8510022059279
10,163,MS,260,270,5,139,77850302.49999999,5,5,2017;2018;2019;2020;2022,178.54779690804673
10,163,MS,270,280,10,120,275728701.5,10,8,2017;2018;2019;2020;2022;2023;2024;2025,43.52104055442339
10,163,MS,280,290,10,81,314050927.5,10,8,2017;2018;2019;2020;2022;2023;2024;2025,25.791995153397533
10,163,MS,290,300,6,21,88092476.25,6,8,2017;2018;2019;2020;2022;2023;2024;2025,23.83858519359081
10,163,MS,300,310,10,42,163829702.5,10,8,2017;2018;2019;2020;2022;2023;2024;2025,25.63637689569753
10,163,MS,310,320,10,46,164226822.5,10,8,2017;2018;2019;2020;2022;2023;2024;2025,28.010040808041573
10,163,MS,320,330,10,57,148131344.49999997,10,8,2017;2018;2019;2020;2022;2023;2024;2025,38.47936450748951
10,163,MS,330,340,10,43,141233282.49999994,10,8,2017;2018;2019;2020;2022;2023;2024;2025,30.446081291072463
10,163,MS,340,350,4,29,56493313.00000001,4,8,2017;2018;2019;2020;2022;2023;2024;2025,51.333509153552384
10,163,MS,360,370,6,51,137998951.79999995,6,8,2017;2018;2019;2020;2022;2023;2024;2025,36.956802450147315
10,163,MS,370,380,10,70,229998252.99999988,10,8,2017;2018;2019;2020;2022;2023;2024;2025,30.435013782474265
10,163,MS,380,390,10,32,229998252.99999988,10,8,2017;2018;2019;2020;2022;2023;2024;2025,13.913149157702522
10,163,MS,390,400,10,32,229998252.99999988,10,8,2017;2018;2019;2020;2022;2023;2024;2025,13.913149157702522
10,163,MS,400,410,10,46,229998252.99999988,10,8,2017;2018;2019;2020;2022;2023;2024;2025,20.000151914197374
10,163,MS,410,420,10,47,228960295.1999999,10,8,2017;2018;2019;2020;2022;2023;2024;2025,20.527576608400537
10,163,MS,420,430,10,49,219472163.99999988,10,8,2017;2018;2019;2020;2022;2023;2024;2025,22.326293734452822
10,163,MS,430,440,10,34,219472163.99999988,10,8,2017;2018;2019;2020;2022;2023;2024;2025,15.491714019824409
10,163,MS,440,450,10,50,219472163.99999988,10,8,2017;2018;2019;2020;2022;2023;2024;2025,22.78193238209472
10,163,MS,450,460,10,81,219472163.99999988,10,8,2017;2018;2019;2020;2022;2023;2024;2025,36.906730458993444
10,163,MS,460,470,10,178,135209329.79999998,10,8,2017;2018;2019;2020;2022;2023;2024;2025,131.64772006731744
10,163,MS,470,480,10,49,8815078.499999998,10,1,2017,555.8657248486217
10,163,MS,480,490,10,59,21513516.100000005,10,1,2017,274.24619818421957
10,163,MS,490,500,6,22,14812875.3,6,1,2017,148.51944375714822
10,163,MS,570,580,4,10,63971316.2,4,8,2017;2018;2019;2020;2022;2023;2024;2025,15.63200602084845
10,163,MS,580,590,10,39,159928290.50000003,10,8,2017;2018;2019;2020;2022;2023;2024;2025,24.38592939252358
10,163,MS,590,600,10,28,159227632.85,10,8,2017;2018;2019;2020;2022;2023;2024;2025,17.584887433688934
10,163,MS,600,610,10,48,158927350.99999997,10,8,2017;2018;2019;2020;2022;2023;2024;2025,30.20247911890258
10,163,MS,610,620,10,159,144450166.19999996,10,8,2017;2018;2019;2020;2022;2023;2024;2025,110.07256286562863
10,163,MS,620,630,10,50,121516748.99999997,10,8,2017;2018;2019;2020;2022;2023;2024;2025,41.14659124068569
10,163,MS,630,640,10,26,118676318.99999997,10,8,2017;2018;2019;2020;2022;2023;2024;2025,21.908330338422452
10,163,MS,640,650,10,34,118682888.99999997,10,8,2017;2018;2019;2020;2022;2023;2024;2025,28.647769098374415
10,163,MS,650,660,10,45,118682888.99999997,10,8,2017;2018;2019;2020;2022;2023;2024;2025,37.916164983142615
10,163,MS,660,670,10,66,118682888.99999997,10,8,2017;2018;2019;2020;2022;2023;2024;2025,55.61037530860916
10,163,MS,670,680,10,55,118679238.99999997,10,8,2017;2018;2019;2020;2022;2023;2024;2025,46.34340467922954
10,163,MS,680,690,10,125,125100297.09999998,10,8,2017;2018;2019;2020;2022;2023;2024;2025,99.91982664923664
10,163,MS,690,700,10,51,125813747.99999999,10,8,2017;2018;2019;2020;2022;2023;2024;2025,40.53611056877505
10,163,MS,700,710,10,26,115022698.19999999,9,8,2017;2018;2019;2020;2022;2023;2024;2025,22.604234126721263
10,163,MS,710,720,10,27,127802997.99999999,10,8,2017;2018;2019;2020;2022;2023;2024;2025,21.126264972281795
10,163,MS,720,730,10,89,127802997.99999999,10,8,2017;2018;2019;2020;2022;2023;2024;2025,69.63842898270666
10,163,MS,730,740,10,64,125654345.19999996,10,8,2017;2018;2019;2020;2022;2023;2024;2025,50.93337591957784
10,163,MS,740,750,10,28,125415605.99999996,10,8,2017;2018;2019;2020;2022;2023;2024;2025,22.325770207576888
10,163,MS,750,760,10,24,125415605.99999996,10,8,2017;2018;2019;2020;2022;2023;2024;2025,19.13637446363733
10,163,MS,760,770,10,23,123218546.89999998,10,8,2017;2018;2019;2020;2022;2023;2024;2025,18.666021129648627
10,163,MS,770,780,10,28,114430310.50000006,10,8,2017;2018;2019;2020;2022;2023;2024;2025,24.46904135596135
10,163,MS,780,790,10,18,114430310.50000006,10,8,2017;2018;2019;2020;2022;2023;2024;2025,15.730098014546583
10,163,MS,790,800,10,22,113315965.50000006,10,8,2017;2018;2019;2020;2022;2023;2024;2025,19.41473992912322
10,163,MS,800,810,10,23,103286860.50000004,10,8,2017;2018;2019;2020;2022;2023;2024;2025,22.268079297463
10,163,MS,810,820,10,37,103286860.50000004,10,8,2017;2018;2019;2020;2022;2023;2024;2025,35.82256234809265
10,163,MS,820,830,10,21,103286860.50000004,10,8,2017;2018;2019;2020;2022;2023;2024;2025,20.33172457594448
10,163,MS,830,840,10,49,121812712.90000005,10,8,2017;2018;2019;2020;2022;2023;2024;2025,40.22568649318702
10,163,MS,840,850,6,34,75866505.6,6,8,2017;2018;2019;2020;2022;2023;2024;2025,44.81556087380938
10,163,MT,0,10,10,18,32596690.0,10,4,2022;2023;2024;2025,55.220330653204364
10,163,MT,10,20,10,38,81395142.35,10,5,2017;2022;2023;2024;2025,46.685832720335554
10,163,MT,20,30,10,18,86898141.5,10,5,2017;2022;2023;2024;2025,20.713906752539696
10,163,MT,30,40,10,6,41561491.49999999,10,5,2017;2022;2023;2024;2025,14.436440520908642
10,163,MT,40,50,1,0,4574439.15,1,3,2017;2022;2023,0.0
10,163,MT,50,60,8,38,116998209.60000002,8,8,2017;2018;2019;2020;2022;2023;2024;2025,32.47912949259353
10,163,MT,60,70,10,43,146247762.0,10,8,2017;2018;2019;2020;2022;2023;2024;2025,29.402159330137305
10,163,MT,70,80,10,41,136496819.85000002,10,8,2017;2018;2019;2020;2022;2023;2024;2025,30.037329840399202
10,163,MT,80,90,10,53,113744621.50000003,10,7,2018;2019;2020;2022;2023;2024;2025,46.595609797690514
10,163,MT,90,100,10,53,121643221.50000003,10,7,2018;2019;2020;2022;2023;2024;2025,43.57003978228247
10,163,MT,100,110,10,109,239878602.24999997,10,8,2017;2018;2019;2020;2022;2023;2024;2025,45.43965113086698
10,163,MT,110,120,10,235,250113333.65000004,10,8,2017;2018;2019;2020;2022;2023;2024;2025,93.95740585699876
10,163,MT,120,130,10,5,166938889.30000004,10,8,2017;2018;2019;2020;2022;2023;2024;2025,2.995107982906652
10,163,MT,130,140,10,1,312574794.50000006,10,8,2017;2018;2019;2020;2022;2023;2024;2025,0.31992342875874463
10,163,MT,140,150,10,1,313217194.50000006,10,8,2017;2018;2019;2020;2022;2023;2024;2025,0.3192672744535421
10,163,MT,150,160,8,0,250573755.60000008,8,8,2017;2018;2019;2020;2022;2023;2024;2025,0.0
10,163,MT,160,170,10,0,295008804.50000006,10,8,2017;2018;2019;2020;2022;2023;2024;2025,0.0
10,163,MT,170,180,10,0,307117059.00000006,10,8,2017;2018;2019;2020;2022;2023;2024;2025,0.0
10,163,MT,180,190,10,0,256484905.05000004,10,8,2017;2018;2019;2020;2022;2023;2024;2025,0.0
10,163,MT,190,200,10,0,200087408.1999999,10,8,2017;2018;2019;2020;2022;2023;2024;2025,0.0
10,163,MT,200,210,10,5,274162084.9999999,10,8,2017;2018;2019;2020;2022;2023;2024;2025,1.8237386836330787
10,163,MT,210,220,10,1,261429424.99999985,10,8,2017;2018;2019;2020;2022;2023;2024;2025,0.38251241228870875
10,163,MT,220,230,10,2,259478536.49999988,10,8,2017;2018;2019;2020;2022;2023;2024;2025,0.7707766611362866
10,163,MT,230,240,10,0,247741348.29999986,10,8,2017;2018;2019;2020;2022;2023;2024;2025,0.0
10,163,MT,240,250,8,0,190091518.19999993,8,7,2018;2019;2020;2022;2023;2024;2025,0.0
10,163,MT,350,360,9,0,12800703.299999999,9,1,2017,0.0
10,163,MT,360,370,10,1,173642227.45000005,10,8,2017;2018;2019;2020;2022;2023;2024;2025,0.5758967819552695
10,163,MT,370,380,10,3,195189955.00000006,10,8,2017;2018;2019;2020;2022;2023;2024;2025,1.5369643381494702
10,163,MT,380,390,10,2,195189955.00000006,10,8,2017;2018;2019;2020;2022;2023;2024;2025,1.024642892099647
10,163,MT,390,400,10,3,195189955.00000006,10,8,2017;2018;2019;2020;2022;2023;2024;2025,1.5369643381494702
10,163,MT,400,410,10,4,195189955.00000006,10,8,2017;2018;2019;2020;2022;2023;2024;2025,2.049285784199294
10,163,MT,410,420,8,0,156151964.00000006,8,8,2017;2018;2019;2020;2022;2023;2024;2025,0.0
10,163,MT,420,430,10,0,213424179.69999996,10,8,2017;2018;2019;2020;2022;2023;2024;2025,0.0
10,163,MT,430,440,10,6,196392337.99999997,10,8,2017;2018;2019;2020;2022;2023;2024;2025,3.0551090032850476
10,163,MT,440,450,10,2,207698869.99999994,10,8,2017;2018;2019;2020;2022;2023;2024;2025,0.9629325378611837
10,163,MT,450,460,10,1,207701424.99999994,10,8,2017;2018;2019;2020;2022;2023;2024;2025,0.4814603462638739
10,163,MT,460,470,10,1,207702519.99999994,10,8,2017;2018;2019;2020;2022;2023;2024;2025,0.48145780802274346
10,163,MT,470,480,10,0,218024603.20000002,10,8,2017;2018;2019;2020;2022;2023;2024;2025,0.0
10,163,MT,480,490,10,0,258433724.00000003,10,8,2017;2018;2019;2020;2022;2023;2024;2025,0.0
10,163,MT,490,500,10,5,255987161.85000008,10,8,2017;2018;2019;2020;2022;2023;2024;2025,1.953222952223609
10,163,MT,500,510,10,15,255404260.5000001,10,8,2017;2018;2019;2020;2022;2023;2024;2025,5.873042200092819
10,163,MT,510,520,10,80,227032544.05,10,8,2017;2018;2019;2020;2022;2023;2024;2025,35.237238931869335
10,163,MT,520,530,10,84,205794920.50000003,10,8,2017;2018;2019;2020;2022;2023;2024;2025,40.81733397302194
10,163,MT,530,540,10,103,205794920.50000003,10,8,2017;2018;2019;2020;2022;2023;2024;2025,50.04982618120547
10,163,MT,540,550,10,94,205794920.50000003,10,8,2017;2018;2019;2020;2022;2023;2024;2025,45.6765403983817
10,163,MT,550,560,10,85,206140940.50000003,10,8,2017;2018;2019;2020;2022;2023;2024;2025,41.233924611884646
10,163,MT,560,570,10,71,206371620.50000003,10,8,2017;2018;2019;2020;2022;2023;2024;2025,34.403955266707804
10,163,MT,570,580,10,87,206371620.50000003,10,8,2017;2018;2019;2020;2022;2023;2024;2025,42.156959270472946
10,163,MT,580,590,10,88,206371620.50000003,10,8,2017;2018;2019;2020;2022;2023;2024;2025,42.64152202070826
10,163,MT,590,600,10,100,206371620.50000003,10,8,2017;2018;2019;2020;2022;2023;2024;2025,48.456275023532115
10,163,MT,600,610,10,158,172366377.24999997,10,8,2017;2018;2019;2020;2022;2023;2024;2025,91.66520902788193
10,163,MT,610,620,10,68,201661328.35000002,10,8,2017;2018;2019;2020;2022;2023;2024;2025,33.71990086367989
10,163,MT,620,630,10,58,213783894.50000006,10,8,2017;2018;2019;2020;2022;2023;2024;2025,27.13020086739976
10,163,MT,630,640,10,60,213783894.50000006,10,8,2017;2018;2019;2020;2022;2023;2024;2025,28.06572503524113
10,163,MT,640,650,10,78,213783894.50000006,10,8,2017;2018;2019;2020;2022;2023;2024;2025,36.48544254581346
10,163,MT,650,660,10,65,212499459.50000006,10,8,2017;2018;2019;2020;2022;2023;2024;2025,30.588313096391655
10,163,MT,660,670,10,78,211214294.50000006,10,8,2017;2018;2019;2020;2022;2023;2024;2025,36.929318720897456
10,163,MT,670,680,10,54,196535031.10000005,10,8,2017;2018;2019;2020;2022;2023;2024;2025,27.476017734733492
10,163,MT,680,690,10,154,205188984.00000003,10,8,2017;2018;2019;2020;2022;2023;2024;2025,75.0527620917505
10,163,MT,690,700,10,146,205188984.00000003,10,8,2017;2018;2019;2020;2022;2023;2024;2025,71.15391730776345
10,163,MT,700,710,10,70,196551288.20000002,10,8,2017;2018;2019;2020;2022;2023;2024;2025,35.614114077325084
10,163,MT,710,720,10,77,194489045.5,10,8,2017;2018;2019;2020;2022;2023;2024;2025,39.59091875948355
10,163,MT,720,730,10,57,194489045.5,10,8,2017;2018;2019;2020;2022;2023;2024;2025,29.30756323753977
10,163,MT,730,740,10,68,194489045.5,10,8,2017;2018;2019;2020;2022;2023;2024;2025,34.96340877460885
10,163,MT,740,750,10,239,194489045.5,10,8,2017;2018;2019;2020;2022;2023;2024;2025,122.88609848722817
10,163,MT,750,760,10,314,182938985.5,10,8,2017;2018;2019;2020;2022;2023;2024;2025,171.64192702927176
10,163,MT,760,770,10,85,101728171.80000001,9,6,2017;2018;2019;2020;2022;2023,83.5560086217926
10,163,MT,770,780,10,91,267103933.9999999,10,8,2017;2018;2019;2020;2022;2023;2024;2025,34.06913505062791
10,163,MT,780,790,10,100,267103933.9999999,10,8,2017;2018;2019;2020;2022;2023;2024;2025,37.43860994574495
10,163,MT,790,800,10,82,263652493.9999999,10,8,2017;2018;2019;2020;2022;2023;2024;2025,31.101545354621233
10,163,MT,800,810,10,69,215134576.99999997,10,7,2018;2019;2020;2022;2023;2024;2025,32.07294752995471
10,163,MT,810,820,10,117,215134576.99999997,10,7,2018;2019;2020;2022;2023;2024;2025,54.38456320296668
10,163,MT,820,830,10,312,212193772.0,10,7,2018;2019;2020;2022;2023;2024;2025,147.03541817429024
10,163,MT,830,840,10,780,166271676.6,10,8,2017;2018;2019;2020;2022;2023;2024;2025,469.11176692855935
10,163,MT,840,850,10,178,110179308.80000004,10,5,2017;2018;2019;2020;2022,161.55483451353794
10,163,MT,850,860,10,152,94692968.35000001,9,8,2017;2018;2019;2020;2022;2023;2024;2025,160.51878259659603
10,163,MT,860,870,10,54,144497875.34999996,10,8,2017;2018;2019;2020;2022;2023;2024;2025,37.37079169448149
10,163,MT,870,880,10,36,137530978.0,10,8,2017;2018;2019;2020;2022;2023;2024;2025,26.1759208896195
10,163,MT,880,890,10,40,137530978.0,10,8,2017;2018;2019;2020;2022;2023;2024;2025,29.084356544021666
10,163,MT,890,900,10,48,137530978.0,10,8,2017;2018;2019;2020;2022;2023;2024;2025,34.901227852826004
10,163,MT,900,910,10,45,137530978.0,10,8,2017;2018;2019;2020;2022;2023;2024;2025,32.719901112024374
10,163,MT,910,920,10,31,137530978.0,10,8,2017;2018;2019;2020;2022;2023;2024;2025,22.540376321616794
10,163,MT,920,930,10,67,137530978.0,10,8,2017;2018;2019;2020;2022;2023;2024;2025,48.716297211236295
10,163,MT,930,940,10,80,137456518.0,10,8,2017;2018;2019;2020;2022;2023;2024;2025,58.20022299706442
10,163,MT,940,950,10,68,137272558.0,10,8,2017;2018;2019;2020;2022;2023;2024;2025,49.53648492512247
10,163,MT,950,960,10,90,136644429.5,10,8,2017;2018;2019;2020;2022;2023;2024;2025,65.86437539336355
10,163,MT,960,970,10,23,135549429.5,10,8,2017;2018;2019;2020;2022;2023;2024;2025,16.967979935319462
10,163,MT,970,980,10,62,119605134.5,10,8,2017;2018;2019;2020;2022;2023;2024;2025,51.83723947904594
10,163,MT,980,990,10,61,117347244.5,10,8,2017;2018;2019;2020;2022;2023;2024;2025,51.982473265488565
10,163,MT,990,1000,10,54,117363932.30000001,10,8,2017;2018;2019;2020;2022;2023;2024;2025,46.010728289137255
10,163,MT,1000,1010,10,35,129389058.04999997,10,8,2017;2018;2019;2020;2022;2023;2024;2025,27.05020078782466
10,163,MT,1010,1020,10,37,138732119.99999994,10,8,2017;2018;2019;2020;2022;2023;2024;2025,26.670103505950905
10,163,MT,1020,1030,10,97,138732119.99999994,10,8,2017;2018;2019;2020;2022;2023;2024;2025,69.9189200020875
10,163,MT,1030,1040,10,190,138732119.99999994,10,8,2017;2018;2019;2020;2022;2023;2024;2025,136.95458557109924
10,163,MT,1040,1050,10,100,111281732.89999999,10,8,2017;2018;2019;2020;2022;2023;2024;2025,89.86200825059223
10,163,MT,1050,1060,8,41,58155216.39999999,8,7,2017;2018;2019;2020;2022;2024;2025,70.50098432786505
10,163,MT,1060,1070,10,96,75878499.49999997,10,7,2017;2018;2019;2020;2022;2024;2025,126.51805271926871
10,163,MT,1070,1080,10,19,65447952.89999999,10,7,2017;2018;2019;2020;2022;2024;2025,29.0307017379607
10,163,MT,1080,1090,10,20,55429973.1,10,8,2017;2018;2019;2020;2022;2023;2024;2025,36.08156180036104
10,163,MT,1090,1100,10,10,54356420.49999999,10,8,2017;2018;2019;2020;2022;2023;2024;2025,18.397090735582932
10,163,MT,1100,1110,10,64,54356420.49999999,10,8,2017;2018;2019;2020;2022;2023;2024;2025,117.74138070773076
10,163,MT,1110,1120,10,58,54356420.49999999,10,8,2017;2018;2019;2020;2022;2023;2024;2025,106.703126266381
10,163,MT,1120,1130,10,1,54356420.49999999,10,8,2017;2018;2019;2020;2022;2023;2024;2025,1.839709073558293
10,163,PA,0,10,10,8,39423650.0,10,4,2022;2023;2024;2025,20.292387944799632
10,163,PA,10,20,10,1,39423650.0,10,4,2022;2023;2024;2025,2.536548493099954
10,163,PA,20,30,10,4,39421095.0,10,4,2022;2023;2024;2025,10.146851577816395
10,163,PA,30,40,10,10,39420000.0,10,4,2022;2023;2024;2025,25.36783358701167
10,163,PA,40,50,10,0,39420000.0,10,4,2022;2023;2024;2025,0.0
10,163,PA,50,60,10,3,46886385.25,10,8,2017;2018;2019;2020;2022;2023;2024;2025,6.398445911332011
10,163,PA,60,70,10,4,54352770.49999999,10,8,2017;2018;2019;2020;2022;2023;2024;2025,7.359330468720083
10,163,PA,70,80,10,5,54352770.49999999,10,8,2017;2018;2019;2020;2022;2023;2024;2025,9.199163085900102
10,163,PA,80,90,10,6,54352770.49999999,10,8,2017;2018;2019;2020;2022;2023;2024;2025,11.038995703080122
10,163,PA,90,100,10,2,54352770.49999999,10,8,2017;2018;2019;2020;2022;2023;2024;2025,3.6796652343600416
10,163,PA,100,110,10,25,54352770.49999999,10,8,2017;2018;2019;2020;2022;2023;2024;2025,45.99581542950051
10,163,PA,110,120,10,8,54352770.49999999,10,8,2017;2018;2019;2020;2022;2023;2024;2025,14.718660937440166
10,163,PA,120,130,10,3,54352770.49999999,10,8,2017;2018;2019;2020;2022;2023;2024;2025,5.519497851540061
10,163,PA,130,140,10,6,54352770.49999999,10,8,2017;2018;2019;2020;2022;2023;2024;2025,11.038995703080122
10,163,PA,140,150,10,11,54352770.49999999,10,8,2017;2018;2019;2020;2022;2023;2024;2025,20.238158788980225
10,163,PA,150,160,10,7,54352040.49999999,10,8,2017;2018;2019;2020;2022;2023;2024;2025,12.87900129526876
10,163,PA,160,170,10,7,54349120.49999999,10,8,2017;2018;2019;2020;2022;2023;2024;2025,12.879693241770125
10,163,PA,170,180,10,5,54349120.49999999,10,8,2017;2018;2019;2020;2022;2023;2024;2025,9.19978088697866
10,163,PA,180,190,10,2,54349120.49999999,10,8,2017;2018;2019;2020;2022;2023;2024;2025,3.6799123547914636
10,163,PA,190,200,10,1,54349120.49999999,10,8,2017;2018;2019;2020;2022;2023;2024;2025,1.8399561773957318
10,163,PA,200,210,10,4,54349120.49999999,10,8,2017;2018;2019;2020;2022;2023;2024;2025,7.359824709582927
10,163,PA,210,220,10,2,54349120.49999999,10,8,2017;2018;2019;2020;2022;2023;2024;2025,3.6799123547914636
10,163,PA,220,230,6,1,32609472.300000004,6,8,2017;2018;2019;2020;2022;2023;2024;2025,3.066593628992886
10,163,PA,270,280,1,0,5149482.05,1,8,2017;2018;2019;2020;2022;2023;2024;2025,0.0
10,163,PA,280,290,10,8,51494820.5,10,8,2017;2018;2019;2020;2022;2023;2024;2025,15.535543035828233
10,163,PA,290,300,10,14,51494820.5,10,8,2017;2018;2019;2020;2022;2023;2024;2025,27.18720031269941
10,163,PA,300,310,10,16,51494820.5,10,8,2017;2018;2019;2020;2022;2023;2024;2025,31.071086071656467
10,163,PA,310,320,10,32,49747430.45000001,10,8,2017;2018;2019;2020;2022;2023;2024;2025,64.3249303743687
10,163,PA,320,330,10,10,49553276.00000001,10,8,2017;2018;2019;2020;2022;2023;2024;2025,20.180300491132005
10,163,PA,330,340,10,5,49553276.00000001,10,8,2017;2018;2019;2020;2022;2023;2024;2025,10.090150245566003
10,163,PA,340,350,10,7,43655985.6,10,8,2017;2018;2019;2020;2022;2023;2024;2025,16.034456452633613
10,163,PA,350,360,10,2,34810050.0,10,4,2022;2023;2024;2025,5.745467185482354
10,163,PA,360,370,10,9,34810050.0,10,4,2022;2023;2024;2025,25.85460233467059
10,163,PA,370,380,10,6,34810050.0,10,4,2022;2023;2024;2025,17.23640155644706
10,163,PA,380,390,10,3,34810050.0,10,4,2022;2023;2024;2025,8.61820077822353
10,163,PA,390,400,10,8,34810050.0,10,4,2022;2023;2024;2025,22.981868741929414
10,163,PA,400,410,10,17,34810050.0,10,4,2022;2023;2024;2025,48.8364710766
10,163,PA,410,420,10,9,33678550.0,10,4,2022;2023;2024;2025,26.723240757099102
10,163,PA,420,430,10,8,33678550.0,10,4,2022;2023;2024;2025,23.75399178408809
10,163,PA,430,440,10,5,33678550.0,10,4,2022;2023;2024;2025,14.84624486505506
10,163,PA,440,450,10,5,33678550.0,10,4,2022;2023;2024;2025,14.84624486505506
10,163,PA,450,460,10,3,33678550.0,10,4,2022;2023;2024;2025,8.907746919033034
10,163,PA,460,470,10,5,33678550.0,10,4,2022;2023;2024;2025,14.84624486505506
10,163,PA,470,480,10,2,33678550.0,10,4,2022;2023;2024;2025,5.938497946022022
10,163,PA,480,490,10,5,33678550.0,10,4,2022;2023;2024;2025,14.84624486505506
10,163,PA,490,500,10,10,33678550.0,10,4,2022;2023;2024;2025,29.69248973011012
10,163,PA,500,510,10,13,33678550.0,10,4,2022;2023;2024;2025,38.60023664914315
10,163,PA,510,520,10,19,33678550.0,10,4,2022;2023;2024;2025,56.41573048720922
10,163,PA,520,530,10,6,33678550.0,10,4,2022;2023;2024;2025,17.815493838066068
10,163,PA,530,540,10,9,33678550.0,10,4,2022;2023;2024;2025,26.723240757099102
10,163,PA,540,550,10,8,33678550.0,10,4,2022;2023;2024;2025,23.75399178408809
10,163,PA,550,560,10,5,33678550.0,10,4,2022;2023;2024;2025,14.84624486505506
10,163,PA,560,570,10,13,33678550.0,10,4,2022;2023;2024;2025,38.60023664914315
10,163,PA,570,580,10,23,36350350.0,10,4,2022;2023;2024;2025,63.273118415641115
10,163,PA,580,590,10,14,38131550.0,10,4,2022;2023;2024;2025,36.715003717394126
10,163,PA,590,600,10,14,38131550.0,10,4,2022;2023;2024;2025,36.715003717394126
10,163,PA,600,610,10,10,38131550.0,10,4,2022;2023;2024;2025,26.22500265528152
10,163,PA,610,620,10,27,38131550.0,10,4,2022;2023;2024;2025,70.8075071692601
10,163,PA,620,630,10,35,47036509.75000001,10,6,2019;2020;2022;2023;2024;2025,74.41028296109916
10,163,PA,630,640,10,7,55941469.50000002,10,6,2019;2020;2022;2023;2024;2025,12.513078513248562
10,163,PA,640,650,10,18,63519344.00000002,10,8,2017;2018;2019;2020;2022;2023;2024;2025,28.33782414377578
10,163,PA,650,660,10,28,66767004.50000002,10,8,2017;2018;2019;2020;2022;2023;2024;2025,41.93688216160722
10,163,PA,660,670,10,11,66767004.50000002,10,8,2017;2018;2019;2020;2022;2023;2024;2025,16.475203706345695
10,163,PA,670,680,4,9,26706801.800000004,4,8,2017;2018;2019;2020;2022;2023;2024;2025,33.69928030843438
10,163,PA,830,840,6,0,25826429.099999994,6,8,2017;2018;2019;2020;2022;2023;2024;2025,0.0
10,163,PA,840,850,10,2,43044048.49999997,10,8,2017;2018;2019;2020;2022;2023;2024;2025,4.646403091010367
10,163,PA,850,860,10,1,43044048.49999997,10,8,2017;2018;2019;2020;2022;2023;2024;2025,2.3232015455051833
10,163,PA,860,870,10,4,40099604.44999999,10,8,2017;2018;2019;2020;2022;2023;2024;2025,9.97516074002072
10,163,PA,870,880,10,9,39772443.99999999,10,8,2017;2018;2019;2020;2022;2023;2024;2025,22.62873259687034
10,163,PA,880,890,10,8,39772443.99999999,10,8,2017;2018;2019;2020;2022;2023;2024;2025,20.114428974995857
10,163,PA,890,900,10,5,40214823.99999999,10,8,2017;2018;2019;2020;2022;2023;2024;2025,12.433226115822366
10,163,PA,900,910,10,3,41247044.0,10,8,2017;2018;2019;2020;2022;2023;2024;2025,7.273248478121244
10,163,PA,910,920,10,4,41247044.0,10,8,2017;2018;2019;2020;2022;2023;2024;2025,9.697664637494993
10,163,PA,920,930,10,11,41247044.0,10,8,2017;2018;2019;2020;2022;2023;2024;2025,26.66857775311123
10,163,PA,930,940,10,7,41247044.0,10,8,2017;2018;2019;2020;2022;2023;2024;2025,16.970913115616234
10,163,PA,940,950,10,4,41247044.0,10,8,2017;2018;2019;2020;2022;2023;2024;2025,9.697664637494993
10,163,PA,950,960,10,6,41247044.0,10,8,2017;2018;2019;2020;2022;2023;2024;2025,14.546496956242487
10,163,PA,960,970,10,25,40835042.949999996,10,8,2017;2018;2019;2020;2022;2023;2024;2025,61.22192654630232
10,163,PA,970,980,10,35,39247705.39999999,10,8,2017;2018;2019;2020;2022;2023;2024;2025,89.17718792294036
10,163,PA,980,990,5,64,20981331.5,5,8,2017;2018;2019;2020;2022;2023;2024;2025,305.0330719001318
10,163,PR,0,10,3,17,13575572.749999998,3,5,2017;2018;2019;2020;2022,125.22491914751811
10,163,PR,10,20,10,106,99626385.00000004,10,8,2017;2018;2019;2020;2022;2023;2024;2025,106.3975170834513
10,163,PR,20,30,10,66,97919280.00000004,10,8,2017;2018;2019;2020;2022;2023;2024;2025,67.40245639061068
10,163,PR,30,40,10,146,78186416.4,10,8,2017;2018;2019;2020;2022;2023;2024;2025,186.73320344171702
10,163,PR,40,50,10,44,80156299.49999997,10,8,2017;2018;2019;2020;2022;2023;2024;2025,54.892753625683554
10,163,PR,50,60,10,54,80156299.49999997,10,8,2017;2018;2019;2020;2022;2023;2024;2025,67.36837944970253
10,163,PR,60,70,10,54,74823547.29999998,10,8,2017;2018;2019;2020;2022;2023;2024;2025,72.16979406695413
10,163,PR,70,80,10,46,66824418.99999999,10,8,2017;2018;2019;2020;2022;2023;2024;2025,68.83711177496359
10,163,PR,80,90,10,107,59847411.150000006,10,8,2017;2018;2019;2020;2022;2023;2024;2025,178.78801763340766
10,163,PR,90,100,10,53,55335160.70000001,10,8,2017;2018;2019;2020;2022;2023;2024;2025,95.77996942547956
10,163,PR,100,110,10,21,56185362.500000015,10,8,2017;2018;2019;2020;2022;2023;2024;2025,37.37628283523132
10,163,PR,110,120,10,22,56185362.500000015,10,8,2017;2018;2019;2020;2022;2023;2024;2025,39.15610582738519
10,163,PR,120,130,10,48,127344353.6,10,8,2017;2018;2019;2020;2022;2023;2024;2025,37.69307287135187
10,163,PR,130,140,10,70,174783680.99999997,10,8,2017;2018;2019;2020;2022;2023;2024;2025,40.049505537075866
10,163,PR,140,150,10,126,200379864.45,10,8,2017;2018;2019;2020;2022;2023;2024;2025,62.88056953518915
10,163,PR,150,160,10,144,199447351.49999997,10,8,2017;2018;2019;2020;2022;2023;2024;2025,72.19950473997646
10,163,PR,160,170,10,104,181579181.64999998,10,8,2017;2018;2019;2020;2022;2023;2024;2025,57.27528841960723
10,163,PR,170,180,10,84,258520302.00000006,10,8,2017;2018;2019;2020;2022;2023;2024;2025,32.492612514432224
10,163,PR,180,190,10,102,243656042.00000003,10,8,2017;2018;2019;2020;2022;2023;2024;2025,41.86229044958384
10,163,PR,190,200,10,48,157741896.70000002,10,8,2017;2018;2019;2020;2022;2023;2024;2025,30.42945533442416
10,163,PR,200,210,10,24,36196101.00000001,10,4,2017;2018;2024;2025,66.30548411830323
10,163,PR,210,220,10,81,399329315.79999995,10,8,2017;2018;2019;2020;2022;2023;2024;2025,20.284010413241997
10,163,PR,220,230,10,36,490112619.49999994,10,8,2017;2018;2019;2020;2022;2023;2024;2025,7.3452505745977845
10,163,PR,230,240,10,58,459946099.49999994,10,8,2017;2018;2019;2020;2022;2023;2024;2025,12.610173249224392
10,163,PR,240,250,10,72,314417657.6000001,10,8,2017;2018;2019;2020;2022;2023;2024;2025,22.899477258875166
10,163,PR,250,260,10,109,293459160.50000006,10,8,2017;2018;2019;2020;2022;2023;2024;2025,37.1431581192709
10,163,PR,260,270,10,65,293459160.50000006,10,8,2017;2018;2019;2020;2022;2023;2024;2025,22.149589704152373
10,163,PR,270,280,10,95,267637001.90000004,10,8,2017;2018;2019;2020;2022;2023;2024;2025,35.49583926197762
10,163,PR,280,290,10,198,58017042.0,9,7,2018;2019;2020;2022;2023;2024;2025,341.279033150294
10,163,PR,290,300,10,57,63786086.00000001,10,7,2018;2019;2020;2022;2023;2024;2025,89.36118137112221
10,163,PR,300,310,10,41,77454781.2,10,7,2018;2019;2020;2022;2023;2024;2025,52.93411118692825
10,163,PR,310,320,10,40,80790925.0,10,7,2018;2019;2020;2022;2023;2024;2025,49.5105112362558
10,163,PR,320,330,10,26,80790925.0,10,7,2018;2019;2020;2022;2023;2024;2025,32.181832303566274
10,163,PR,330,340,10,26,97009889.79999998,10,8,2017;2018;2019;2020;2022;2023;2024;2025,26.801391129917565
10,163,PR,340,350,4,15,40425852.400000006,4,8,2017;2018;2019;2020;2022;2023;2024;2025,37.10496899751209
10,163,PR,350,360,3,38,37479057.75,3,8,2017;2018;2019;2020;2022;2023;2024;2025,101.3899555679198
10,163,SC,60,70,6,202,36516279.0,6,5,2017;2018;2019;2020;2022,553.1779401729294
10,163,SC,70,80,10,345,136782238.90000004,10,8,2017;2018;2019;2020;2022;2023;2024;2025,252.22572957898842
10,163,SC,80,90,10,119,159433193.54999995,10,8,2017;2018;2019;2020;2022;2023;2024;2025,74.63941312991409
10,163,SC,90,100,10,76,137587406.99999994,10,8,2017;2018;2019;2020;2022;2023;2024;2025,55.237613424897255
10,163,SC,100,110,2,25,23615266.400000002,2,8,2017;2018;2019;2020;2022;2023;2024;2025,105.86372212172037
10,163,SC,110,120,10,72,117867329.35,10,8,2017;2018;2019;2020;2022;2023;2024;2025,61.085629408129115
10,163,SC,120,130,3,16,35285849.400000006,3,8,2017;2018;2019;2020;2022;2023;2024;2025,45.34395592585621
10,364,AC,0,10,10,7,20377975.55,10,8,2017;2018;2019;2020;2022;2023;2024;2025,34.350811653613945
10,364,AC,10,20,10,11,46091871.50000001,10,8,2017;2018;2019;2020;2022;2023;2024;2025,23.865379386905555
10,364,AC,20,30,10,5,46091871.50000001,10,8,2017;2018;2019;2020;2022;2023;2024;2025,10.84789972132071
10,364,AC,30,40,10,11,51005443.099999994,10,8,2017;2018;2019;2020;2022;2023;2024;2025,21.566325732008004
10,364,AC,40,50,10,11,51551395.5,10,8,2017;2018;2019;2020;2022;2023;2024;2025,21.33792866965163
10,364,AC,50,60,10,12,51551395.5,10,8,2017;2018;2019;2020;2022;2023;2024;2025,23.277740366892687
10,364,AC,60,70,10,18,51551395.5,10,8,2017;2018;2019;2020;2022;2023;2024;2025,34.91661055033903
10,364,AC,70,80,10,12,51551395.5,10,8,2017;2018;2019;2020;2022;2023;2024;2025,23.277740366892687
10,364,AC,80,90,10,16,51551395.5,10,8,2017;2018;2019;2020;2022;2023;2024;2025,31.036987155856917
10,364,AC,90,100,10,31,48451289.89999999,10,8,2017;2018;2019;2020;2022;2023;2024;2025,63.98178472437326
10,364,AC,100,110,10,12,20550339.499999996,10,3,2018;2024;2025,58.393195888564286
10,364,AC,110,120,10,39,20550339.499999996,10,3,2018;2024;2025,189.77788663783392
10,364,AC,120,130,10,296,8289905.550000001,9,4,2017;2018;2024;2025,3570.6076289373405
10,364,AC,130,140,10,104,5327054.549999999,8,1,2017,1952.2983859814244
10,364,AC,140,150,10,12,6168207.999999999,10,1,2017,194.54596861843834
10,364,AC,150,160,10,40,48449370.00000002,10,8,2017;2018;2019;2020;2022;2023;2024;2025,82.56041306625862
10,364,AC,160,170,10,14,48449370.00000002,10,8,2017;2018;2019;2020;2022;2023;2024;2025,28.896144573190515
10,364,AC,170,180,10,16,48449370.00000002,10,8,2017;2018;2019;2020;2022;2023;2024;2025,33.02416522650345
10,364,AC,180,190,10,7,48449370.00000002,10,8,2017;2018;2019;2020;2022;2023;2024;2025,14.448072286595258
10,364,AC,190,200,10,11,48449370.00000002,10,8,2017;2018;2019;2020;2022;2023;2024;2025,22.70411359322112
10,364,AC,200,210,10,8,48449370.00000002,10,8,2017;2018;2019;2020;2022;2023;2024;2025,16.512082613251724
10,364,AC,210,220,10,9,38824320.00000001,10,8,2017;2018;2019;2020;2022;2023;2024;2025,23.18134612531526
10,364,AC,220,230,10,8,29199269.999999993,10,8,2017;2018;2019;2020;2022;2023;2024;2025,27.397945222603173
10,364,AC,230,240,10,8,29199269.999999993,10,8,2017;2018;2019;2020;2022;2023;2024;2025,27.397945222603173
10,364,AC,240,250,10,2,29199269.999999993,10,8,2017;2018;2019;2020;2022;2023;2024;2025,6.849486305650793
10,364,AC,250,260,10,8,29199269.999999993,10,8,2017;2018;2019;2020;2022;2023;2024;2025,27.397945222603173
10,364,AC,260,270,9,16,26279342.999999993,9,8,2017;2018;2019;2020;2022;2023;2024;2025,60.884322716895944
10,364,AC,270,280,7,11,17609724.300000004,7,7,2018;2019;2020;2022;2023;2024;2025,62.46548675381589
10,364,AC,280,290,10,2,25156749.0,10,7,2018;2019;2020;2022;2023;2024;2025,7.950152859576569
10,364,AC,290,300,10,1,25156749.0,10,7,2018;2019;2020;2022;2023;2024;2025,3.9750764297882846
10,364,AC,300,310,10,4,25156749.0,10,7,2018;2019;2020;2022;2023;2024;2025,15.900305719153138
10,364,AC,310,320,10,5,25156749.0,10,7,2018;2019;2020;2022;2023;2024;2025,19.875382148941423
10,364,AC,320,330,10,2,25156749.0,10,7,2018;2019;2020;2022;2023;2024;2025,7.950152859576569
10,364,AC,330,340,10,1,25156749.0,10,7,2018;2019;2020;2022;2023;2024;2025,3.9750764297882846
10,364,AC,340,350,10,1,25156749.0,10,7,2018;2019;2020;2022;2023;2024;2025,3.9750764297882846
10,364,AC,350,360,10,3,28051162.500000004,10,7,2018;2019;2020;2022;2023;2024;2025,10.694743934409134
10,364,AC,360,370,10,1,28372764.000000004,10,7,2018;2019;2020;2022;2023;2024;2025,3.5245068122372563
10,364,AC,370,380,10,3,28372764.000000004,10,7,2018;2019;2020;2022;2023;2024;2025,10.57352043671177
10,364,AC,380,390,10,0,28372764.000000004,10,7,2018;2019;2020;2022;2023;2024;2025,0.0
10,364,AC,390,400,10,0,28372764.000000004,10,7,2018;2019;2020;2022;2023;2024;2025,0.0
10,364,AC,400,410,10,0,28372764.000000004,10,7,2018;2019;2020;2022;2023;2024;2025,0.0
10,364,AC,410,420,10,1,28372764.000000004,10,7,2018;2019;2020;2022;2023;2024;2025,3.5245068122372563
10,364,AC,420,430,10,2,29708065.399999995,10,7,2018;2019;2020;2022;2023;2024;2025,6.732178528191877
10,364,AC,430,440,10,3,31711017.499999985,10,7,2018;2019;2020;2022;2023;2024;2025,9.46043437426756
10,364,AC,440,450,10,0,31711017.499999985,10,7,2018;2019;2020;2022;2023;2024;2025,0.0
10,364,AC,450,460,10,1,31711017.499999985,10,7,2018;2019;2020;2022;2023;2024;2025,3.153478124755853
10,364,AC,460,470,10,1,31711017.499999985,10,7,2018;2019;2020;2022;2023;2024;2025,3.153478124755853
10,364,AC,470,480,10,2,31711017.499999985,10,7,2018;2019;2020;2022;2023;2024;2025,6.306956249511706
10,364,AC,480,490,10,0,31711017.499999985,10,7,2018;2019;2020;2022;2023;2024;2025,0.0
10,364,AC,490,500,10,0,39497190.199999996,10,8,2017;2018;2019;2020;2022;2023;2024;2025,0.0
10,364,AC,500,510,10,0,40362320.5,10,8,2017;2018;2019;2020;2022;2023;2024;2025,0.0
10,364,AC,510,520,10,3,40362320.5,10,8,2017;2018;2019;2020;2022;2023;2024;2025,7.43267473930296
10,364,AC,520,530,10,1,35048380.400000006,10,8,2017;2018;2019;2020;2022;2023;2024;2025,2.8531988884713195
10,364,AC,530,540,9,1,24365421.7,9,8,2017;2018;2019;2020;2022;2023;2024;2025,4.104176863066565
10,364,AC,540,550,10,1,42558740.849999994,10,8,2017;2018;2019;2020;2022;2023;2024;2025,2.349693576519429
10,364,AC,550,560,10,0,43355356.999999985,10,8,2017;2018;2019;2020;2022;2023;2024;2025,0.0
10,364,AC,560,570,10,0,43355356.999999985,10,8,2017;2018;2019;2020;2022;2023;2024;2025,0.0
10,364,AC,570,580,10,0,43355356.999999985,10,8,2017;2018;2019;2020;2022;2023;2024;2025,0.0
10,364,AC,580,590,10,2,43355356.999999985,10,8,2017;2018;2019;2020;2022;2023;2024;2025,4.613040090985759
10,364,AC,590,600,10,0,43355356.999999985,10,8,2017;2018;2019;2020;2022;2023;2024;2025,0.0
10,364,AC,600,610,10,0,43355356.999999985,10,8,2017;2018;2019;2020;2022;2023;2024;2025,0.0
10,364,AC,610,620,10,0,43355356.999999985,10,8,2017;2018;2019;2020;2022;2023;2024;2025,0.0
10,364,AC,620,630,10,0,42558740.84999999,10,8,2017;2018;2019;2020;2022;2023;2024;2025,0.0
10,364,AC,630,640,10,0,43355356.999999985,10,8,2017;2018;2019;2020;2022;2023;2024;2025,0.0
10,364,AC,640,650,10,0,43355356.999999985,10,8,2017;2018;2019;2020;2022;2023;2024;2025,0.0
10,364,AC,650,660,10,0,43355356.999999985,10,8,2017;2018;2019;2020;2022;2023;2024;2025,0.0
10,364,AC,660,670,10,0,43355356.999999985,10,8,2017;2018;2019;2020;2022;2023;2024;2025,0.0
10,364,AC,670,680,10,0,43355356.999999985,10,8,2017;2018;2019;2020;2022;2023;2024;2025,0.0
10,364,AC,680,690,10,0,42558740.849999994,10,8,2017;2018;2019;2020;2022;2023;2024;2025,0.0
10,364,AC,690,700,10,0,43355356.999999985,10,8,2017;2018;2019;2020;2022;2023;2024;2025,0.0
10,364,AC,700,710,10,2,43355356.999999985,10,8,2017;2018;2019;2020;2022;2023;2024;2025,4.613040090985759
10,364,AC,710,720,10,0,43355356.999999985,10,8,2017;2018;2019;2020;2022;2023;2024;2025,0.0
10,364,AC,720,730,10,0,43582109.599999994,10,8,2017;2018;2019;2020;2022;2023;2024;2025,0.0
10,364,GO,0,10,10,59,71269060.49999999,10,8,2017;2018;2019;2020;2022;2023;2024;2025,82.78487128366174
10,364,GO,10,20,10,41,77910162.5,10,8,2017;2018;2019;2020;2022;2023;2024;2025,52.62471375284322
10,364,GO,20,30,10,30,63803525.70000002,10,8,2017;2018;2019;2020;2022;2023;2024;2025,47.01934520211003
10,364,GO,30,40,10,24,62687947.000000015,10,8,2017;2018;2019;2020;2022;2023;2024;2025,38.28487157188286
10,364,GO,40,50,10,19,62687947.000000015,10,8,2017;2018;2019;2020;2022;2023;2024;2025,30.308856661073932
10,364,GO,50,60,10,30,62422672.30000001,10,8,2017;2018;2019;2020;2022;2023;2024;2025,48.05946124161684
10,364,GO,60,70,10,30,60944163.15000001,10,8,2017;2018;2019;2020;2022;2023;2024;2025,49.225386730082604
10,364,GO,70,80,10,15,60765273.00000001,10,8,2017;2018;2019;2020;2022;2023;2024;2025,24.685151994626928
10,364,GO,80,90,10,32,60765273.00000001,10,8,2017;2018;2019;2020;2022;2023;2024;2025,52.661657588537444
10,364,GO,90,100,10,15,93747512.50000003,10,8,2017;2018;2019;2020;2022;2023;2024;2025,16.000424544597912
10,364,GO,100,110,10,19,93747512.50000003,10,8,2017;2018;2019;2020;2022;2023;2024;2025,20.267204423157356
10,364,GO,110,120,10,38,62835206.25000001,10,8,2017;2018;2019;2020;2022;2023;2024;2025,60.47565094130648
10,364,GO,120,130,10,18,49587075.00000001,10,8,2017;2018;2019;2020;2022;2023;2024;2025,36.299781747562236
10,364,GO,130,140,10,21,49587075.00000001,10,8,2017;2018;2019;2020;2022;2023;2024;2025,42.349745372155944
10,364,GO,140,150,10,24,49587075.00000001,10,8,2017;2018;2019;2020;2022;2023;2024;2025,48.399708996749645
10,364,GO,150,160,10,18,44628367.5,9,8,2017;2018;2019;2020;2022;2023;2024;2025,40.33309083062471
10,364,GO,160,170,10,14,49587075.00000001,10,8,2017;2018;2019;2020;2022;2023;2024;2025,28.233163581437296
10,364,GO,170,180,10,43,49588900.00000001,10,8,2017;2018;2019;2020;2022;2023;2024;2025,86.71295390702353
10,364,GO,180,190,10,27,49590725.00000001,10,8,2017;2018;2019;2020;2022;2023;2024;2025,54.44566499078204
10,364,GO,190,200,3,17,14877217.499999998,3,8,2017;2018;2019;2020;2022;2023;2024;2025,114.26867961028333
10,364,GO,230,240,5,17,68021330.64999999,5,8,2017;2018;2019;2020;2022;2023;2024;2025,24.992160308466417
10,364,GO,240,250,10,17,139019594.00000003,10,8,2017;2018;2019;2020;2022;2023;2024;2025,12.228492049832916
10,364,GO,250,260,10,14,141625821.75000003,10,8,2017;2018;2019;2020;2022;2023;2024;2025,9.88520301383529
10,364,GO,260,270,10,32,165081871.50000003,10,8,2017;2018;2019;2020;2022;2023;2024;2025,19.384321070045534
10,364,GO,270,280,10,39,165081871.50000003,10,8,2017;2018;2019;2020;2022;2023;2024;2025,23.624641304117997
10,364,GO,280,290,10,28,165081871.50000003,10,8,2017;2018;2019;2020;2022;2023;2024;2025,16.961280936289842
10,364,GO,290,300,10,46,146811314.70000002,10,8,2017;2018;2019;2020;2022;2023;2024;2025,31.33273487401036
10,364,GO,300,310,10,42,106316287.5,10,8,2017;2018;2019;2020;2022;2023;2024;2025,39.5047654386916
10,364,GO,310,320,10,35,106305337.5,10,8,2017;2018;2019;2020;2022;2023;2024;2025,32.924028861674046
10,364,GO,320,330,10,24,96867514.25000001,10,8,2017;2018;2019;2020;2022;2023;2024;2025,24.77610805420249
10,364,GO,330,340,10,14,87429691.00000001,10,8,2017;2018;2019;2020;2022;2023;2024;2025,16.01286684176889
10,364,GO,340,350,10,5,87429691.00000001,10,8,2017;2018;2019;2020;2022;2023;2024;2025,5.71888101491746
10,364,GO,350,360,10,20,87429691.00000001,10,8,2017;2018;2019;2020;2022;2023;2024;2025,22.87552405966984
10,364,GO,360,370,10,15,87429691.00000001,10,8,2017;2018;2019;2020;2022;2023;2024;2025,17.156643044752382
10,364,GO,370,380,10,12,87429691.00000001,10,8,2017;2018;2019;2020;2022;2023;2024;2025,13.725314435801902
10,364,GO,380,390,8,48,54337122.949999996,8,8,2017;2018;2019;2020;2022;2023;2024;2025,88.33739696554913
10,364,MG,0,10,8,66,74903274.25000003,8,8,2017;2018;2019;2020;2022;2023;2024;2025,88.11363810307661
10,364,MG,10,20,10,55,108352111.50000004,10,8,2017;2018;2019;2020;2022;2023;2024;2025,50.76043211211439
10,364,MG,20,30,10,84,108352111.50000004,10,8,2017;2018;2019;2020;2022;2023;2024;2025,77.52502358941105
10,364,MG,30,40,10,91,58891709.75,10,8,2017;2018;2019;2020;2022;2023;2024;2025,154.5209001170152
10,364,MG,40,50,1,2,5583025.4,1,8,2017;2018;2019;2020;2022;2023;2024;2025,35.822871233937065
10,364,MG,60,70,4,0,25026181.2,4,8,2017;2018;2019;2020;2022;2023;2024;2025,0.0
10,364,MG,70,80,10,0,62591732.999999985,10,8,2017;2018;2019;2020;2022;2023;2024;2025,0.0
10,364,MG,80,90,10,0,62631152.999999985,10,8,2017;2018;2019;2020;2022;2023;2024;2025,0.0
10,364,MG,90,100,10,0,62631152.999999985,10,8,2017;2018;2019;2020;2022;2023;2024;2025,0.0
10,364,MG,100,110,10,0,65854102.999999985,10,8,2017;2018;2019;2020;2022;2023;2024;2025,0.0
10,364,MG,110,120,10,0,69077052.99999999,10,8,2017;2018;2019;2020;2022;2023;2024;2025,0.0
10,364,MG,120,130,10,0,69077052.99999999,10,8,2017;2018;2019;2020;2022;2023;2024;2025,0.0
10,364,MG,170,180,7,0,19186287.049999997,7,6,2017;2018;2019;2020;2024;2025,0.0
10,364,MG,180,190,9,0,20836313.349999994,9,6,2017;2018;2019;2020;2024;2025,0.0
10,364,MG,200,210,8,0,7697090.799999997,8,4,2017;2018;2019;2020,0.0
10,364,MG,210,220,10,0,9621363.499999996,10,4,2017;2018;2019;2020,0.0
10,364,MG,220,230,10,0,9621363.499999996,10,4,2017;2018;2019;2020,0.0
10,364,MG,230,240,10,0,9621363.499999996,10,4,2017;2018;2019;2020,0.0
10,364,MG,240,250,10,0,9621363.499999996,10,4,2017;2018;2019;2020,0.0
10,364,MG,250,260,10,0,9621363.499999996,10,4,2017;2018;2019;2020,0.0
10,364,MG,260,270,10,0,9621363.499999996,10,4,2017;2018;2019;2020,0.0
10,364,MG,270,280,2,0,3609820.8000000003,2,4,2017;2018;2019;2020,0.0
10,364,MT,0,10,10,89,82011360.90000002,9,7,2018;2019;2020;2022;2023;2024;2025,108.52154996979202
10,364,MT,10,20,10,63,106158972.50000001,10,8,2017;2018;2019;2020;2022;2023;2024;2025,59.34496021991922
10,364,MT,20,30,10,36,105172049.00000003,10,8,2017;2018;2019;2020;2022;2023;2024;2025,34.229626923024
10,364,MT,30,40,10,29,105172049.00000003,10,8,2017;2018;2019;2020;2022;2023;2024;2025,27.573866132435995
10,364,MT,40,50,10,42,105172049.00000003,10,8,2017;2018;2019;2020;2022;2023;2024;2025,39.93456474352799
10,364,MT,50,60,10,81,103264456.80000004,10,8,2017;2018;2019;2020;2022;2023;2024;2025,78.43938031541552
10,364,MT,60,70,10,22,97827256.20000005,10,8,2017;2018;2019;2020;2022;2023;2024;2025,22.48862009890449
10,364,MT,70,80,10,27,106599929.00000001,10,8,2017;2018;2019;2020;2022;2023;2024;2025,25.328347076103586
10,364,MT,80,90,10,14,106599929.00000001,10,8,2017;2018;2019;2020;2022;2023;2024;2025,13.133217002424079
10,364,MT,90,100,10,26,106599929.00000001,10,8,2017;2018;2019;2020;2022;2023;2024;2025,24.390260147359005
10,364,MT,100,110,10,29,106599929.00000001,10,8,2017;2018;2019;2020;2022;2023;2024;2025,27.20452093359274
10,364,MT,110,120,10,43,106607594.00000001,10,8,2017;2018;2019;2020;2022;2023;2024;2025,40.33483768520279
10,364,MT,120,130,10,22,106610879.00000001,10,8,2017;2018;2019;2020;2022;2023;2024;2025,20.63579271304948
10,364,MT,130,140,10,100,106610879.00000001,10,8,2017;2018;2019;2020;2022;2023;2024;2025,93.79905778658855
10,364,MT,140,150,10,45,106610879.00000001,10,8,2017;2018;2019;2020;2022;2023;2024;2025,42.20957600396484
10,364,MT,150,160,10,45,106610879.00000001,10,8,2017;2018;2019;2020;2022;2023;2024;2025,42.20957600396484
10,364,MT,160,170,10,52,114859514.00000003,10,8,2017;2018;2019;2020;2022;2023;2024;2025,45.27269721862134
10,364,MT,170,180,10,43,138993905.30000004,10,8,2017;2018;2019;2020;2022;2023;2024;2025,30.936608268679237
10,364,MT,180,190,10,72,166437262.5,10,8,2017;2018;2019;2020;2022;2023;2024;2025,43.25954351718564
10,364,MT,190,200,10,145,166437262.5,10,8,2017;2018;2019;2020;2022;2023;2024;2025,87.11991402766553
10,364,MT,200,210,1,33,16643726.25,1,8,2017;2018;2019;2020;2022;2023;2024;2025,198.27290778710088
10,364,MT,590,600,2,5,15770766.7,2,8,2017;2018;2019;2020;2022;2023;2024;2025,31.704229065794244
10,364,MT,600,610,10,41,78853833.50000004,10,8,2017;2018;2019;2020;2022;2023;2024;2025,51.99493566790253
10,364,MT,610,620,10,29,78853833.50000004,10,8,2017;2018;2019;2020;2022;2023;2024;2025,36.7769057163213
10,364,MT,620,630,10,23,51079713.30000001,10,8,2017;2018;2019;2020;2022;2023;2024;2025,45.02766071711682
10,364,MT,630,640,10,15,40391447.5,10,8,2017;2018;2019;2020;2022;2023;2024;2025,37.136574518652736
10,364,MT,640,650,10,4,28098886.25,10,8,2017;2018;2019;2020;2022;2023;2024;2025,14.235439669784066
10,364,MT,650,660,10,2,18959195.0,10,5,2017;2018;2019;2024;2025,10.548971092918238
10,364,MT,660,670,10,3,18959195.0,10,5,2017;2018;2019;2024;2025,15.823456639377357
10,364,MT,670,680,10,1,18959195.0,10,5,2017;2018;2019;2024;2025,5.274485546459119
10,364,MT,680,690,10,2,18959195.0,10,5,2017;2018;2019;2024;2025,10.548971092918238
10,364,MT,690,700,10,0,30256547.249999996,10,8,2017;2018;2019;2020;2022;2023;2024;2025,0.0
10,364,MT,700,710,10,4,38414899.5,10,8,2017;2018;2019;2020;2022;2023;2024;2025,10.41262648624136
10,364,MT,710,720,10,3,33355269.499999996,10,8,2017;2018;2019;2020;2022;2023;2024;2025,8.994081130119486
10,364,MT,720,730,10,1,32246399.499999996,10,6,2017;2018;2019;2020;2022;2023,3.1011214135705294
10,364,MT,730,740,10,3,32246399.499999996,10,6,2017;2018;2019;2020;2022;2023,9.30336424071159
10,364,MT,740,750,10,1,32246399.499999996,10,6,2017;2018;2019;2020;2022;2023,3.1011214135705294
10,364,MT,750,760,10,0,32018716.15,10,6,2017;2018;2019;2020;2022;2023,0.0
10,364,MT,760,770,10,0,31498405.0,10,6,2017;2018;2019;2020;2022;2023,0.0
10,364,MT,770,780,10,0,31498405.0,10,6,2017;2018;2019;2020;2022;2023,0.0
10,364,MT,780,790,10,0,31498405.0,10,6,2017;2018;2019;2020;2022;2023,0.0
10,364,MT,790,800,10,1,31498405.0,10,6,2017;2018;2019;2020;2022;2023,3.1747639285227303
10,364,MT,800,810,10,1,31498405.0,10,6,2017;2018;2019;2020;2022;2023,3.1747639285227303
10,364,MT,810,820,10,2,71044625.64999998,10,8,2017;2018;2019;2020;2022;2023;2024;2025,2.8151320127337467
10,364,MT,820,830,10,0,72331283.49999999,10,8,2017;2018;2019;2020;2022;2023;2024;2025,0.0
10,364,MT,830,840,10,1,72331283.49999999,10,8,2017;2018;2019;2020;2022;2023;2024;2025,1.382527658312603
10,364,MT,840,850,10,1,71850012.74999999,10,8,2017;2018;2019;2020;2022;2023;2024;2025,1.3917882011788512
10,364,MT,850,860,10,1,71428602.00000001,10,8,2017;2018;2019;2020;2022;2023;2024;2025,1.399999400800256
10,364,MT,860,870,10,1,71428602.00000001,10,8,2017;2018;2019;2020;2022;2023;2024;2025,1.399999400800256
10,364,MT,870,880,10,1,71428602.00000001,10,8,2017;2018;2019;2020;2022;2023;2024;2025,1.399999400800256
10,364,MT,880,890,8,2,49912903.2,8,8,2017;2018;2019;2020;2022;2023;2024;2025,4.006979902543517
10,364,MT,890,900,10,1,38569550.0,10,8,2017;2018;2019;2020;2022;2023;2024;2025,2.5927188676041073
10,364,MT,900,910,10,0,39444528.0,10,8,2017;2018;2019;2020;2022;2023;2024;2025,0.0
10,364,MT,910,920,10,1,39444528.0,10,8,2017;2018;2019;2020;2022;2023;2024;2025,2.5352058972539866
10,364,MT,920,930,10,1,39444528.0,10,8,2017;2018;2019;2020;2022;2023;2024;2025,2.5352058972539866
10,364,MT,930,940,10,0,39444528.0,10,8,2017;2018;2019;2020;2022;2023;2024;2025,0.0
10,364,MT,940,950,10,0,39444528.0,10,8,2017;2018;2019;2020;2022;2023;2024;2025,0.0
10,364,MT,950,960,10,1,39444528.0,10,8,2017;2018;2019;2020;2022;2023;2024;2025,2.5352058972539866
10,364,MT,960,970,10,0,39444528.0,10,8,2017;2018;2019;2020;2022;2023;2024;2025,0.0
10,364,MT,970,980,10,0,39444528.0,10,8,2017;2018;2019;2020;2022;2023;2024;2025,0.0
10,364,MT,980,990,10,1,37563683.0,10,8,2017;2018;2019;2020;2022;2023;2024;2025,2.662145775215918
10,364,MT,990,1000,10,0,17721370.500000004,10,6,2017;2018;2019;2020;2022;2023,0.0
10,364,MT,1000,1010,10,0,16852853.000000004,10,6,2017;2018;2019;2020;2022;2023,0.0
10,364,MT,1010,1020,10,0,16852853.000000004,10,6,2017;2018;2019;2020;2022;2023,0.0
10,364,MT,1020,1030,10,0,16852853.000000004,10,6,2017;2018;2019;2020;2022;2023,0.0
10,364,MT,1030,1040,10,0,16852853.000000004,10,6,2017;2018;2019;2020;2022;2023,0.0
10,364,MT,1040,1050,10,0,16852853.000000004,10,6,2017;2018;2019;2020;2022;2023,0.0
10,364,MT,1050,1060,10,1,16852853.000000004,10,6,2017;2018;2019;2020;2022;2023,5.933713419324311
10,364,MT,1060,1070,10,0,16852853.000000004,10,6,2017;2018;2019;2020;2022;2023,0.0
10,364,MT,1070,1080,10,0,19508228.0,10,8,2017;2018;2019;2020;2022;2023;2024;2025,0.0
10,364,MT,1080,1090,10,0,22163603.0,10,8,2017;2018;2019;2020;2022;2023;2024;2025,0.0
10,364,MT,1090,1100,10,0,22163603.0,10,8,2017;2018;2019;2020;2022;2023;2024;2025,0.0
10,364,MT,1100,1110,10,0,22163603.0,10,8,2017;2018;2019;2020;2022;2023;2024;2025,0.0
10,364,MT,1110,1120,10,0,22163603.0,10,8,2017;2018;2019;2020;2022;2023;2024;2025,0.0
10,364,MT,1120,1130,9,5,17696827.900000002,8,8,2017;2018;2019;2020;2022;2023;2024;2025,28.2536510399132
10,364,MT,1130,1140,9,5,67505786.4,9,8,2017;2018;2019;2020;2022;2023;2024;2025,7.406772465952637
10,364,MT,1140,1150,10,6,78565958.00000001,10,8,2017;2018;2019;2020;2022;2023;2024;2025,7.636895358674298
10,364,MT,1150,1160,10,7,78565958.00000001,10,8,2017;2018;2019;2020;2022;2023;2024;2025,8.909711251786682
10,364,MT,1160,1170,10,12,78565958.00000001,10,8,2017;2018;2019;2020;2022;2023;2024;2025,15.273790717348597
10,364,MT,1170,1180,10,10,78565958.00000001,10,8,2017;2018;2019;2020;2022;2023;2024;2025,12.728158931123831
10,364,MT,1180,1190,10,13,74172453.00000001,10,8,2017;2018;2019;2020;2022;2023;2024;2025,17.526722488199223
10,364,MT,1190,1200,10,6,79055459.5,10,8,2017;2018;2019;2020;2022;2023;2024;2025,7.5896086594753145
10,364,MT,1200,1210,10,11,79135577.0,10,7,2018;2019;2020;2022;2023;2024;2025,13.900195609870892
10,364,MT,1210,1220,10,2,79135577.0,10,7,2018;2019;2020;2022;2023;2024;2025,2.5273082927037986
10,364,MT,1220,1230,10,8,79135577.0,10,7,2018;2019;2020;2022;2023;2024;2025,10.109233170815195
10,364,MT,1230,1240,10,12,78420308.4,10,7,2018;2019;2020;2022;2023;2024;2025,15.302158643385289
10,364,MT,1240,1250,10,10,79135577.0,10,7,2018;2019;2020;2022;2023;2024;2025,12.636541463518993
10,364,MT,1250,1260,9,8,71222019.30000001,9,7,2018;2019;2020;2022;2023;2024;2025,11.23248130090577
10,364,RO,0,10,10,0,0.0,0,0,,
10,364,RO,10,20,10,419,42332736.5,7,5,2017;2022;2023;2024;2025,989.777733834901
10,364,RO,20,30,10,49,90070896.69999999,10,5,2017;2022;2023;2024;2025,54.40159007543222
10,364,RO,30,40,10,28,93695762.8,10,8,2017;2018;2019;2020;2022;2023;2024;2025,29.88395543538923
10,364,RO,40,50,10,45,124771599.99999994,10,8,2017;2018;2019;2020;2022;2023;2024;2025,36.06589961177065
10,364,RO,50,60,10,28,124771599.99999994,10,8,2017;2018;2019;2020;2022;2023;2024;2025,22.441004202879512
10,364,RO,60,70,10,52,124771599.99999994,10,8,2017;2018;2019;2020;2022;2023;2024;2025,41.67615066249052
10,364,RO,70,80,10,50,124771599.99999994,10,8,2017;2018;2019;2020;2022;2023;2024;2025,40.07322179085627
10,364,RO,80,90,10,34,124771599.99999994,10,8,2017;2018;2019;2020;2022;2023;2024;2025,27.249790817782262
10,364,RO,90,100,10,43,124771599.99999994,10,8,2017;2018;2019;2020;2022;2023;2024;2025,34.46297074013639
10,364,RO,100,110,10,37,121243181.49999994,10,8,2017;2018;2019;2020;2022;2023;2024;2025,30.5171800527191
10,364,RO,110,120,10,25,113010204.99999994,10,7,2018;2019;2020;2022;2023;2024;2025,22.121895982756612
10,364,RO,120,130,10,8,113010204.99999994,10,7,2018;2019;2020;2022;2023;2024;2025,7.079006714482116
10,364,RO,130,140,10,14,109339764.99999996,10,7,2018;2019;2020;2022;2023;2024;2025,12.804124830522552
10,364,RO,140,150,10,24,97579939.49999997,9,7,2018;2019;2020;2022;2023;2024;2025,24.595219184369352
10,364,RO,150,160,10,22,108422154.99999996,10,7,2018;2019;2020;2022;2023;2024;2025,20.291055827104717
10,364,RO,160,170,10,29,111920679.99999994,10,7,2018;2019;2020;2022;2023;2024;2025,25.911207830402763
10,364,RO,170,180,10,27,112309404.99999994,10,7,2018;2019;2020;2022;2023;2024;2025,24.040729269289614
10,364,RO,180,190,10,27,112309404.99999994,10,7,2018;2019;2020;2022;2023;2024;2025,24.040729269289614
10,364,RO,190,200,10,279,104295132.84999995,10,8,2017;2018;2019;2020;2022;2023;2024;2025,267.5100864018892
10,364,RO,200,210,10,103,121994997.54999998,10,8,2017;2018;2019;2020;2022;2023;2024;2025,84.42969143696664
10,364,RO,210,220,10,59,137594925.99999997,10,8,2017;2018;2019;2020;2022;2023;2024;2025,42.879488157870014
10,364,RO,220,230,10,96,126696106.29999997,10,8,2017;2018;2019;2020;2022;2023;2024;2025,75.7718629274087
10,364,RO,230,240,10,559,91584617.39999998,10,8,2017;2018;2019;2020;2022;2023;2024;2025,610.3645086581976
10,364,RO,240,250,10,154,118621131.00000006,10,8,2017;2018;2019;2020;2022;2023;2024;2025,129.82509836295517
10,364,RO,250,260,10,47,141221931.00000006,10,8,2017;2018;2019;2020;2022;2023;2024;2025,33.28094982641186
10,364,RO,260,270,10,44,141221931.00000006,10,8,2017;2018;2019;2020;2022;2023;2024;2025,31.156633880045145
10,364,RO,270,280,10,48,163693316.60000002,10,8,2017;2018;2019;2020;2022;2023;2024;2025,29.323127539343897
10,364,RO,280,290,10,36,164307962.0,10,7,2018;2019;2020;2022;2023;2024;2025,21.910076396662994
10,364,RO,290,300,10,52,164122907.0,10,7,2018;2019;2020;2022;2023;2024;2025,31.683572360803964
10,364,RO,300,310,10,118,165340149.14999998,10,7,2018;2019;2020;2022;2023;2024;2025,71.36802561666252
10,364,RO,310,320,10,55,183197733.99999997,10,7,2018;2019;2020;2022;2023;2024;2025,30.022205405662934
10,364,RO,320,330,10,35,183197733.99999997,10,7,2018;2019;2020;2022;2023;2024;2025,19.105039803603688
10,364,RO,330,340,10,134,140480480.94999996,10,7,2018;2019;2020;2022;2023;2024;2025,95.3869171672992
10,364,RO,340,350,10,485,53398689.699999996,10,4,2018;2019;2020;2022,908.2619868105116
10,364,RO,350,360,10,93,169540638.50000003,10,7,2018;2019;2020;2022;2023;2024;2025,54.85410508230449
10,364,RO,360,370,10,64,192053838.50000003,10,7,2018;2019;2020;2022;2023;2024;2025,33.32398899176388
10,364,RO,370,380,10,111,211223215.09999996,10,8,2017;2018;2019;2020;2022;2023;2024;2025,52.551041772301865
10,364,RO,380,390,10,160,213476878.4,10,8,2017;2018;2019;2020;2022;2023;2024;2025,74.94956887096771
10,364,RO,390,400,10,61,190019657.00000003,10,7,2018;2019;2020;2022;2023;2024;2025,32.10194195856273
10,364,RO,400,410,10,54,190019657.00000003,10,7,2018;2019;2020;2022;2023;2024;2025,28.418112553481766
10,364,RO,410,420,10,65,186212418.65000004,10,7,2018;2019;2020;2022;2023;2024;2025,34.90637223405185
10,364,RO,420,430,10,678,136456111.4,10,8,2017;2018;2019;2020;2022;2023;2024;2025,496.8630521886614
10,364,RO,430,440,10,146,162632290.80000004,10,8,2017;2018;2019;2020;2022;2023;2024;2025,89.77306983860056
10,364,RO,440,450,10,58,168588244.00000003,10,8,2017;2018;2019;2020;2022;2023;2024;2025,34.4033478396038
10,364,RO,450,460,10,42,168588244.00000003,10,8,2017;2018;2019;2020;2022;2023;2024;2025,24.91276912523034
10,364,RO,460,470,10,50,168588244.00000003,10,8,2017;2018;2019;2020;2022;2023;2024;2025,29.658058482417072
10,364,RO,470,480,10,42,168588244.00000003,10,8,2017;2018;2019;2020;2022;2023;2024;2025,24.91276912523034
10,364,RO,480,490,10,42,165847444.40000004,10,8,2017;2018;2019;2020;2022;2023;2024;2025,25.324478258888377
10,364,RO,490,500,10,61,164672816.00000003,10,8,2017;2018;2019;2020;2022;2023;2024;2025,37.043151068722835
10,364,RO,500,510,10,59,164672816.00000003,10,8,2017;2018;2019;2020;2022;2023;2024;2025,35.82862152548602
10,364,RO,510,520,10,238,144692497.00000006,10,8,2017;2018;2019;2020;2022;2023;2024;2025,164.48675980759384
10,364,RO,520,530,10,90,159403493.50000003,10,8,2017;2018;2019;2020;2022;2023;2024;2025,56.46049407317412
10,364,RO,530,540,10,65,159403493.50000003,10,8,2017;2018;2019;2020;2022;2023;2024;2025,40.77702349729242
10,364,RO,540,550,10,54,157967784.24999997,10,8,2017;2018;2019;2020;2022;2023;2024;2025,34.184185247885445
10,364,RO,550,560,10,35,156388009.49999997,10,7,2018;2019;2020;2022;2023;2024;2025,22.380232418010287
10,364,RO,560,570,10,45,157946106.89999998,10,7,2018;2019;2020;2022;2023;2024;2025,28.490730720251776
10,364,RO,570,580,10,51,181387041.99999994,10,8,2017;2018;2019;2020;2022;2023;2024;2025,28.1166721931548
10,364,RO,580,590,10,25,181387041.99999994,10,8,2017;2018;2019;2020;2022;2023;2024;2025,13.782682447624902
10,364,RO,590,600,10,37,181387041.99999994,10,8,2017;2018;2019;2020;2022;2023;2024;2025,20.398370022484855
10,364,RO,600,610,10,81,198777740.75,10,8,2017;2018;2019;2020;2022;2023;2024;2025,40.749029390505335
10,364,RO,610,620,10,32,243896759.50000006,10,8,2017;2018;2019;2020;2022;2023;2024;2025,13.120305520090353
10,364,RO,620,630,10,29,243896759.50000006,10,8,2017;2018;2019;2020;2022;2023;2024;2025,11.890276877581883
10,364,RO,630,640,10,40,246259039.50000006,10,8,2017;2018;2019;2020;2022;2023;2024;2025,16.243058561917273
10,364,RO,640,650,10,47,246849609.50000006,10,8,2017;2018;2019;2020;2022;2023;2024;2025,19.03993289485029
10,364,RO,650,660,10,36,246849609.50000006,10,8,2017;2018;2019;2020;2022;2023;2024;2025,14.583778387544903
10,364,RO,660,670,10,62,246849609.50000006,10,8,2017;2018;2019;2020;2022;2023;2024;2025,25.116507222994002
10,364,RO,670,680,10,44,246849609.50000006,10,8,2017;2018;2019;2020;2022;2023;2024;2025,17.82461802922155
10,364,RO,680,690,10,91,246849609.50000006,10,8,2017;2018;2019;2020;2022;2023;2024;2025,36.86455092407184
10,364,RO,690,700,6,123,138679899.45,6,8,2017;2018;2019;2020;2022;2023;2024;2025,88.69345917311307
10,364,RO,700,710,6,51,18901364.4,6,1,2017,269.82179127767097
10,364,RO,710,720,6,128,16499679.000000002,6,3,2017;2024;2025,775.7726680622089
10,364,RO,720,730,10,54,106063035.89999996,10,8,2017;2018;2019;2020;2022;2023;2024;2025,50.91311929908657
10,364,RO,730,740,10,37,88878704.49999996,10,8,2017;2018;2019;2020;2022;2023;2024;2025,41.629769704845344
10,364,RO,740,750,10,26,79697494.49999999,10,8,2017;2018;2019;2020;2022;2023;2024;2025,32.62335932028579
10,364,RO,750,760,10,29,79697494.49999999,10,8,2017;2018;2019;2020;2022;2023;2024;2025,36.38759308801107
10,364,RO,760,770,10,22,79697494.49999999,10,8,2017;2018;2019;2020;2022;2023;2024;2025,27.604380963318743
10,364,RO,770,780,10,15,79697494.49999999,10,8,2017;2018;2019;2020;2022;2023;2024;2025,18.821168838626416
10,364,RO,780,790,10,15,79697494.49999999,10,8,2017;2018;2019;2020;2022;2023;2024;2025,18.821168838626416
10,364,RO,790,800,10,20,79697494.49999999,10,8,2017;2018;2019;2020;2022;2023;2024;2025,25.094891784835227
10,364,RO,800,810,10,33,79697494.49999999,10,8,2017;2018;2019;2020;2022;2023;2024;2025,41.40657144497812
10,364,RO,810,820,10,21,71727745.05,9,8,2017;2018;2019;2020;2022;2023;2024;2025,29.277373748974423
10,364,RO,820,830,10,12,79697494.49999999,10,8,2017;2018;2019;2020;2022;2023;2024;2025,15.056935070901133
10,364,RO,830,840,10,15,79697494.49999999,10,8,2017;2018;2019;2020;2022;2023;2024;2025,18.821168838626416
10,364,RO,840,850,10,11,79697494.49999999,10,8,2017;2018;2019;2020;2022;2023;2024;2025,13.802190481659371
10,364,RO,850,860,10,14,79697494.49999999,10,8,2017;2018;2019;2020;2022;2023;2024;2025,17.566424249384657
10,364,RO,860,870,10,10,79697494.49999999,10,8,2017;2018;2019;2020;2022;2023;2024;2025,12.547445892417613
10,364,RO,870,880,10,9,71727745.05,9,8,2017;2018;2019;2020;2022;2023;2024;2025,12.54744589241761
10,364,RO,880,890,10,10,79697494.49999999,10,8,2017;2018;2019;2020;2022;2023;2024;2025,12.547445892417613
10,364,RO,890,900,10,3,79697494.49999999,10,8,2017;2018;2019;2020;2022;2023;2024;2025,3.7642337677252833
10,364,RO,900,910,10,12,79697494.49999999,10,8,2017;2018;2019;2020;2022;2023;2024;2025,15.056935070901133
10,364,RO,910,920,10,6,49455718.800000004,10,8,2017;2018;2019;2020;2022;2023;2024;2025,12.13206509901136
10,364,RO,920,930,10,6,46095521.50000001,10,8,2017;2018;2019;2020;2022;2023;2024;2025,13.016448897318579
10,364,RO,930,940,9,6,41485969.35000001,9,8,2017;2018;2019;2020;2022;2023;2024;2025,14.462720997020645
10,364,RO,940,950,10,10,46095521.50000001,10,8,2017;2018;2019;2020;2022;2023;2024;2025,21.694081495530966
10,364,RO,950,960,10,9,46095521.50000001,10,8,2017;2018;2019;2020;2022;2023;2024;2025,19.52467334597787
10,364,RO,960,970,10,6,46095521.50000001,10,8,2017;2018;2019;2020;2022;2023;2024;2025,13.016448897318579
10,364,RO,970,980,10,17,46092236.50000001,10,8,2017;2018;2019;2020;2022;2023;2024;2025,36.882566980667114
10,364,RO,980,990,10,3,46091871.50000001,10,8,2017;2018;2019;2020;2022;2023;2024;2025,6.508739832792425
10,364,RO,990,1000,10,7,46091871.50000001,10,8,2017;2018;2019;2020;2022;2023;2024;2025,15.187059609848994
10,364,RO,1000,1010,10,7,46091871.50000001,10,8,2017;2018;2019;2020;2022;2023;2024;2025,15.187059609848994
10,364,RO,1010,1020,10,9,46091871.50000001,10,8,2017;2018;2019;2020;2022;2023;2024;2025,19.526219498377277
10,364,RO,1020,1030,10,10,46091871.50000001,10,8,2017;2018;2019;2020;2022;2023;2024;2025,21.69579944264142
10,364,RO,1030,1040,10,20,46091871.50000001,10,8,2017;2018;2019;2020;2022;2023;2024;2025,43.39159888528284
10,364,RO,1040,1050,10,20,46091871.50000001,10,8,2017;2018;2019;2020;2022;2023;2024;2025,43.39159888528284
10,364,RO,1050,1060,10,10,46091871.50000001,10,8,2017;2018;2019;2020;2022;2023;2024;2025,21.69579944264142
10,364,RO,1060,1070,10,10,46091871.50000001,10,8,2017;2018;2019;2020;2022;2023;2024;2025,21.69579944264142
10,364,RO,1070,1080,10,8,46091871.50000001,10,8,2017;2018;2019;2020;2022;2023;2024;2025,17.356639554113134
10,364,RO,1080,1090,10,4,46091871.50000001,10,8,2017;2018;2019;2020;2022;2023;2024;2025,8.678319777056567
10,364,RO,1090,1100,2,0,9218374.3,2,8,2017;2018;2019;2020;2022;2023;2024;2025,0.0
10,376,MS,0,10,10,29,123689637.8,10,8,2017;2018;2019;2020;2022;2023;2024;2025,23.445779707829335
10,376,MS,10,20,10,24,129178025.99999997,10,8,2017;2018;2019;2020;2022;2023;2024;2025,18.579011263107557
10,376,MS,20,30,10,13,95043233.29999998,10,8,2017;2018;2019;2020;2022;2023;2024;2025,13.677985847731048
10,376,MS,30,40,10,34,98194563.0,10,8,2017;2018;2019;2020;2022;2023;2024;2025,34.62513499856402
10,376,MS,40,50,10,22,76459137.85000002,10,8,2017;2018;2019;2020;2022;2023;2024;2025,28.773539198362794
10,376,MS,50,60,10,17,82317150.60000001,10,8,2017;2018;2019;2020;2022;2023;2024;2025,20.65183242627934
10,376,MS,60,70,10,18,97129551.39999999,10,8,2017;2018;2019;2020;2022;2023;2024;2025,18.53195010226311
10,376,MS,70,80,10,12,74726815.0,10,8,2017;2018;2019;2020;2022;2023;2024;2025,16.05849252373462
10,376,MS,80,90,10,13,108628577.1,10,8,2017;2018;2019;2020;2022;2023;2024;2025,11.967384961723852
10,376,MS,90,100,10,11,100881437.5,10,8,2017;2018;2019;2020;2022;2023;2024;2025,10.903889033103836
10,376,MS,100,110,10,8,100881437.5,10,8,2017;2018;2019;2020;2022;2023;2024;2025,7.930101114984607
10,376,MS,110,120,10,30,93812449.65,10,8,2017;2018;2019;2020;2022;2023;2024;2025,31.978698042664316
10,376,MS,120,130,10,18,77936260.0,10,8,2017;2018;2019;2020;2022;2023;2024;2025,23.095796488053185
10,376,MS,130,140,10,21,77936260.0,10,8,2017;2018;2019;2020;2022;2023;2024;2025,26.945095902728717
10,376,MS,140,150,10,11,77949035.0,10,8,2017;2018;2019;2020;2022;2023;2024;2025,14.11178470650727
10,376,MS,150,160,10,6,77954510.0,10,8,2017;2018;2019;2020;2022;2023;2024;2025,7.696796503499285
10,376,MS,160,170,10,40,77954510.0,10,8,2017;2018;2019;2020;2022;2023;2024;2025,51.311976689995234
10,376,MS,170,180,5,11,30759663.25,5,8,2017;2018;2019;2020;2022;2023;2024;2025,35.76111971902033
10,376,PR,30,40,9,34,75898698.60000001,9,8,2017;2018;2019;2020;2022;2023;2024;2025,44.796552018877435
10,376,PR,40,50,10,45,103627719.40000004,10,8,2017;2018;2019;2020;2022;2023;2024;2025,43.424674653218304
10,376,PR,50,60,10,25,105459669.0,10,8,2017;2018;2019;2020;2022;2023;2024;2025,23.70574479993864
10,376,PR,60,70,10,20,105459669.0,10,8,2017;2018;2019;2020;2022;2023;2024;2025,18.96459583995091
10,376,PR,70,80,10,60,133950871.85,10,8,2017;2018;2019;2020;2022;2023;2024;2025,44.792541602259085
10,376,PR,80,90,10,55,194232888.49999997,10,8,2017;2018;2019;2020;2022;2023;2024;2025,28.31652271906568
10,376,PR,90,100,10,64,194232888.49999997,10,8,2017;2018;2019;2020;2022;2023;2024;2025,32.950135527640064
10,376,PR,100,110,10,165,164747210.29999998,10,8,2017;2018;2019;2020;2022;2023;2024;2025,100.15344095935811
10,376,PR,110,120,9,94,332122336.6499999,9,8,2017;2018;2019;2020;2022;2023;2024;2025,28.30282387753399
10,376,PR,120,130,7,89,248326300.94999996,7,8,2017;2018;2019;2020;2022;2023;2024;2025,35.83994110149452
10,376,PR,130,140,10,166,353072665.04999995,10,8,2017;2018;2019;2020;2022;2023;2024;2025,47.01581754466665
10,376,PR,140,150,10,122,491707866.5999999,10,8,2017;2018;2019;2020;2022;2023;2024;2025,24.8114802074635
10,376,PR,150,160,7,133,356768432.4,7,8,2017;2018;2019;2020;2022;2023;2024;2025,37.27908299097597
10,376,PR,160,170,10,503,723142526.0,10,8,2017;2018;2019;2020;2022;2023;2024;2025,69.55751901112782
10,376,PR,170,180,10,278,34595649.0,10,1,2017,803.5692580879174
10,376,PR,180,190,10,657,319477079.55,10,5,2017;2018;2019;2020;2022,205.6485557353343
10,376,PR,190,200,10,215,422613954.2500001,10,8,2017;2018;2019;2020;2022;2023;2024;2025,50.8738525639916
10,376,PR,200,210,10,167,277008391.4999999,10,8,2017;2018;2019;2020;2022;2023;2024;2025,60.28698231692381
10,376,PR,210,220,4,77,63569531.5,4,8,2017;2018;2019;2020;2022;2023;2024;2025,121.1272101321055
10,376,PR,230,240,7,58,28762989.150000006,7,5,2017;2018;2019;2020;2022,201.6480265577682
10,376,PR,240,250,10,200,104310086.89999998,10,8,2017;2018;2019;2020;2022;2023;2024;2025,191.7360112946086
10,376,PR,250,260,10,151,190381153.0,10,8,2017;2018;2019;2020;2022;2023;2024;2025,79.3145737487996
10,376,PR,260,270,10,94,206857103.35,10,8,2017;2018;2019;2020;2022;2023;2024;2025,45.4419976291329
10,376,PR,270,280,10,53,209015753.49999997,10,8,2017;2018;2019;2020;2022;2023;2024;2025,25.35694038009437
10,376,PR,280,290,10,81,199347677.29999998,10,8,2017;2018;2019;2020;2022;2023;2024;2025,40.63252760056111
10,376,PR,290,300,10,117,195154236.10000005,10,8,2017;2018;2019;2020;2022;2023;2024;2025,59.95258024532318
10,376,PR,300,310,10,292,196165892.00000003,10,8,2017;2018;2019;2020;2022;2023;2024;2025,148.85360396903246
10,376,PR,310,320,10,154,190388672.00000003,10,8,2017;2018;2019;2020;2022;2023;2024;2025,80.88716538765497
10,376,PR,320,330,10,129,181147237.00000003,10,8,2017;2018;2019;2020;2022;2023;2024;2025,71.21278918540722
10,376,PR,330,340,10,109,190388672.00000003,10,8,2017;2018;2019;2020;2022;2023;2024;2025,57.25130537178177
10,376,PR,340,350,10,130,158399940.6,10,8,2017;2018;2019;2020;2022;2023;2024;2025,82.07073784723377
10,376,PR,350,360,10,68,183123200.99999997,10,8,2017;2018;2019;2020;2022;2023;2024;2025,37.1334705972074
10,376,PR,360,370,10,65,189847230.99999997,10,8,2017;2018;2019;2020;2022;2023;2024;2025,34.2380553340807
10,376,PR,370,380,10,74,189847230.99999997,10,8,2017;2018;2019;2020;2022;2023;2024;2025,38.9787091495688
10,376,PR,380,390,10,131,257049096.49999988,10,8,2017;2018;2019;2020;2022;2023;2024;2025,50.96302682394376
10,376,PR,390,400,10,108,272568896.4999999,10,8,2017;2018;2019;2020;2022;2023;2024;2025,39.623009590164315
10,376,PR,400,410,10,112,279300781.29999995,10,8,2017;2018;2019;2020;2022;2023;2024;2025,40.1001384524233
10,376,PR,410,420,10,99,282120654.49999994,10,8,2017;2018;2019;2020;2022;2023;2024;2025,35.09136903693098
10,376,PR,420,430,10,98,265595524.04999995,10,8,2017;2018;2019;2020;2022;2023;2024;2025,36.89821217828615
10,376,PR,430,440,10,203,320507266.5,10,8,2017;2018;2019;2020;2022;2023;2024;2025,63.33709753816143
10,376,PR,440,450,10,133,348793014.50000006,10,8,2017;2018;2019;2020;2022;2023;2024;2025,38.13149761346496
10,376,PR,450,460,10,157,348793014.50000006,10,8,2017;2018;2019;2020;2022;2023;2024;2025,45.01236936326315
10,376,PR,460,470,9,106,313913713.0500001,9,8,2017;2018;2019;2020;2022;2023;2024;2025,33.767240994379996
10,376,PR,480,490,8,62,190057836.0,8,3,2017;2018;2019,32.62164891743795
10,376,PR,490,500,10,349,325328945.70000005,9,5,2017;2018;2019;2020;2022,107.27603695056021
10,376,PR,500,510,10,211,435988649.2500001,10,8,2017;2018;2019;2020;2022;2023;2024;2025,48.39575533972457
10,376,PR,510,520,10,103,573509206.5000001,10,7,2018;2019;2020;2022;2023;2024;2025,17.959607070405415
10,376,PR,520,530,10,118,573509206.5000001,10,7,2018;2019;2020;2022;2023;2024;2025,20.575083828231442
10,376,PR,530,540,10,105,573514681.5000001,10,7,2018;2019;2020;2022;2023;2024;2025,18.308162526088704
10,376,PR,540,550,8,82,458821965.2000001,8,7,2018;2019;2020;2022;2023;2024;2025,17.871855800159057
10,376,PR,550,560,4,0,27650940.0,4,2,2024;2025,0.0
10,376,PR,560,570,5,1,34563675.0,5,2,2024;2025,2.8932108637174725
10,376,PR,610,620,1,57,106856589.7,1,8,2017;2018;2019;2020;2022;2023;2024;2025,53.34252212243304
10,376,PR,620,630,10,348,1068565896.9999996,10,8,2017;2018;2019;2020;2022;2023;2024;2025,32.56701350632755
10,376,PR,630,640,10,263,1068565896.9999996,10,8,2017;2018;2019;2020;2022;2023;2024;2025,24.6124268740349
10,376,PR,640,650,10,200,1032712877.7499999,10,8,2017;2018;2019;2020;2022;2023;2024;2025,19.366467128379917
10,376,PR,650,660,10,562,953642398.5,10,8,2017;2018;2019;2020;2022;2023;2024;2025,58.93194355494042
10,376,PR,660,670,10,725,953642398.5,10,8,2017;2018;2019;2020;2022;2023;2024;2025,76.02430440806371
10,376,PR,670,680,10,399,953642398.5,10,8,2017;2018;2019;2020;2022;2023;2024;2025,41.839582701817136
10,376,PR,680,690,5,45,386228279.54999995,5,8,2017;2018;2019;2020;2022;2023;2024;2025,11.651140629171467
10,381,MG,140,150,4,0,43163615.199999996,4,5,2017;2018;2019;2020;2022,0.0
10,381,MG,150,160,10,145,176291499.65000004,10,8,2017;2018;2019;2020;2022;2023;2024;2025,82.25013701050558
10,381,MG,160,170,10,114,229550033.00000015,10,8,2017;2018;2019;2020;2022;2023;2024;2025,49.662375783670626
10,381,MG,170,180,10,79,229550033.00000015,10,8,2017;2018;2019;2020;2022;2023;2024;2025,34.415155148333156
10,381,MG,180,190,10,74,229550033.00000015,10,8,2017;2018;2019;2020;2022;2023;2024;2025,32.23698077185637
10,381,MG,190,200,10,70,203661615.95000005,10,8,2017;2018;2019;2020;2022;2023;2024;2025,34.37073779144783
10,381,MG,200,210,10,48,165445666.99999997,10,8,2017;2018;2019;2020;2022;2023;2024;2025,29.01254585289321
10,381,MG,210,220,10,88,171271067.0,10,8,2017;2018;2019;2020;2022;2023;2024;2025,51.380540532278
10,381,MG,220,230,10,71,206647330.55,10,8,2017;2018;2019;2020;2022;2023;2024;2025,34.35805331287401
10,381,MG,230,240,10,77,215191407.5,10,8,2017;2018;2019;2020;2022;2023;2024;2025,35.7820978516533
10,381,MG,240,250,10,103,172778801.7,10,8,2017;2018;2019;2020;2022;2023;2024;2025,59.613794624436274
10,381,MG,250,260,10,38,137467015.4,10,5,2017;2018;2019;2020;2022,27.6429948591144
10,381,MG,260,270,10,109,157097543.95,10,8,2017;2018;2019;2020;2022;2023;2024;2025,69.38364360087758
10,381,MG,270,280,10,82,219963271.50000003,10,7,2018;2019;2020;2022;2023;2024;2025,37.278950908856615
10,381,MG,280,290,10,82,180933825.15,10,7,2018;2019;2020;2022;2023;2024;2025,45.32043686802031
10,381,MG,290,300,10,103,122118338.34999998,10,7,2018;2019;2020;2022;2023;2024;2025,84.3444165648525
10,381,MG,300,310,10,78,79817068.49999997,10,7,2018;2019;2020;2022;2023;2024;2025,97.72345873614742
10,381,MG,310,320,10,104,139573408.49999997,10,7,2018;2019;2020;2022;2023;2024;2025,74.51276078852801
10,381,MG,320,330,10,78,61401354.84999999,10,5,2018;2019;2020;2022;2023,127.0330275130729
10,381,MG,330,340,10,197,57106805.0,10,5,2018;2019;2020;2022;2023,344.96764439894685
10,381,MG,340,350,10,375,115312351.25000001,10,8,2017;2018;2019;2020;2022;2023;2024;2025,325.20367153644344
10,381,MG,350,360,10,361,258116564.55000007,10,8,2017;2018;2019;2020;2022;2023;2024;2025,139.85929211066588
10,381,MG,360,370,10,396,277772701.5,10,8,2017;2018;2019;2020;2022;2023;2024;2025,142.56260527458636
10,381,MG,370,380,10,187,272589365.70000005,10,8,2017;2018;2019;2020;2022;2023;2024;2025,68.60135556638113
10,381,MG,380,390,10,171,298416269.29999995,10,8,2017;2018;2019;2020;2022;2023;2024;2025,57.302505792032576
10,381,MG,390,400,10,128,404432541.4,10,8,2017;2018;2019;2020;2022;2023;2024;2025,31.649283105882144
10,381,MG,400,410,10,202,460975034.4999999,10,8,2017;2018;2019;2020;2022;2023;2024;2025,43.820160503724644
10,381,MG,410,420,10,171,534050589.4999999,10,8,2017;2018;2019;2020;2022;2023;2024;2025,32.01943848804609
10,381,MG,420,430,10,282,528768535.79999983,10,8,2017;2018;2019;2020;2022;2023;2024;2025,53.331463751591876
10,381,MG,430,440,10,361,563904738.8500001,10,8,2017;2018;2019;2020;2022;2023;2024;2025,64.01790499867155
10,381,MG,440,450,10,506,516022838.00000006,10,8,2017;2018;2019;2020;2022;2023;2024;2025,98.05767550156374
10,381,MG,450,460,1,31,44648121.3,1,6,2017;2018;2019;2020;2022;2023,69.43181280059818
10,381,MG,490,500,7,897,677865714.1,7,8,2017;2018;2019;2020;2022;2023;2024;2025,132.32709389808036
10,381,MG,500,510,9,881,883230237.55,9,8,2017;2018;2019;2020;2022;2023;2024;2025,99.7474908064531
10,381,MG,510,520,10,581,839345933.5000001,10,8,2017;2018;2019;2020;2022;2023;2024;2025,69.22056530104103
10,381,MG,520,530,10,635,773437653.5500001,10,8,2017;2018;2019;2020;2022;2023;2024;2025,82.10099380155785
10,381,MG,530,540,10,473,535383715.5000001,10,8,2017;2018;2019;2020;2022;2023;2024;2025,88.34784964616652
10,381,MG,540,550,10,230,518844981.5000002,10,8,2017;2018;2019;2020;2022;2023;2024;2025,44.32923285391745
10,381,MG,550,560,9,163,465017953.35000014,9,8,2017;2018;2019;2020;2022;2023;2024;2025,35.05241008992109
10,381,MG,560,570,10,231,447594776.9000001,10,8,2017;2018;2019;2020;2022;2023;2024;2025,51.60918132241949
10,381,MG,570,580,10,193,405824885.00000006,10,8,2017;2018;2019;2020;2022;2023;2024;2025,47.55745818790781
10,381,MG,580,590,10,209,432809408.0,10,8,2017;2018;2019;2020;2022;2023;2024;2025,48.2891536405789
10,381,MG,590,600,10,178,457979589.0000001,10,8,2017;2018;2019;2020;2022;2023;2024;2025,38.86636091985312
10,381,MG,600,610,10,149,457979589.0000001,10,8,2017;2018;2019;2020;2022;2023;2024;2025,32.53420099470851
10,381,MG,610,620,10,207,412865654.70000005,10,8,2017;2018;2019;2020;2022;2023;2024;2025,50.13737462623577
10,381,MG,620,630,10,164,428877518.5,10,8,2017;2018;2019;2020;2022;2023;2024;2025,38.23935574277485
10,381,MG,630,640,10,238,428134780.0,10,8,2017;2018;2019;2020;2022;2023;2024;2025,55.589970989976564
10,381,MG,640,650,10,159,429417101.6500001,10,8,2017;2018;2019;2020;2022;2023;2024;2025,37.02693707098658
10,381,MG,650,660,10,221,453983277.00000024,10,8,2017;2018;2019;2020;2022;2023;2024;2025,48.68020722269906
10,381,MG,660,670,10,154,453884727.00000024,10,8,2017;2018;2019;2020;2022;2023;2024;2025,33.929319679443616
10,381,MG,670,680,10,332,475538381.20000005,10,8,2017;2018;2019;2020;2022;2023;2024;2025,69.81560545380431
10,381,MG,680,690,4,109,179919895.30000004,4,8,2017;2018;2019;2020;2022;2023;2024;2025,60.58251635721132
10,381,MG,690,700,10,163,476608094.0,10,8,2017;2018;2019;2020;2022;2023;2024;2025,34.20000668305897
10,381,MG,700,710,10,322,491302884.5,10,8,2017;2018;2019;2020;2022;2023;2024;2025,65.54001821660381
10,381,MG,710,720,10,169,503978013.2,10,8,2017;2018;2019;2020;2022;2023;2024;2025,33.53320890467767
10,381,MG,720,730,10,362,540796920.9999999,10,8,2017;2018;2019;2020;2022;2023;2024;2025,66.93825092987171
10,381,MG,730,740,10,205,546974253.9999999,10,8,2017;2018;2019;2020;2022;2023;2024;2025,37.478912124445266
10,381,MG,740,750,10,176,538701565.5,10,8,2017;2018;2019;2020;2022;2023;2024;2025,32.671150646581886
10,381,MG,750,760,10,204,553239654.2000002,10,8,2017;2018;2019;2020;2022;2023;2024;2025,36.87371258573098
10,381,MG,760,770,10,188,544788557.3500001,10,8,2017;2018;2019;2020;2022;2023;2024;2025,34.50880116030395
10,381,MG,770,780,10,185,513807762.5,10,8,2017;2018;2019;2020;2022;2023;2024;2025,36.00568412977218
10,381,MG,780,790,10,148,523023694.95,10,8,2017;2018;2019;2020;2022;2023;2024;2025,28.29699713970865
10,381,MG,790,800,10,209,550408568.1999998,10,8,2017;2018;2019;2020;2022;2023;2024;2025,37.971792605535256
10,381,MG,800,810,10,136,557926892.95,10,8,2017;2018;2019;2020;2022;2023;2024;2025,24.375953501884332
10,381,MG,810,820,10,189,593700459.0,10,8,2017;2018;2019;2020;2022;2023;2024;2025,31.834235115523132
10,381,MG,820,830,10,150,657783348.4,10,8,2017;2018;2019;2020;2022;2023;2024;2025,22.80386093154559
10,381,MG,830,840,10,179,661992214.5,10,8,2017;2018;2019;2020;2022;2023;2024;2025,27.039592925605323
10,381,MG,840,850,10,212,651000637.3499999,10,8,2017;2018;2019;2020;2022;2023;2024;2025,32.56525229575492
10,381,MG,850,860,10,238,555936828.9999999,10,7,2018;2019;2020;2022;2023;2024;2025,42.810619405824625
10,381,MG,860,870,10,176,555936828.9999999,10,7,2018;2019;2020;2022;2023;2024;2025,31.658273174055186
10,381,MG,870,880,10,230,556481190.0,10,7,2018;2019;2020;2022;2023;2024;2025,41.3311364576402
10,381,MG,880,890,10,238,542488842.0,10,7,2018;2019;2020;2022;2023;2024;2025,43.87187008723767
10,381,MG,890,900,10,214,603446010.0999999,10,7,2018;2019;2020;2022;2023;2024;2025,35.46299029544284
10,381,MG,900,910,10,336,623270240.5000001,10,7,2018;2019;2020;2022;2023;2024;2025,53.90919992112152
10,381,MG,910,920,10,172,610050272.65,10,7,2018;2019;2020;2022;2023;2024;2025,28.19439769329968
10,381,MG,920,930,10,466,512100693.9999998,10,6,2018;2019;2020;2022;2024;2025,90.9977286615433
10,381,MG,930,940,10,491,355303048.65,10,7,2017;2018;2019;2020;2022;2024;2025,138.1918905186968
10,381,MG,940,950,2,84,84837347.85000001,2,5,2017;2018;2019;2020;2022,99.01299619658018
10,381,SP,0,10,10,207,879708863.5499997,10,8,2017;2018;2019;2020;2022;2023;2024;2025,23.53051203379569
10,381,SP,10,20,10,179,813527392.0500001,10,7,2017;2018;2019;2020;2022;2024;2025,22.002946888971934
10,381,SP,20,30,10,221,761445052.9500002,10,6,2018;2019;2020;2022;2024;2025,29.023762009326735
10,381,SP,30,40,10,360,788940572.3000002,10,5,2017;2018;2019;2020;2022,45.63081335144055
10,381,SP,40,50,10,269,1059165285.5000004,10,5,2017;2018;2019;2020;2022,25.397358059465958
10,381,SP,50,60,10,495,1175709785.5000002,10,7,2017;2018;2019;2020;2022;2024;2025,42.10222676589264
10,381,SP,60,70,10,680,1372279696.0000005,10,8,2017;2018;2019;2020;2022;2023;2024;2025,49.55258042380886
10,381,SP,70,80,10,599,1394032856.5000005,10,6,2017;2018;2019;2020;2022;2023,42.9688581016598
10,381,SP,80,90,1,22,139403285.65,1,6,2017;2018;2019;2020;2022;2023,15.78155055486671
20,050,GO,120,140,15,57,193802626.50000012,15,8,2017;2018;2019;2020;2022;2023;2024;2025,29.411366104473288
20,050,GO,140,160,20,94,237112672.40000013,19,8,2017;2018;2019;2020;2022;2023;2024;2025,39.64360025491406
20,050,GO,160,180,20,92,213692359.79999995,19,8,2017;2018;2019;2020;2022;2023;2024;2025,43.052545297410305
20,050,GO,180,200,20,78,224942783.99999994,20,8,2017;2018;2019;2020;2022;2023;2024;2025,34.675484411182545
20,050,GO,200,220,20,77,228998824.60000005,20,8,2017;2018;2019;2020;2022;2023;2024;2025,33.62462673531119
20,050,GO,220,240,20,82,237985913.00000012,20,8,2017;2018;2019;2020;2022;2023;2024;2025,34.45582092079541
20,050,GO,240,260,20,136,251470838.0000001,20,8,2017;2018;2019;2020;2022;2023;2024;2025,54.0818176300824
20,050,GO,260,280,10,106,151456074.75,10,8,2017;2018;2019;2020;2022;2023;2024;2025,69.98728850920521
20,050,GO,280,300,20,243,332960829.25,20,8,2017;2018;2019;2020;2022;2023;2024;2025,72.98155778484865
20,050,GO,300,320,14,74,246145743.50000003,14,8,2017;2018;2019;2020;2022;2023;2024;2025,30.06348960082667
20,050,MG,0,20,20,158,7435838.4,1,3,2018;2022;2023,2124.844456006467
20,050,MG,20,40,13,269,139133831.70000002,13,7,2017;2018;2020;2022;2023;2024;2025,193.33902956113295
20,050,MG,40,60,18,72,12426096.5,2,1,2017,579.4257271380437
20,050,MG,60,80,12,342,257512606.34999996,10,8,2017;2018;2019;2020;2022;2023;2024;2025,132.80903208877024
20,050,MG,80,100,19,231,724173227.6000003,19,8,2017;2018;2019;2020;2022;2023;2024;2025,31.89844517803601
20,050,MG,100,120,20,264,762421928.0000004,20,8,2017;2018;2019;2020;2022;2023;2024;2025,34.62649620958959
20,050,MG,120,140,20,231,732014197.7500002,20,8,2017;2018;2019;2020;2022;2023;2024;2025,31.556764979426237
20,050,MG,140,160,20,255,674544893.0000001,20,7,2018;2019;2020;2022;2023;2024;2025,37.80326597180241
20,050,MG,160,180,19,781,558243132.5999998,19,8,2017;2018;2019;2020;2022;2023;2024;2025,139.90319887367303
20,050,MG,180,200,20,408,891447818.3499999,20,8,2017;2018;2019;2020;2022;2023;2024;2025,45.76824258263103
20,050,MG,200,220,7,110,303446129.9,7,8,2017;2018;2019;2020;2022;2023;2024;2025,36.250256358929434
20,101,AL,0,20,20,121,244433415.35000008,18,8,2017;2018;2019;2020;2022;2023;2024;2025,49.50223349239798
20,101,AL,20,40,20,153,290398102.60000014,18,8,2017;2018;2019;2020;2022;2023;2024;2025,52.68629465211937
20,101,AL,40,60,20,243,374814236.8000001,20,8,2017;2018;2019;2020;2022;2023;2024;2025,64.83211579011183
20,101,AL,60,80,20,211,747496501.3000001,20,8,2017;2018;2019;2020;2022;2023;2024;2025,28.227556869235073
20,101,AL,80,100,20,117,192584271.10000002,20,8,2017;2018;2019;2020;2022;2023;2024;2025,60.752624984232156
20,101,AL,100,120,20,203,331661009.5,20,8,2017;2018;2019;2020;2022;2023;2024;2025,61.20707414659184
20,101,AL,120,140,20,327,262102390.1,20,8,2017;2018;2019;2020;2022;2023;2024;2025,124.7604037014846
20,101,AL,140,160,20,152,394990809.0,20,8,2017;2018;2019;2020;2022;2023;2024;2025,38.481908068903955
20,101,AL,160,180,20,165,329262678.4499999,20,8,2017;2018;2019;2020;2022;2023;2024;2025,50.11196555186136
20,101,AL,180,200,20,230,307507535.9999999,20,8,2017;2018;2019;2020;2022;2023;2024;2025,74.79491494478368
20,101,AL,200,220,20,168,478771230.0000002,20,8,2017;2018;2019;2020;2022;2023;2024;2025,35.089827765966625
20,101,AL,220,240,20,95,399132299.74999994,20,8,2017;2018;2019;2020;2022;2023;2024;2025,23.8016317044509
20,101,AL,240,260,8,70,138886409.15000004,8,8,2017;2018;2019;2020;2022;2023;2024;2025,50.400899863714265
20,101,BA,0,20,20,108,265712254.69999993,20,8,2017;2018;2019;2020;2022;2023;2024;2025,40.64547196813953
20,101,BA,20,40,20,118,281641022.59999985,20,8,2017;2018;2019;2020;2022;2023;2024;2025,41.89730562354522
20,101,BA,40,60,20,64,301510658.9999999,20,7,2018;2019;2020;2022;2023;2024;2025,21.226446923058873
20,101,BA,60,80,20,113,280224056.09999985,20,8,2017;2018;2019;2020;2022;2023;2024;2025,40.32487487786387
20,101,BA,80,100,17,60,260033431.39999992,17,8,2017;2018;2019;2020;2022;2023;2024;2025,23.07395617439059
20,101,BA,100,120,13,136,284139757.85,13,8,2017;2018;2019;2020;2022;2023;2024;2025,47.86376993810055
20,101,BA,120,140,20,110,358509642.99999994,20,8,2017;2018;2019;2020;2022;2023;2024;2025,30.682577762629393
20,101,BA,140,160,20,102,374991228.9499999,20,8,2017;2018;2019;2020;2022;2023;2024;2025,27.200636208373915
20,101,BA,160,180,20,245,297661215.7,20,8,2017;2018;2019;2020;2022;2023;2024;2025,82.30833816351976
20,101,BA,180,200,20,182,337114795.6999999,20,8,2017;2018;2019;2020;2022;2023;2024;2025,53.987544397773235
20,101,BA,200,220,20,246,450168326.2,20,8,2017;2018;2019;2020;2022;2023;2024;2025,54.64622579659404
20,101,BA,220,240,20,221,460399480.5999998,20,8,2017;2018;2019;2020;2022;2023;2024;2025,48.00179177265564
20,101,BA,240,260,20,193,440637384.15000015,20,8,2017;2018;2019;2020;2022;2023;2024;2025,43.80018739724082
20,101,BA,260,280,20,291,229878806.75000006,20,8,2017;2018;2019;2020;2022;2023;2024;2025,126.58844202043863
20,101,BA,280,300,20,110,243101190.8999999,20,8,2017;2018;2019;2020;2022;2023;2024;2025,45.248647113887934
20,101,BA,300,320,20,62,227242327.79999992,20,8,2017;2018;2019;2020;2022;2023;2024;2025,27.283649397645373
20,101,BA,320,340,20,107,199603432.8,20,8,2017;2018;2019;2020;2022;2023;2024;2025,53.6062924865689
20,101,BA,340,360,20,126,186412927.75000012,20,7,2018;2019;2020;2022;2023;2024;2025,67.59187869683566
20,101,BA,360,380,20,170,162943354.74999994,20,8,2017;2018;2019;2020;2022;2023;2024;2025,104.33073521827687
20,101,BA,380,400,20,106,168596295.89999995,20,8,2017;2018;2019;2020;2022;2023;2024;2025,62.87208116533718
20,101,BA,400,420,20,62,191384902.99999997,20,8,2017;2018;2019;2020;2022;2023;2024;2025,32.39544970796365
20,101,BA,420,440,20,142,182891342.05000004,20,8,2017;2018;2019;2020;2022;2023;2024;2025,77.64172891310466
20,101,BA,440,460,19,107,211840214.75000003,19,8,2017;2018;2019;2020;2022;2023;2024;2025,50.5097675275086
20,101,BA,460,480,20,112,201394589.99999997,20,8,2017;2018;2019;2020;2022;2023;2024;2025,55.61221877906453
20,101,BA,480,500,20,148,305452545.8500001,20,8,2017;2018;2019;2020;2022;2023;2024;2025,48.45269813946125
20,101,BA,500,520,16,239,223542373.90000004,16,8,2017;2018;2019;2020;2022;2023;2024;2025,106.91485279963736
20,101,BA,520,540,20,173,244359798.5,20,8,2017;2018;2019;2020;2022;2023;2024;2025,70.79724286153396
20,101,BA,540,560,19,99,221494191.0,19,8,2017;2018;2019;2020;2022;2023;2024;2025,44.696431790393994
20,101,BA,560,580,20,82,265428167.90000007,20,8,2017;2018;2019;2020;2022;2023;2024;2025,30.8934807668542
20,101,BA,580,600,20,84,233424639.39999995,20,8,2017;2018;2019;2020;2022;2023;2024;2025,35.98591828862434
20,101,BA,600,620,20,93,232759039.9999998,20,8,2017;2018;2019;2020;2022;2023;2024;2025,39.955483576491844
20,101,BA,620,640,20,54,242654938.24999985,20,8,2017;2018;2019;2020;2022;2023;2024;2025,22.25382281087784
20,101,BA,640,660,20,77,263550242.9000001,20,8,2017;2018;2019;2020;2022;2023;2024;2025,29.216440536242043
20,101,BA,660,680,20,183,285029412.49999994,20,8,2017;2018;2019;2020;2022;2023;2024;2025,64.20390036063385
20,101,BA,680,700,20,130,604465841.9999998,20,8,2017;2018;2019;2020;2022;2023;2024;2025,21.506591599927006
20,101,BA,700,720,20,441,522609262.9999997,20,8,2017;2018;2019;2020;2022;2023;2024;2025,84.38426779281947
20,101,BA,720,740,20,202,305632312.00000024,20,8,2017;2018;2019;2020;2022;2023;2024;2025,66.09248828376491
20,101,BA,740,760,20,176,265332917.50000018,20,8,2017;2018;2019;2020;2022;2023;2024;2025,66.33176224732836
20,101,BA,760,780,20,66,241318801.00000015,20,8,2017;2018;2019;2020;2022;2023;2024;2025,27.349713211943214
20,101,BA,780,800,20,94,234196318.75000015,20,8,2017;2018;2019;2020;2022;2023;2024;2025,40.13726624812711
20,101,BA,800,820,20,193,216145765.70000005,20,8,2017;2018;2019;2020;2022;2023;2024;2025,89.29159420493795
20,101,BA,820,840,20,119,244492695.0,20,8,2017;2018;2019;2020;2022;2023;2024;2025,48.67221084049157
20,101,BA,840,860,20,135,249625325.0,20,8,2017;2018;2019;2020;2022;2023;2024;2025,54.08105127154066
20,101,BA,860,880,20,322,309803988.25000006,20,8,2017;2018;2019;2020;2022;2023;2024;2025,103.93668648970335
20,101,BA,880,900,20,245,351758968.00000036,20,8,2017;2018;2019;2020;2022;2023;2024;2025,69.64996554117698
20,101,BA,900,920,20,160,351758968.00000036,20,8,2017;2018;2019;2020;2022;2023;2024;2025,45.48569178199313
20,101,BA,920,940,20,177,319361922.05000025,20,8,2017;2018;2019;2020;2022;2023;2024;2025,55.42301313313374
20,101,BA,940,960,16,108,208062847.9999998,16,8,2017;2018;2019;2020;2022;2023;2024;2025,51.90739290466701
20,101,ES,0,20,20,571,61654409.35000002,17,8,2017;2018;2019;2020;2022;2023;2024;2025,926.1300303090161
20,101,ES,20,40,20,276,290515975.7000001,20,8,2017;2018;2019;2020;2022;2023;2024;2025,95.00338125467154
20,101,ES,40,60,20,192,380676166.00000006,20,8,2017;2018;2019;2020;2022;2023;2024;2025,50.43656975362097
20,101,ES,60,80,20,850,400767795.40000015,20,8,2017;2018;2019;2020;2022;2023;2024;2025,212.09289013645122
20,101,ES,80,100,20,268,437598113.09999996,20,8,2017;2018;2019;2020;2022;2023;2024;2025,61.243408501342564
20,101,ES,100,120,20,257,402910870.9999998,20,8,2017;2018;2019;2020;2022;2023;2024;2025,63.78581927118072
20,101,ES,120,140,19,513,354004046.49999994,19,8,2017;2018;2019;2020;2022;2023;2024;2025,144.91359776024484
20,101,ES,140,160,20,1731,369081981.15,19,8,2017;2018;2019;2020;2022;2023;2024;2025,469.0014924615076
20,101,ES,160,180,20,398,590554743.0000002,20,8,2017;2018;2019;2020;2022;2023;2024;2025,67.39426017953426
20,101,ES,180,200,20,264,499744213.95000005,19,8,2017;2018;2019;2020;2022;2023;2024;2025,52.82702483203007
20,101,ES,200,220,20,582,583554641.6,20,8,2017;2018;2019;2020;2022;2023;2024;2025,99.73359108313534
20,101,ES,220,240,20,462,742691159.4999999,19,8,2017;2018;2019;2020;2022;2023;2024;2025,62.206206993366
20,101,ES,240,260,20,817,713230513.0,20,8,2017;2018;2019;2020;2022;2023;2024;2025,114.5492214800967
20,101,ES,260,280,20,465,64125134.5,20,1,2017,725.1446778641844
20,101,ES,280,300,20,279,55106703.54999999,19,1,2017,506.29049104135726
20,101,ES,300,320,20,574,551674943.0000004,20,8,2017;2018;2019;2020;2022;2023;2024;2025,104.04677741544617
20,101,ES,320,340,20,329,699239278.2500004,20,8,2017;2018;2019;2020;2022;2023;2024;2025,47.05113259990123
20,101,ES,340,360,20,293,699048036.5000001,20,8,2017;2018;2019;2020;2022;2023;2024;2025,41.91414390733361
20,101,ES,360,380,20,324,612740910.3000001,20,8,2017;2018;2019;2020;2022;2023;2024;2025,52.87716138316413
20,101,ES,380,400,20,398,650127655.9000002,20,8,2017;2018;2019;2020;2022;2023;2024;2025,61.21874625515371
20,101,ES,400,420,20,236,450203479.35000014,20,8,2017;2018;2019;2020;2022;2023;2024;2025,52.42074102597669
20,101,ES,420,440,20,222,451472690.2000002,20,8,2017;2018;2019;2020;2022;2023;2024;2025,49.17240949871299
20,101,ES,440,460,20,181,452762764.45000005,20,8,2017;2018;2019;2020;2022;2023;2024;2025,39.976785683750364
20,101,ES,460,480,3,13,42712066.400000006,3,8,2017;2018;2019;2020;2022;2023;2024;2025,30.436363996662074
20,101,PB,0,20,20,177,613625392.9,20,8,2017;2018;2019;2020;2022;2023;2024;2025,28.844960141479177
20,101,PB,20,40,20,199,671211859.0000001,20,8,2017;2018;2019;2020;2022;2023;2024;2025,29.64786711255052
20,101,PB,40,60,20,311,917579486.0000006,20,8,2017;2018;2019;2020;2022;2023;2024;2025,33.8935214600035
20,101,PB,60,80,20,329,877127160.1500003,19,8,2017;2018;2019;2020;2022;2023;2024;2025,37.508814565009786
20,101,PB,80,100,20,1731,628215771.5,19,8,2017;2018;2019;2020;2022;2023;2024;2025,275.5422704315216
20,101,PB,100,120,20,367,1025415268.5000007,20,8,2017;2018;2019;2020;2022;2023;2024;2025,35.79037793506385
20,101,PB,120,140,8,204,377119014.69999987,8,8,2017;2018;2019;2020;2022;2023;2024;2025,54.09432885856553
20,101,PE,0,20,20,266,610881790.1,17,5,2017;2022;2023;2024;2025,43.543612579523185
20,101,PE,20,40,20,281,945957148.3,20,5,2017;2022;2023;2024;2025,29.705362500298367
20,101,PE,40,60,20,941,222656705.05000007,20,3,2017;2022;2023,422.6236976733702
20,101,PE,60,80,20,327,66513121.44999998,20,1,2017,491.63231685918737
20,101,PE,80,100,20,233,16875410.0,8,1,2017,1380.7071946696408
20,101,PE,100,120,18,303,376612504.20000017,18,8,2017;2018;2019;2020;2022;2023;2024;2025,80.45404669811276
20,101,PE,120,140,20,250,500044130.8,20,8,2017;2018;2019;2020;2022;2023;2024;2025,49.995587309471134
20,101,PE,140,160,20,168,541740205.1000003,20,8,2017;2018;2019;2020;2022;2023;2024;2025,31.011174437198868
20,101,PE,160,180,20,137,554323310.0,20,8,2017;2018;2019;2020;2022;2023;2024;2025,24.714818505467505
20,101,PE,180,200,20,185,376181289.55000013,20,8,2017;2018;2019;2020;2022;2023;2024;2025,49.178416135821855
20,101,PE,200,220,14,70,207509380.25000006,14,7,2018;2019;2020;2022;2023;2024;2025,33.733414805473586
20,101,RJ,0,20,20,121,317999731.1,20,8,2017;2018;2019;2020;2022;2023;2024;2025,38.0503466406862
20,101,RJ,20,40,20,105,335925662.2,20,8,2017;2018;2019;2020;2022;2023;2024;2025,31.256915387871192
20,101,RJ,40,60,20,633,219242297.94999987,20,8,2017;2018;2019;2020;2022;2023;2024;2025,288.72165905885606
20,101,RJ,60,80,16,732,490419766.9999998,16,8,2017;2018;2019;2020;2022;2023;2024;2025,149.2598890289021
20,101,RJ,80,100,20,363,707709742.0000002,20,8,2017;2018;2019;2020;2022;2023;2024;2025,51.292214654860565
20,101,RJ,100,120,20,193,707693317.0000002,20,8,2017;2018;2019;2020;2022;2023;2024;2025,27.27170023565447
20,101,RJ,120,140,20,140,659194150.0499998,19,8,2017;2018;2019;2020;2022;2023;2024;2025,21.238052550888234
20,101,RJ,140,160,20,174,501409862.25,20,8,2017;2018;2019;2020;2022;2023;2024;2025,34.70214949885542
20,101,RJ,160,180,20,152,538311552.0500002,19,8,2017;2018;2019;2020;2022;2023;2024;2025,28.23643658048076
20,101,RJ,180,200,20,275,827558641.7500004,20,8,2017;2018;2019;2020;2022;2023;2024;2025,33.23027349680865
20,101,RJ,200,220,20,324,970716244.4000002,20,8,2017;2018;2019;2020;2022;2023;2024;2025,33.377416095500124
20,101,RJ,220,240,20,242,944091976.4000003,20,8,2017;2018;2019;2020;2022;2023;2024;2025,25.633095720481744
20,101,RJ,240,260,20,267,978390238.0000007,20,8,2017;2018;2019;2020;2022;2023;2024;2025,27.28972445041912
20,101,RJ,260,280,20,855,1559112224.1000004,20,8,2017;2018;2019;2020;2022;2023;2024;2025,54.83890041934281
20,101,RJ,280,300,20,913,1407135199.4499996,20,6,2017;2018;2019;2020;2022;2023,64.88360182851372
20,101,RJ,300,320,20,1411,2273016183.999998,20,6,2017;2018;2019;2020;2022;2023,62.0761088254531
20,101,RJ,320,340,15,1827,5091000103.85,15,8,2017;2018;2019;2020;2022;2023;2024;2025,35.886858431182425
20,101,RJ,340,360,13,0,106817326.65000002,13,1,2017,0.0
20,101,RJ,360,380,20,0,136609166.85000005,19,1,2017,0.0
20,101,RJ,380,400,18,538,417238668.60000014,18,5,2017;2022;2023;2024;2025,128.94298646987866
20,101,RJ,400,420,20,594,921929300.4999998,19,6,2017;2018;2019;2020;2022;2023,64.43010322785594
20,101,RJ,420,440,20,561,1024721235.6000003,20,8,2017;2018;2019;2020;2022;2023;2024;2025,54.74659648987564
20,101,RJ,440,460,20,196,428065575.99999994,20,7,2017;2018;2019;2020;2022;2024;2025,45.787377212504474
20,101,RJ,460,480,20,495,428065575.99999994,20,7,2017;2018;2019;2020;2022;2024;2025,115.63648836831489
20,101,RJ,480,500,20,684,284582973.6999999,20,7,2017;2018;2019;2020;2022;2024;2025,240.35169465937736
20,101,RJ,500,520,20,173,181977757.99999994,20,5,2017;2018;2019;2020;2022,95.0665630246967
20,101,RJ,520,540,20,297,246217757.99999982,20,8,2017;2018;2019;2020;2022;2023;2024;2025,120.62493071681703
20,101,RJ,540,560,20,164,298777757.99999976,20,8,2017;2018;2019;2020;2022;2023;2024;2025,54.890297423009685
20,101,RJ,560,580,20,272,259456461.29999983,19,8,2017;2018;2019;2020;2022;2023;2024;2025,104.83454473908688
20,101,RJ,580,600,19,109,168022428.29999998,19,8,2017;2018;2019;2020;2022;2023;2024;2025,64.87229181415182
20,101,RN,0,20,20,36,147476811.9,18,8,2017;2018;2019;2020;2022;2023;2024;2025,24.410617192084825
20,101,RN,20,40,20,45,161259189.99999994,20,8,2017;2018;2019;2020;2022;2023;2024;2025,27.905386353484733
20,101,RN,40,60,20,58,163185017.5999999,19,8,2017;2018;2019;2020;2022;2023;2024;2025,35.54247862519459
20,101,RN,60,80,20,494,262547025.79999992,20,8,2017;2018;2019;2020;2022;2023;2024;2025,188.15676867591472
20,101,RN,80,100,17,164,46774009.050000004,15,1,2017,350.62207266580236
20,101,RN,100,120,20,1446,938297236.3999997,20,8,2017;2018;2019;2020;2022;2023;2024;2025,154.10894798623968
20,101,RN,120,140,20,311,1096714861.25,20,8,2017;2018;2019;2020;2022;2023;2024;2025,28.35741640680717
20,101,RN,140,160,20,250,605880874.0,20,8,2017;2018;2019;2020;2022;2023;2024;2025,41.26223664224793
20,101,RN,160,180,17,123,516499064.4500001,17,8,2017;2018;2019;2020;2022;2023;2024;2025,23.81417672672417
20,101,RS,0,20,20,287,39652289.650000006,1,6,2017;2018;2019;2020;2022;2023,723.7917470422794
20,101,RS,20,40,20,255,1026278427.8000002,20,8,2017;2018;2019;2020;2022;2023;2024;2025,24.847058370566675
20,101,RS,40,60,20,213,1131990895.8,20,8,2017;2018;2019;2020;2022;2023;2024;2025,18.816405749400378
20,101,RS,60,80,18,187,736547275.1,17,8,2017;2018;2019;2020;2022;2023;2024;2025,25.388730136108546
20,101,RS,80,100,13,97,516273374.0,13,5,2017;2018;2019;2020;2022,18.788495569403505
20,101,RS,360,380,10,1,30580977.500000007,10,8,2017;2018;2019;2020;2022;2023;2024;2025,3.270006656916051
20,101,RS,380,400,20,2,61161954.99999994,20,8,2017;2018;2019;2020;2022;2023;2024;2025,3.270006656916055
20,101,RS,400,420,5,0,15290488.750000004,5,8,2017;2018;2019;2020;2022;2023;2024;2025,0.0
20,101,SC,0,20,14,382,1007341837.2500004,14,7,2017;2018;2019;2020;2022;2024;2025,37.92158588814731
20,101,SC,20,40,20,702,1294691784.700001,20,5,2017;2018;2019;2020;2022,54.22139912339551
20,101,SC,40,60,20,1441,1258131731.25,20,8,2017;2018;2019;2020;2022;2023;2024;2025,114.53490633833022
20,101,SC,60,80,20,619,2544301923.0,20,8,2017;2018;2019;2020;2022;2023;2024;2025,24.328873645236797
20,101,SC,80,100,20,1143,2476720661.8999987,19,8,2017;2018;2019;2020;2022;2023;2024;2025,46.149734105385775
20,101,SC,100,120,20,2450,1551167411.4499993,20,8,2017;2018;2019;2020;2022;2023;2024;2025,157.94555648315165
20,101,SC,120,140,20,3762,1909633874.9500003,20,8,2017;2018;2019;2020;2022;2023;2024;2025,197.0011136348584
20,101,SC,140,160,20,2440,2713521733.799999,20,8,2017;2018;2019;2020;2022;2023;2024;2025,89.92004632235022
20,101,SC,160,180,20,670,2842608991.600002,20,8,2017;2018;2019;2020;2022;2023;2024;2025,23.56989659780402
20,101,SC,180,200,20,1434,1309105663.8999996,20,5,2017;2018;2019;2020;2022,109.54043203265377
20,101,SC,200,220,18,4639,922619040.9999999,16,5,2017;2018;2019;2020;2022,502.80774554272404
20,101,SC,220,240,15,825,882653329.5000002,15,8,2017;2018;2019;2020;2022;2023;2024;2025,93.46817968356169
20,101,SC,240,260,15,305,887227910.9999998,15,7,2017;2018;2019;2020;2022;2024;2025,34.37673637388534
20,101,SC,260,280,18,550,1251722444.4,18,8,2017;2018;2019;2020;2022;2023;2024;2025,43.93945338765869
20,101,SC,280,300,20,522,972962976.3500003,20,7,2018;2019;2020;2022;2023;2024;2025,53.65055122223098
20,101,SC,300,320,19,576,1310932156.7499998,19,8,2017;2018;2019;2020;2022;2023;2024;2025,43.9382005418184
20,101,SC,320,340,20,1550,1004930902.7499995,20,8,2017;2018;2019;2020;2022;2023;2024;2025,154.23946022143568
20,101,SC,340,360,20,736,1689060454.8500009,20,8,2017;2018;2019;2020;2022;2023;2024;2025,43.57452084599076
20,101,SC,360,380,20,593,974110978.0000004,20,8,2017;2018;2019;2020;2022;2023;2024;2025,60.87602063755818
20,101,SC,380,400,20,288,789573964.1000007,20,5,2017;2018;2019;2020;2022,36.47536685537472
20,101,SC,400,420,10,370,666008638.0,10,8,2017;2018;2019;2020;2022;2023;2024;2025,55.55483501101377
20,101,SC,420,440,19,467,847227268.9999999,19,8,2017;2018;2019;2020;2022;2023;2024;2025,55.12098312784595
20,101,SC,440,460,20,288,1169408797.8000002,20,8,2017;2018;2019;2020;2022;2023;2024;2025,24.627829082679398
20,101,SC,460,480,3,36,180342426.6,3,8,2017;2018;2019;2020;2022;2023;2024;2025,19.962024842799803
20,101,SE,0,20,20,187,222535853.55000004,20,8,2017;2018;2019;2020;2022;2023;2024;2025,84.03140303770613
20,101,SE,20,40,20,185,356211938.7999999,20,8,2017;2018;2019;2020;2022;2023;2024;2025,51.93537325650133
20,101,SE,40,60,20,251,510203683.15000004,20,8,2017;2018;2019;2020;2022;2023;2024;2025,49.196038423385104
20,101,SE,60,80,20,311,606919755.2499999,19,8,2017;2018;2019;2020;2022;2023;2024;2025,51.24235902848379
20,101,SE,80,100,20,738,451597268.34999985,18,8,2017;2018;2019;2020;2022;2023;2024;2025,163.4199433261475
20,101,SE,100,120,20,317,869408337.25,19,8,2017;2018;2019;2020;2022;2023;2024;2025,36.46157811215538
20,101,SE,120,140,20,145,618527364.8000002,20,8,2017;2018;2019;2020;2022;2023;2024;2025,23.442778485133882
20,101,SE,140,160,19,295,370061958.7,19,8,2017;2018;2019;2020;2022;2023;2024;2025,79.71638074778423
20,101,SE,160,180,20,96,252783315.94999987,19,8,2017;2018;2019;2020;2022;2023;2024;2025,37.977189926169274
20,101,SE,180,200,20,251,222400482.34999987,20,8,2017;2018;2019;2020;2022;2023;2024;2025,112.85946745609661
20,101,SE,200,220,6,37,76844712.9,6,7,2018;2019;2020;2022;2023;2024;2025,48.14905099346139
20,101,SP,0,20,20,68,151549314.0,20,7,2017;2018;2019;2020;2022;2024;2025,44.86988307977428
20,101,SP,20,40,20,184,151549314.0,20,7,2017;2018;2019;2020;2022;2024;2025,121.41262480409512
20,101,SP,40,60,12,958,102997722.10000001,11,7,2017;2018;2019;2020;2022;2024;2025,930.1176574272995
20,116,BA,0,20,20,292,11929660.0,4,2,2024;2025,2447.680822420756
20,116,BA,20,40,20,171,105001119.5,10,8,2017;2018;2019;2020;2022;2023;2024;2025,162.8554065083087
20,116,BA,40,60,20,27,162200211.1,19,8,2017;2018;2019;2020;2022;2023;2024;2025,16.646094241735547
20,116,BA,60,80,20,11,134837153.89999998,20,8,2017;2018;2019;2020;2022;2023;2024;2025,8.157988864225057
20,116,BA,80,100,20,10,93361014.0,20,8,2017;2018;2019;2020;2022;2023;2024;2025,10.711109028871515
20,116,BA,100,120,20,6,93363569.0,20,8,2017;2018;2019;2020;2022;2023;2024;2025,6.426489544331794
20,116,BA,120,140,20,18,93363569.0,20,8,2017;2018;2019;2020;2022;2023;2024;2025,19.279468632995382
20,116,BA,140,160,20,21,92937577.5,20,8,2017;2018;2019;2020;2022;2023;2024;2025,22.595811688764968
20,116,BA,160,180,20,23,91659603.00000006,20,8,2017;2018;2019;2020;2022;2023;2024;2025,25.092842699744164
20,116,BA,180,200,20,22,91659603.00000006,20,8,2017;2018;2019;2020;2022;2023;2024;2025,24.001849538885725
20,116,BA,200,220,15,36,79923130.19999999,14,8,2017;2018;2019;2020;2022;2023;2024;2025,45.04328084987843
20,116,BA,220,240,20,39,160789303.6,20,8,2017;2018;2019;2020;2022;2023;2024;2025,24.255344806406637
20,116,BA,240,260,20,35,147860696.99999994,20,7,2018;2019;2020;2022;2023;2024;2025,23.670928590306872
20,116,BA,260,280,20,60,155805349.04999998,20,8,2017;2018;2019;2020;2022;2023;2024;2025,38.50958928293611
20,116,BA,280,300,20,50,272146993.0000001,20,8,2017;2018;2019;2020;2022;2023;2024;2025,18.372424199447234
20,116,BA,300,320,11,23,149680846.15000004,11,8,2017;2018;2019;2020;2022;2023;2024;2025,15.366027512264965
20,116,BA,320,340,19,69,247566217.65000015,19,8,2017;2018;2019;2020;2022;2023;2024;2025,27.871331013971222
20,116,BA,340,360,20,140,274005244.5000001,20,8,2017;2018;2019;2020;2022;2023;2024;2025,51.093912547356354
20,116,BA,360,380,20,138,447994937.3500001,20,8,2017;2018;2019;2020;2022;2023;2024;2025,30.8039195300518
20,116,BA,380,400,20,144,499531043.0000002,20,8,2017;2018;2019;2020;2022;2023;2024;2025,28.827037281845158
20,116,BA,400,420,20,395,1079276132.1499996,20,8,2017;2018;2019;2020;2022;2023;2024;2025,36.598604215691324
20,116,BA,420,440,20,790,562564133.9999999,14,8,2017;2018;2019;2020;2022;2023;2024;2025,140.42843335618693
20,116,BA,440,460,20,260,688478454.0999997,20,8,2017;2018;2019;2020;2022;2023;2024;2025,37.76443524872249
20,116,BA,460,480,20,205,615703808.7499998,20,8,2017;2018;2019;2020;2022;2023;2024;2025,33.295230123099365
20,116,BA,480,500,20,143,612849191.1999998,20,8,2017;2018;2019;2020;2022;2023;2024;2025,23.333636081006553
20,116,BA,500,520,20,133,417839151.99999976,20,8,2017;2018;2019;2020;2022;2023;2024;2025,31.83043028959624
20,116,BA,520,540,20,111,405689798.49999994,20,8,2017;2018;2019;2020;2022;2023;2024;2025,27.3608063132009
20,116,BA,540,560,20,148,405077956.3,20,8,2017;2018;2019;2020;2022;2023;2024;2025,36.53617722174728
20,116,BA,560,580,20,161,396063905.34999996,20,8,2017;2018;2019;2020;2022;2023;2024;2025,40.65000567464612
20,116,BA,580,600,20,164,363700413.84999985,20,8,2017;2018;2019;2020;2022;2023;2024;2025,45.092057571217985
20,116,BA,600,620,20,113,360156336.85000014,20,8,2017;2018;2019;2020;2022;2023;2024;2025,31.375263583676123
20,116,BA,620,640,20,156,335500108.7,20,8,2017;2018;2019;2020;2022;2023;2024;2025,46.497749465557774
20,116,BA,640,660,20,170,341565766.2999999,20,8,2017;2018;2019;2020;2022;2023;2024;2025,49.77079578012736
20,116,BA,660,680,17,186,334394206.14999986,17,8,2017;2018;2019;2020;2022;2023;2024;2025,55.62297329893497
20,116,BA,680,700,20,141,399917509.6500001,20,8,2017;2018;2019;2020;2022;2023;2024;2025,35.25727096155415
20,116,BA,700,720,20,120,402676062.8500001,20,8,2017;2018;2019;2020;2022;2023;2024;2025,29.80062910883802
20,116,BA,720,740,20,100,395162213.00000024,20,8,2017;2018;2019;2020;2022;2023;2024;2025,25.30606336087098
20,116,BA,740,760,17,147,326565551.09999996,17,8,2017;2018;2019;2020;2022;2023;2024;2025,45.01393349814356
20,116,BA,760,780,20,182,424375710.7000001,19,8,2017;2018;2019;2020;2022;2023;2024;2025,42.88652611616114
20,116,BA,780,800,20,161,449930017.69999975,20,8,2017;2018;2019;2020;2022;2023;2024;2025,35.783342668048014
20,116,BA,800,820,20,428,410972698.9999999,20,8,2017;2018;2019;2020;2022;2023;2024;2025,104.14317083383686
20,116,BA,820,840,20,533,209860549.64999998,20,8,2017;2018;2019;2020;2022;2023;2024;2025,253.9781778371036
20,116,BA,840,860,20,168,465026059.99999976,20,8,2017;2018;2019;2020;2022;2023;2024;2025,36.12700759178961
20,116,BA,860,880,20,95,418581459.7999999,20,8,2017;2018;2019;2020;2022;2023;2024;2025,22.695701822386358
20,116,BA,880,900,20,77,393705206.0000001,20,8,2017;2018;2019;2020;2022;2023;2024;2025,19.557780498335596
20,116,BA,900,920,20,174,373384411.3500001,19,8,2017;2018;2019;2020;2022;2023;2024;2025,46.60076712117937
20,116,BA,920,940,20,77,394197445.0000005,20,8,2017;2018;2019;2020;2022;2023;2024;2025,19.533358467100136
20,116,BA,940,960,5,0,98549361.24999997,5,8,2017;2018;2019;2020;2022;2023;2024;2025,0.0
20,116,CE,0,20,16,1065,111700234.60000001,10,5,2017;2018;2019;2020;2022,953.4447298287051
20,116,CE,20,40,20,620,375519548.2000001,20,7,2017;2018;2019;2020;2022;2024;2025,165.1045872237231
20,116,CE,40,60,20,416,483651327.45,20,8,2017;2018;2019;2020;2022;2023;2024;2025,86.01237635246771
20,116,CE,60,80,20,269,446618712.14999986,20,8,2017;2018;2019;2020;2022;2023;2024;2025,60.230346978756806
20,116,CE,80,100,20,91,270051655.75,20,8,2017;2018;2019;2020;2022;2023;2024;2025,33.69725682565085
20,116,CE,100,120,20,61,191566983.24999997,20,8,2017;2018;2019;2020;2022;2023;2024;2025,31.84264791620871
20,116,CE,120,140,20,51,132667499.00000004,20,8,2017;2018;2019;2020;2022;2023;2024;2025,38.44196987537994
20,116,CE,140,160,20,105,234518646.60000002,20,8,2017;2018;2019;2020;2022;2023;2024;2025,44.77255924945287
20,116,CE,160,180,20,147,195828588.20000008,20,8,2017;2018;2019;2020;2022;2023;2024;2025,75.06564866303823
20,116,CE,180,200,20,70,188480809.70000005,20,8,2017;2018;2019;2020;2022;2023;2024;2025,37.139059467866865
20,116,CE,200,220,20,35,181660244.50000003,20,8,2017;2018;2019;2020;2022;2023;2024;2025,19.26673615150837
20,116,CE,220,240,20,46,177574193.60000002,20,8,2017;2018;2019;2020;2022;2023;2024;2025,25.904665012089907
20,116,CE,240,260,20,26,142715649.70000008,20,8,2017;2018;2019;2020;2022;2023;2024;2025,18.218044100036764
20,116,CE,260,280,20,23,132295856.00000016,20,8,2017;2018;2019;2020;2022;2023;2024;2025,17.38527622512981
20,116,CE,280,300,20,44,164547431.20000002,20,8,2017;2018;2019;2020;2022;2023;2024;2025,26.740010268844596
20,116,CE,300,320,20,90,172059029.0,20,8,2017;2018;2019;2020;2022;2023;2024;2025,52.30762984254666
20,116,CE,320,340,20,70,134590465.0,20,8,2017;2018;2019;2020;2022;2023;2024;2025,52.00962787371305
20,116,CE,340,360,20,52,134590465.0,20,8,2017;2018;2019;2020;2022;2023;2024;2025,38.63572356332969
20,116,CE,360,380,20,118,139946945.85,20,8,2017;2018;2019;2020;2022;2023;2024;2025,84.31766715829333
20,116,CE,380,400,20,48,164844804.0,20,8,2017;2018;2019;2020;2022;2023;2024;2025,29.118297231861792
20,116,CE,400,420,20,43,175369480.4499999,20,8,2017;2018;2019;2020;2022;2023;2024;2025,24.519659800360678
20,116,CE,420,440,20,56,183164135.74999988,20,8,2017;2018;2019;2020;2022;2023;2024;2025,30.573670861218275
20,116,CE,440,460,20,82,215858331.85000017,20,8,2017;2018;2019;2020;2022;2023;2024;2025,37.98787811303098
20,116,CE,460,480,20,100,208236803.34999987,20,8,2017;2018;2019;2020;2022;2023;2024;2025,48.022250817941234
20,116,CE,480,500,20,149,195077381.70000005,20,8,2017;2018;2019;2020;2022;2023;2024;2025,76.37994661479505
20,116,CE,500,520,20,131,185351427.45,20,8,2017;2018;2019;2020;2022;2023;2024;2025,70.67655307663507
20,116,CE,520,540,20,69,168977662.5,20,8,2017;2018;2019;2020;2022;2023;2024;2025,40.833799556198734
20,116,CE,540,560,8,27,60245206.39999999,8,8,2017;2018;2019;2020;2022;2023;2024;2025,44.81684371820827
20,116,MG,0,20,20,114,367285863.6000004,20,8,2017;2018;2019;2020;2022;2023;2024;2025,31.03849379952011
20,116,MG,20,40,20,98,480449372.2500001,20,8,2017;2018;2019;2020;2022;2023;2024;2025,20.397570620407855
20,116,MG,40,60,20,58,314745391.0999999,19,8,2017;2018;2019;2020;2022;2023;2024;2025,18.427593108606448
20,116,MG,60,80,20,61,325556910.0999999,20,8,2017;2018;2019;2020;2022;2023;2024;2025,18.737123405325015
20,116,MG,80,100,20,108,312130845.0,20,8,2017;2018;2019;2020;2022;2023;2024;2025,34.600873873903744
20,116,MG,100,120,20,189,308933784.45,20,8,2017;2018;2019;2020;2022;2023;2024;2025,61.17815839937347
20,116,MG,120,140,20,112,288531707.95000005,20,7,2018;2019;2020;2022;2023;2024;2025,38.81722421280942
20,116,MG,140,160,20,69,255603440.9999999,20,7,2018;2019;2020;2022;2023;2024;2025,26.994941746500203
20,116,MG,160,180,20,106,257667490.4499999,20,8,2017;2018;2019;2020;2022;2023;2024;2025,41.13829021071992
20,116,MG,180,200,20,87,296884429.99999976,20,8,2017;2018;2019;2020;2022;2023;2024;2025,29.304332328913333
20,116,MG,200,220,20,118,297198012.4499998,20,8,2017;2018;2019;2020;2022;2023;2024;2025,39.704168620526076
20,116,MG,220,240,20,169,290920402.9999998,20,8,2017;2018;2019;2020;2022;2023;2024;2025,58.09149109421524
20,116,MG,240,260,20,133,314018442.4999999,20,8,2017;2018;2019;2020;2022;2023;2024;2025,42.35420026325366
20,116,MG,260,280,18,558,352975345.0999999,18,8,2017;2018;2019;2020;2022;2023;2024;2025,158.08469564408682
20,116,MG,280,300,20,173,423282761.9999997,20,8,2017;2018;2019;2020;2022;2023;2024;2025,40.87102417839546
20,116,MG,300,320,20,153,348363705.14999986,19,8,2017;2018;2019;2020;2022;2023;2024;2025,43.91961554494336
20,116,MG,320,340,20,78,337593580.79999995,20,8,2017;2018;2019;2020;2022;2023;2024;2025,23.10470472073621
20,116,MG,340,360,20,85,320653500.1000002,20,8,2017;2018;2019;2020;2022;2023;2024;2025,26.50836494018983
20,116,MG,360,380,20,122,323767658.20000017,20,8,2017;2018;2019;2020;2022;2023;2024;2025,37.681342441139456
20,116,MG,380,400,6,24,103371876.29999998,6,8,2017;2018;2019;2020;2022;2023;2024;2025,23.21714653833753
20,116,MG,400,420,12,665,71870416.24999999,11,5,2017;2018;2019;2020;2022,925.2763998010101
20,116,MG,420,440,20,191,252035587.89999998,20,8,2017;2018;2019;2020;2022;2023;2024;2025,75.78294858731735
20,116,MG,440,460,20,144,243780594.60000002,20,7,2018;2019;2020;2022;2023;2024;2025,59.069508890269965
20,116,MG,460,480,10,53,71191826.5,10,7,2018;2019;2020;2022;2023;2024;2025,74.44674846205835
20,116,MG,480,500,14,206,143682125.90000007,14,8,2017;2018;2019;2020;2022;2023;2024;2025,143.3720434672382
20,116,MG,500,520,20,330,183163785.3500001,20,7,2018;2019;2020;2022;2023;2024;2025,180.16661938352968
20,116,MG,520,540,20,1038,280400811.0000001,20,8,2017;2018;2019;2020;2022;2023;2024;2025,370.18437867499586
20,116,MG,540,560,20,281,259366864.75000012,20,7,2018;2019;2020;2022;2023;2024;2025,108.34074748555554
20,116,MG,560,580,20,252,259875455.75000018,20,8,2017;2018;2019;2020;2022;2023;2024;2025,96.9695269115463
20,116,MG,580,600,19,286,238651961.34999993,19,8,2017;2018;2019;2020;2022;2023;2024;2025,119.83978609778146
20,116,MG,600,620,14,137,189710998.40000004,14,8,2017;2018;2019;2020;2022;2023;2024;2025,72.21510674417492
20,116,MG,620,640,20,186,260541544.25000006,20,8,2017;2018;2019;2020;2022;2023;2024;2025,71.38976647099533
20,116,MG,640,660,20,174,201543440.65000004,20,8,2017;2018;2019;2020;2022;2023;2024;2025,86.33374494294165
20,116,MG,660,680,20,161,197212106.10000008,20,7,2018;2019;2020;2022;2023;2024;2025,81.6379902754864
20,116,MG,680,700,20,239,207071727.00000003,20,7,2018;2019;2020;2022;2023;2024;2025,115.4189436977072
20,116,MG,700,720,19,648,362213349.1000001,19,8,2017;2018;2019;2020;2022;2023;2024;2025,178.9000879205862
20,116,MG,720,740,20,157,397614564.0500002,20,8,2017;2018;2019;2020;2022;2023;2024;2025,39.485475179992946
20,116,MG,740,760,20,192,261996857.65,20,8,2017;2018;2019;2020;2022;2023;2024;2025,73.28332168643473
20,116,MG,760,780,12,298,164135105.29999998,12,8,2017;2018;2019;2020;2022;2023;2024;2025,181.55774747597522
20,116,MG,780,800,20,216,285956038.00000006,20,8,2017;2018;2019;2020;2022;2023;2024;2025,75.53608642458529
20,116,MG,800,820,17,212,232918369.79999998,17,8,2017;2018;2019;2020;2022;2023;2024;2025,91.01901244716682
20,116,PB,0,20,13,59,120212224.39999998,13,8,2017;2018;2019;2020;2022;2023;2024;2025,49.079867122066176
20,116,PE,0,20,20,54,175042174.00000006,20,8,2017;2018;2019;2020;2022;2023;2024;2025,30.849708253737745
20,116,PE,20,40,20,192,211867389.00000015,20,8,2017;2018;2019;2020;2022;2023;2024;2025,90.62272438728165
20,116,PE,40,60,20,51,216278822.80000013,19,8,2017;2018;2019;2020;2022;2023;2024;2025,23.580672087882277
20,116,PE,60,80,20,58,227664224.00000015,20,8,2017;2018;2019;2020;2022;2023;2024;2025,25.476115210793928
20,116,PE,80,100,12,21,129910343.74999996,12,8,2017;2018;2019;2020;2022;2023;2024;2025,16.164994559950127
20,116,PR,0,20,20,1110,123282655.5,3,5,2017;2022;2023;2024;2025,900.3699632346093
20,116,PR,20,40,14,382,243038060.5,14,5,2017;2022;2023;2024;2025,157.17702783428854
20,116,PR,40,60,18,571,932346980.8500001,18,8,2017;2018;2019;2020;2022;2023;2024;2025,61.243293723054904
20,116,PR,60,80,20,343,752651910.9500004,20,8,2017;2018;2019;2020;2022;2023;2024;2025,45.57219546112146
20,116,PR,80,100,17,612,782987166.7999996,17,8,2017;2018;2019;2020;2022;2023;2024;2025,78.1622006017277
20,116,PR,100,120,1,166,168443193.0,1,8,2017;2018;2019;2020;2022;2023;2024;2025,98.5495448308202
20,116,PR,120,140,20,1438,2007956702.5999985,20,8,2017;2018;2019;2020;2022;2023;2024;2025,71.61509001354506
20,116,PR,140,160,10,225,260762329.10000002,10,8,2017;2018;2019;2020;2022;2023;2024;2025,86.28546952183208
20,116,PR,160,180,20,212,328738385.15000004,20,8,2017;2018;2019;2020;2022;2023;2024;2025,64.48897043260297
20,116,PR,180,200,20,151,347086840.25,20,8,2017;2018;2019;2020;2022;2023;2024;2025,43.50496258839361
20,116,PR,200,220,15,297,305131440.75000006,15,8,2017;2018;2019;2020;2022;2023;2024;2025,97.33510229886068
20,116,RJ,0,20,20,155,127781462.99999993,12,8,2017;2018;2019;2020;2022;2023;2024;2025,121.30084940411122
20,116,RJ,20,40,20,212,208601952.9999999,19,8,2017;2018;2019;2020;2022;2023;2024;2025,101.62896221781781
20,116,RJ,40,60,17,215,212482928.6500001,17,8,2017;2018;2019;2020;2022;2023;2024;2025,101.18459933039892
20,116,RJ,60,80,20,416,295650364.9999997,20,5,2017;2018;2019;2020;2022,140.70674325059616
20,116,RJ,80,100,20,613,229837047.09999996,19,8,2017;2018;2019;2020;2022;2023;2024;2025,266.71070122706953
20,116,RJ,100,120,20,610,588390325.8500001,18,8,2017;2018;2019;2020;2022;2023;2024;2025,103.6726766570783
20,116,RJ,120,140,20,895,1513094009.6000001,20,8,2017;2018;2019;2020;2022;2023;2024;2025,59.150323398385616
20,116,RJ,140,160,8,591,401279605.7,8,8,2017;2018;2019;2020;2022;2023;2024;2025,147.27885285100598
20,116,RJ,160,180,12,221,56758580.400000006,12,1,2017,389.36844163917806
20,116,RJ,180,200,20,171,112408403.95,20,1,2017,152.12385728389305
20,116,RJ,200,220,20,549,767511152.1999999,20,8,2017;2018;2019;2020;2022;2023;2024;2025,71.5299052562744
20,116,RJ,220,240,20,853,997258139.2,19,8,2017;2018;2019;2020;2022;2023;2024;2025,85.53452375773801
20,116,RJ,240,260,20,399,1258670788.7999997,20,7,2017;2018;2019;2020;2022;2024;2025,31.700108046552934
20,116,RJ,260,280,20,790,1026138603.6000001,20,8,2017;2018;2019;2020;2022;2023;2024;2025,76.98765032603242
20,116,RJ,280,300,20,625,1100161275.2,20,7,2017;2018;2019;2020;2022;2024;2025,56.80985270876583
20,116,RJ,300,320,20,828,1550555901.4000006,20,8,2017;2018;2019;2020;2022;2023;2024;2025,53.40020306603566
20,116,RJ,320,340,20,289,1439290790.6000004,20,8,2017;2018;2019;2020;2022;2023;2024;2025,20.079333647339183
20,116,RS,0,20,20,128,165065107.05000004,20,5,2017;2022;2023;2024;2025,77.54515917239091
20,116,RS,20,40,20,191,122322493.80000001,15,5,2017;2022;2023;2024;2025,156.1446256256754
20,116,RS,40,60,20,242,130836699.15,12,8,2017;2018;2019;2020;2022;2023;2024;2025,184.96339450031132
20,116,RS,60,80,20,63,94762059.20000002,19,8,2017;2018;2019;2020;2022;2023;2024;2025,66.48230371085054
20,116,RS,80,100,20,76,152379470.0,20,8,2017;2018;2019;2020;2022;2023;2024;2025,49.875485194954415
20,116,RS,100,120,20,184,144814991.0,20,8,2017;2018;2019;2020;2022;2023;2024;2025,127.05866894678051
20,116,RS,120,140,20,111,122121554.00000004,20,6,2017;2018;2019;2020;2022;2023,90.89304579271892
20,116,RS,140,160,20,852,115902694.95,20,6,2017;2018;2019;2020;2022;2023,735.0993869189579
20,116,RS,160,180,20,110,218640621.00000006,20,8,2017;2018;2019;2020;2022;2023;2024;2025,50.31087064100498
20,116,RS,180,200,20,136,291604106.4,20,8,2017;2018;2019;2020;2022;2023;2024;2025,46.63857504580052
20,116,RS,200,220,20,184,577149552.25,20,8,2017;2018;2019;2020;2022;2023;2024;2025,31.880818287509985
20,116,RS,220,240,17,818,900589418.5500002,16,8,2017;2018;2019;2020;2022;2023;2024;2025,90.82940384942854
20,116,RS,240,260,20,1767,2530944689.600001,20,6,2017;2018;2019;2020;2022;2023,69.81582834507785
20,116,RS,260,280,10,34,35827469.25,5,1,2017,94.89925108232421
20,116,RS,280,300,20,166,863281147.9500004,20,8,2017;2018;2019;2020;2022;2023;2024;2025,19.228961549107566
20,116,RS,300,320,19,334,736049984.5000005,19,8,2017;2018;2019;2020;2022;2023;2024;2025,45.377353037631885
20,116,RS,320,340,20,168,441738311.74999994,20,8,2017;2018;2019;2020;2022;2023;2024;2025,38.03156654772542
20,116,RS,340,360,20,123,418755812.9999999,20,8,2017;2018;2019;2020;2022;2023;2024;2025,29.372726582305386
20,116,RS,360,380,20,134,393884307.85,20,8,2017;2018;2019;2020;2022;2023;2024;2025,34.02014178514322
20,116,RS,380,400,20,160,384534654.0,20,8,2017;2018;2019;2020;2022;2023;2024;2025,41.60873365655102
20,116,RS,400,420,20,133,334452160.8500002,19,8,2017;2018;2019;2020;2022;2023;2024;2025,39.76652435492851
20,116,RS,420,440,20,119,387803407.85,20,8,2017;2018;2019;2020;2022;2023;2024;2025,30.68565092291001
20,116,RS,440,460,20,78,391173712.0,20,8,2017;2018;2019;2020;2022;2023;2024;2025,19.93999024147103
20,116,RS,460,480,20,78,401679689.5000001,20,8,2017;2018;2019;2020;2022;2023;2024;2025,19.41845755185986
20,116,RS,480,500,20,94,413049914.0000001,20,8,2017;2018;2019;2020;2022;2023;2024;2025,22.75754014562026
20,116,RS,500,520,19,205,339003553.90000004,19,8,2017;2018;2019;2020;2022;2023;2024;2025,60.47134245102083
20,116,RS,520,540,14,249,106455034.94999991,13,8,2017;2018;2019;2020;2022;2023;2024;2025,233.90157179221347
20,116,RS,540,560,20,31,172286204.99999997,20,8,2017;2018;2019;2020;2022;2023;2024;2025,17.99331525121237
20,116,RS,560,580,20,50,162922535.15000004,20,8,2017;2018;2019;2020;2022;2023;2024;2025,30.689431608688043
20,116,RS,580,600,20,34,160525613.00000006,20,8,2017;2018;2019;2020;2022;2023;2024;2025,21.180420597428267
20,116,RS,600,620,20,50,165234332.00000003,20,8,2017;2018;2019;2020;2022;2023;2024;2025,30.260055156091887
20,116,RS,620,640,20,43,171291652.99999994,20,8,2017;2018;2019;2020;2022;2023;2024;2025,25.10338317536116
20,116,RS,640,660,20,85,157183005.04999995,20,8,2017;2018;2019;2020;2022;2023;2024;2025,54.07709311382708
20,116,SC,0,20,12,223,134584099.4,12,8,2017;2018;2019;2020;2022;2023;2024;2025,165.69565126502604
20,116,SC,20,40,20,140,206683834.19999996,20,8,2017;2018;2019;2020;2022;2023;2024;2025,67.73630871610763
20,116,SC,40,60,20,195,230253563.19999996,20,8,2017;2018;2019;2020;2022;2023;2024;2025,84.6892431500057
20,116,SC,60,80,20,155,301088281.0000001,20,8,2017;2018;2019;2020;2022;2023;2024;2025,51.479917944730616
20,116,SC,80,100,20,86,271122876.0000001,20,8,2017;2018;2019;2020;2022;2023;2024;2025,31.719934986231102
20,116,SC,100,120,20,147,253687552.35000002,19,8,2017;2018;2019;2020;2022;2023;2024;2025,57.94529476842106
20,116,SC,120,140,19,129,233915549.79999995,19,8,2017;2018;2019;2020;2022;2023;2024;2025,55.14810798610705
20,116,SC,140,160,17,83,244783837.25,17,8,2017;2018;2019;2020;2022;2023;2024;2025,33.90746747516313
20,116,SC,160,180,20,156,274233347.6,20,8,2017;2018;2019;2020;2022;2023;2024;2025,56.8858606603685
20,116,SC,180,200,16,98,217632038.39999983,16,8,2017;2018;2019;2020;2022;2023;2024;2025,45.03013468075851
20,116,SC,200,220,20,284,258330651.64999998,20,8,2017;2018;2019;2020;2022;2023;2024;2025,109.93662509115573
20,116,SC,220,240,14,94,203310088.09999987,14,7,2018;2019;2020;2022;2023;2024;2025,46.2347937962455
20,116,SC,240,260,20,302,376393296.15,19,8,2017;2018;2019;2020;2022;2023;2024;2025,80.23522286104883
20,116,SC,260,280,20,100,361512921.3999999,20,8,2017;2018;2019;2020;2022;2023;2024;2025,27.66152855968152
20,116,SC,280,300,20,46,310419140.9999999,20,8,2017;2018;2019;2020;2022;2023;2024;2025,14.818673826560206
20,116,SC,300,320,10,56,154861360.49999997,10,8,2017;2018;2019;2020;2022;2023;2024;2025,36.16137674316765
20,116,SP,0,20,17,328,725205491.4000001,17,8,2017;2018;2019;2020;2022;2023;2024;2025,45.22855988952871
20,116,SP,20,40,17,456,1070454589.5000008,16,8,2017;2018;2019;2020;2022;2023;2024;2025,42.59872436186137
20,116,SP,40,60,20,787,2097826962.45,20,8,2017;2018;2019;2020;2022;2023;2024;2025,37.51501025045851
20,116,SP,60,80,20,853,1953207545.7499995,20,8,2017;2018;2019;2020;2022;2023;2024;2025,43.671754282131964
20,116,SP,80,100,16,588,1660275463.5000002,16,8,2017;2018;2019;2020;2022;2023;2024;2025,35.41580978137487
20,116,SP,100,120,20,1410,1784332371.599999,20,8,2017;2018;2019;2020;2022;2023;2024;2025,79.02115224954767
20,116,SP,120,140,20,1089,2320774711.2000003,20,8,2017;2018;2019;2020;2022;2023;2024;2025,46.923985975222564
20,116,SP,140,160,19,1994,2037921341.0999992,19,7,2017;2018;2019;2020;2022;2024;2025,97.84479703832474
20,116,SP,160,180,20,684,2208775209.4499993,20,7,2017;2018;2019;2020;2022;2024;2025,30.967388490851487
20,116,SP,180,200,20,567,1663716938.9999998,20,7,2017;2018;2019;2020;2022;2024;2025,34.08031659164348
20,116,SP,200,220,20,2275,2030314135.1999998,20,5,2017;2018;2019;2020;2022,112.05162593107282
20,116,SP,220,240,12,483,452473169.8000001,11,1,2017,106.74666084919316
20,116,SP,260,280,16,246,11516115.0,1,1,2022,2136.1370566375904
20,116,SP,280,300,20,1284,1309698387.399999,20,7,2018;2019;2020;2022;2023;2024;2025,98.03783927297835
20,116,SP,300,320,20,516,1221419060.3499992,20,7,2018;2019;2020;2022;2023;2024;2025,42.24594299782251
20,116,SP,320,340,20,604,1230642541.0000005,20,8,2017;2018;2019;2020;2022;2023;2024;2025,49.08005207663301
20,116,SP,340,360,20,486,1301266756.0000005,20,8,2017;2018;2019;2020;2022;2023;2024;2025,37.34822224260371
20,116,SP,360,380,17,373,1097915561.6,17,8,2017;2018;2019;2020;2022;2023;2024;2025,33.97346872981967
20,116,SP,380,400,3,27,109045388.85000001,3,5,2017;2022;2023;2024;2025,24.760331715759662
20,116,SP,400,420,20,344,1178531918.0500002,20,8,2017;2018;2019;2020;2022;2023;2024;2025,29.188857317431218
20,116,SP,420,440,20,303,1375787565.0000007,20,8,2017;2018;2019;2020;2022;2023;2024;2025,22.023748993544643
20,116,SP,440,460,20,574,1285023577.1000006,20,8,2017;2018;2019;2020;2022;2023;2024;2025,44.66844112661221
20,116,SP,460,480,20,360,1165506327.3000002,20,8,2017;2018;2019;2020;2022;2023;2024;2025,30.887863203108665
20,116,SP,480,500,20,375,1128193603.6999996,20,7,2018;2019;2020;2022;2023;2024;2025,33.2389758965268
20,116,SP,500,520,20,846,1101954272.0,20,7,2018;2019;2020;2022;2023;2024;2025,76.77269570038928
20,116,SP,520,540,20,167,1101954272.0,20,7,2018;2019;2020;2022;2023;2024;2025,15.154893832109941
20,116,SP,540,560,20,546,1183341074.1000001,20,8,2017;2018;2019;2020;2022;2023;2024;2025,46.14054324238384
20,116,SP,560,580,2,142,127303218.1,2,8,2017;2018;2019;2020;2022;2023;2024;2025,111.54470571863729
20,135,BA,0,20,20,13,99694880.90000002,19,8,2017;2018;2019;2020;2022;2023;2024;2025,13.039786880371304
20,135,BA,20,40,20,22,133017030.30000001,20,8,2017;2018;2019;2020;2022;2023;2024;2025,16.539235577867203
20,135,BA,40,60,20,25,133038120.0,20,8,2017;2018;2019;2020;2022;2023;2024;2025,18.791606495942666
20,135,BA,60,80,18,17,119734308.0,18,8,2017;2018;2019;2020;2022;2023;2024;2025,14.198102685823347
20,135,BA,160,180,3,0,27389924.849999994,3,5,2017;2018;2019;2020;2022,0.0
20,135,BA,180,200,20,85,128498323.00000004,20,8,2017;2018;2019;2020;2022;2023;2024;2025,66.14872320162495
20,135,BA,200,220,6,22,42305346.9,6,8,2017;2018;2019;2020;2022;2023;2024;2025,52.00288287909064
20,135,BA,220,240,12,0,50245564.199999996,12,8,2017;2018;2019;2020;2022;2023;2024;2025,0.0
20,135,BA,240,260,20,0,83742607.00000003,20,8,2017;2018;2019;2020;2022;2023;2024;2025,0.0
20,135,BA,260,280,20,2,83742607.00000003,20,8,2017;2018;2019;2020;2022;2023;2024;2025,2.3882705251820013
20,135,BA,280,300,20,3,83742607.00000003,20,8,2017;2018;2019;2020;2022;2023;2024;2025,3.5824057877730016
20,135,BA,300,320,19,2,79522261.65000002,19,8,2017;2018;2019;2020;2022;2023;2024;2025,2.5150190129181262
20,135,BA,320,340,17,1,71137780.95,17,8,2017;2018;2019;2020;2022;2023;2024;2025,1.405722791244868
20,135,BA,340,360,4,0,30533885.2,4,8,2017;2018;2019;2020;2022;2023;2024;2025,0.0
20,135,BA,380,400,8,0,60718071.19999999,8,8,2017;2018;2019;2020;2022;2023;2024;2025,0.0
20,135,BA,400,420,20,0,140919411.70000008,20,8,2017;2018;2019;2020;2022;2023;2024;2025,0.0
20,135,BA,420,440,20,1,153365554.00000003,20,8,2017;2018;2019;2020;2022;2023;2024;2025,0.6520368974117877
20,135,BA,440,460,16,1,72260820.25,16,8,2017;2018;2019;2020;2022;2023;2024;2025,1.3838757940199273
20,135,MA,0,20,20,0,0.0,0,0,,
20,135,MA,20,40,20,451,569253284.5999998,16,8,2017;2018;2019;2020;2022;2023;2024;2025,79.22659599881037
20,135,MA,40,60,20,209,638114699.2499998,20,8,2017;2018;2019;2020;2022;2023;2024;2025,32.75273242344136
20,135,MA,60,80,20,191,521941305.6999999,19,8,2017;2018;2019;2020;2022;2023;2024;2025,36.594153004204365
20,135,MA,80,100,20,182,543737594.6000001,20,8,2017;2018;2019;2020;2022;2023;2024;2025,33.4720280163611
20,135,MA,100,120,4,14,88971421.8,4,8,2017;2018;2019;2020;2022;2023;2024;2025,15.735389765345978
20,135,MA,120,140,12,47,189229723.99999997,12,8,2017;2018;2019;2020;2022;2023;2024;2025,24.83753556602979
20,135,MA,140,160,20,49,322991055.0,20,8,2017;2018;2019;2020;2022;2023;2024;2025,15.170698767493732
20,135,MA,160,180,19,66,306841502.25,19,8,2017;2018;2019;2020;2022;2023;2024;2025,21.509476233181232
20,135,MA,180,200,19,67,274481102.29999995,19,8,2017;2018;2019;2020;2022;2023;2024;2025,24.409695034950325
20,135,MA,200,220,20,0,378064007.0000001,20,8,2017;2018;2019;2020;2022;2023;2024;2025,0.0
20,135,MA,220,240,20,36,201730740.39999992,20,8,2017;2018;2019;2020;2022;2023;2024;2025,17.84556975730012
20,135,MA,240,260,20,30,126032164.00000004,20,7,2018;2019;2020;2022;2023;2024;2025,23.80344750725695
20,135,MA,260,280,20,24,124596363.49999999,20,7,2018;2019;2020;2022;2023;2024;2025,19.262199414030253
20,135,MA,280,300,20,27,144639853.04999998,20,8,2017;2018;2019;2020;2022;2023;2024;2025,18.667054363410116
20,135,MA,300,320,20,25,168276935.50000006,20,8,2017;2018;2019;2020;2022;2023;2024;2025,14.856462607735086
20,135,MA,320,340,20,26,178468377.90000013,20,8,2017;2018;2019;2020;2022;2023;2024;2025,14.5684071911991
20,135,MA,340,360,18,11,150390913.50000006,18,8,2017;2018;2019;2020;2022;2023;2024;2025,7.314271683042869
20,135,MA,360,380,20,7,173672416.5999999,20,8,2017;2018;2019;2020;2022;2023;2024;2025,4.030576724294861
20,135,MA,380,400,20,8,172401326.00000006,20,8,2017;2018;2019;2020;2022;2023;2024;2025,4.640335538950551
20,135,MA,400,420,20,7,166144736.90000004,20,8,2017;2018;2019;2020;2022;2023;2024;2025,4.213193948005221
20,135,MA,420,440,20,4,144392247.99999997,20,8,2017;2018;2019;2020;2022;2023;2024;2025,2.770231820201318
20,135,MA,440,460,20,4,118152908.99999993,20,8,2017;2018;2019;2020;2022;2023;2024;2025,3.385443518788016
20,135,MA,460,480,20,0,124398453.19999993,20,8,2017;2018;2019;2020;2022;2023;2024;2025,0.0
20,135,MA,480,500,20,4,145762815.7,20,8,2017;2018;2019;2020;2022;2023;2024;2025,2.744184091663372
20,135,MA,500,520,20,1,167451214.25000006,20,8,2017;2018;2019;2020;2022;2023;2024;2025,0.5971888615313518
20,135,MA,520,540,16,0,169288693.60000002,16,8,2017;2018;2019;2020;2022;2023;2024;2025,0.0
20,135,MA,540,560,8,0,55689568.40000001,8,7,2018;2019;2020;2022;2023;2024;2025,0.0
20,135,MA,560,580,12,0,83534352.60000002,12,7,2018;2019;2020;2022;2023;2024;2025,0.0
20,135,MG,120,140,10,0,60545689.000000015,10,8,2017;2018;2019;2020;2022;2023;2024;2025,0.0
20,135,PI,20,40,1,1,6850122.9,1,5,2017;2018;2019;2020;2022,14.598278229431475
20,135,PI,40,60,20,9,143046996.69999996,19,8,2017;2018;2019;2020;2022;2023;2024;2025,6.291638557693677
20,135,PI,60,80,20,6,155352953.44999996,20,8,2017;2018;2019;2020;2022;2023;2024;2025,3.8621731140316475
20,135,PI,80,100,20,2,182852808.99999997,20,8,2017;2018;2019;2020;2022;2023;2024;2025,1.093775923343896
20,135,PI,100,120,20,14,176184430.54999995,20,8,2017;2018;2019;2020;2022;2023;2024;2025,7.946218605296622
20,135,PI,120,140,19,21,113881835.95000003,19,8,2017;2018;2019;2020;2022;2023;2024;2025,18.440166357363676
20,135,PI,140,160,20,11,104002443.00000003,20,7,2018;2019;2020;2022;2023;2024;2025,10.576674626768138
20,135,PI,160,180,20,24,102439691.85000004,20,8,2017;2018;2019;2020;2022;2023;2024;2025,23.428418776525234
20,135,PI,180,200,20,10,106278948.00000003,20,8,2017;2018;2019;2020;2022;2023;2024;2025,9.409201152423899
20,135,PI,200,220,20,16,101282389.99999999,20,8,2017;2018;2019;2020;2022;2023;2024;2025,15.797415523073658
20,135,PI,220,240,20,33,132604120.40000004,20,8,2017;2018;2019;2020;2022;2023;2024;2025,24.88610451956966
20,135,PI,240,260,20,15,142990852.4000001,20,8,2017;2018;2019;2020;2022;2023;2024;2025,10.49018153835412
20,135,PI,260,280,20,28,141306830.00000012,20,8,2017;2018;2019;2020;2022;2023;2024;2025,19.815036541404243
20,135,PI,280,300,20,26,141080530.00000012,20,8,2017;2018;2019;2020;2022;2023;2024;2025,18.429190760766193
20,135,PI,300,320,15,50,105167402.55000007,15,8,2017;2018;2019;2020;2022;2023;2024;2025,47.543248941827144
20,135,PI,320,340,20,70,132502935.10000007,20,8,2017;2018;2019;2020;2022;2023;2024;2025,52.82901842677745
20,135,PI,340,360,20,131,122337042.70000005,20,8,2017;2018;2019;2020;2022;2023;2024;2025,107.08122176963491
20,135,PI,360,380,20,57,126394025.0,20,8,2017;2018;2019;2020;2022;2023;2024;2025,45.09706847297568
20,135,PI,380,400,20,50,124482885.0,20,8,2017;2018;2019;2020;2022;2023;2024;2025,40.166164208035504
20,135,PI,400,420,20,61,114566740.19999996,20,8,2017;2018;2019;2020;2022;2023;2024;2025,53.24407405981166
20,135,PI,420,440,20,32,108502016.99999993,20,8,2017;2018;2019;2020;2022;2023;2024;2025,29.492539295375515
20,135,PI,440,460,20,18,108502016.99999993,20,8,2017;2018;2019;2020;2022;2023;2024;2025,16.589553353648725
20,135,PI,460,480,20,29,108502016.99999993,20,8,2017;2018;2019;2020;2022;2023;2024;2025,26.72761373643406
20,135,PI,480,500,20,32,108502016.99999993,20,8,2017;2018;2019;2020;2022;2023;2024;2025,29.492539295375515
20,135,PI,500,520,20,53,114065653.59999995,19,8,2017;2018;2019;2020;2022;2023;2024;2025,46.46446877502486
20,135,PI,520,540,20,25,122852284.00000003,20,8,2017;2018;2019;2020;2022;2023;2024;2025,20.3496420139816
20,135,PI,540,560,20,69,109153833.99999999,20,8,2017;2018;2019;2020;2022;2023;2024;2025,63.213537693966856
20,135,PI,560,580,20,15,109153833.99999999,20,8,2017;2018;2019;2020;2022;2023;2024;2025,13.742073411731926
20,135,PI,580,600,20,32,124417002.50000007,20,8,2017;2018;2019;2020;2022;2023;2024;2025,25.719957366759402
20,135,PI,600,620,20,33,139692303.60000014,20,8,2017;2018;2019;2020;2022;2023;2024;2025,23.623348709670765
20,135,PI,620,640,20,26,139801496.99999997,20,8,2017;2018;2019;2020;2022;2023;2024;2025,18.59779799067531
20,135,PI,640,660,1,1,6990074.850000001,1,8,2017;2018;2019;2020;2022;2023;2024;2025,14.30599845436562
20,153,GO,0,20,20,43,253689673.0000001,20,8,2017;2018;2019;2020;2022;2023;2024;2025,16.94984249516534
20,153,GO,20,40,20,77,253579968.6,20,8,2017;2018;2019;2020;2022;2023;2024;2025,30.365174514813788
20,153,GO,40,60,20,70,251774393.8999999,20,8,2017;2018;2019;2020;2022;2023;2024;2025,27.802668458732423
20,153,GO,60,80,20,125,231147831.45000002,20,8,2017;2018;2019;2020;2022;2023;2024;2025,54.07794622855416
20,153,GO,80,100,20,104,245940504.00000015,20,8,2017;2018;2019;2020;2022;2023;2024;2025,42.28664994522413
20,153,GO,100,120,20,89,259738204.80000013,19,8,2017;2018;2019;2020;2022;2023;2024;2025,34.26527109037752
20,153,GO,120,140,20,124,297017600.25,20,8,2017;2018;2019;2020;2022;2023;2024;2025,41.74836773835257
20,153,GO,140,160,20,77,257878843.69999993,20,8,2017;2018;2019;2020;2022;2023;2024;2025,29.858982960842255
20,153,GO,160,180,20,115,271944421.65,19,8,2017;2018;2019;2020;2022;2023;2024;2025,42.28805257421614
20,153,GO,180,200,20,154,426768146.9999997,20,8,2017;2018;2019;2020;2022;2023;2024;2025,36.0851673402889
20,153,GO,200,220,10,98,143485817.95000002,10,8,2017;2018;2019;2020;2022;2023;2024;2025,68.29943293360861
20,153,GO,220,240,20,71,229008300.0,20,7,2018;2019;2020;2022;2023;2024;2025,31.003243113895874
20,153,GO,240,260,20,67,275143230.54999983,20,8,2017;2018;2019;2020;2022;2023;2024;2025,24.35095345288699
20,153,GO,260,280,20,104,286264141.79999983,20,8,2017;2018;2019;2020;2022;2023;2024;2025,36.330082889899714
20,153,GO,280,300,20,125,262462648.7499999,20,8,2017;2018;2019;2020;2022;2023;2024;2025,47.62582432026913
20,153,GO,300,320,20,169,223352716.2500002,20,8,2017;2018;2019;2020;2022;2023;2024;2025,75.66507488130888
20,153,GO,320,340,20,114,255355189.89999983,20,8,2017;2018;2019;2020;2022;2023;2024;2025,44.64369807586201
20,153,GO,340,360,20,171,278262911.09999985,20,8,2017;2018;2019;2020;2022;2023;2024;2025,61.45267413613287
20,153,GO,360,380,20,132,505670485.35000026,20,8,2017;2018;2019;2020;2022;2023;2024;2025,26.10395580209434
20,153,GO,380,400,20,70,300304261.0000001,20,8,2017;2018;2019;2020;2022;2023;2024;2025,23.309692565434485
20,153,GO,400,420,20,149,300946292.35000014,20,8,2017;2018;2019;2020;2022;2023;2024;2025,49.51049532343572
20,153,GO,420,440,20,544,304620389.65000015,20,8,2017;2018;2019;2020;2022;2023;2024;2025,178.58292434890518
20,153,GO,440,460,5,150,81199560.75,5,5,2017;2018;2019;2020;2022,184.73006333350145
20,153,GO,480,500,10,158,60875200.04999999,10,1,2017,259.5474016844731
20,153,GO,500,520,17,1602,353530305.70000005,17,8,2017;2018;2019;2020;2022;2023;2024;2025,453.1436129154457
20,153,GO,520,540,20,336,843996219.6500002,20,8,2017;2018;2019;2020;2022;2023;2024;2025,39.810604855474
20,153,GO,540,560,20,192,835656615.7000004,19,8,2017;2018;2019;2020;2022;2023;2024;2025,22.97594447202076
20,153,GO,560,580,20,214,655620938.7500001,20,8,2017;2018;2019;2020;2022;2023;2024;2025,32.6408122974245
20,153,GO,580,600,20,232,612784272.3,20,8,2017;2018;2019;2020;2022;2023;2024;2025,37.859979520887585
20,153,GO,600,620,20,186,618125091.0,20,8,2017;2018;2019;2020;2022;2023;2024;2025,30.090996581143475
20,153,GO,620,640,20,185,513537264.6500001,19,8,2017;2018;2019;2020;2022;2023;2024;2025,36.02464956970284
20,153,GO,640,660,20,164,539444230.9999995,20,8,2017;2018;2019;2020;2022;2023;2024;2025,30.401659814951316
20,153,GO,660,680,20,152,534152964.7000003,19,8,2017;2018;2019;2020;2022;2023;2024;2025,28.456268156326477
20,153,GO,680,700,17,126,518787453.85000014,17,8,2017;2018;2019;2020;2022;2023;2024;2025,24.287403071322355
20,153,MG,0,20,16,198,391164397.1999999,16,7,2018;2019;2020;2022;2023;2024;2025,50.61810364575788
20,153,MG,20,40,20,243,575434982.9999995,20,8,2017;2018;2019;2020;2022;2023;2024;2025,42.22892371491432
20,153,MG,40,60,20,282,633662082.5,20,8,2017;2018;2019;2020;2022;2023;2024;2025,44.503215165947694
20,153,MG,60,80,20,134,311071469.00000024,20,8,2017;2018;2019;2020;2022;2023;2024;2025,43.07691747840748
20,153,MG,80,100,20,156,311071469.00000024,20,8,2017;2018;2019;2020;2022;2023;2024;2025,50.14924721366841
20,153,MG,100,120,20,168,347007529.40000033,20,8,2017;2018;2019;2020;2022;2023;2024;2025,48.413935078147574
20,153,MG,120,140,20,117,367289353.0000004,20,8,2017;2018;2019;2020;2022;2023;2024;2025,31.85499362950493
20,153,MG,140,160,20,99,357238932.00000024,20,8,2017;2018;2019;2020;2022;2023;2024;2025,27.712545059338588
20,153,MG,160,180,20,84,320295449.7,20,8,2017;2018;2019;2020;2022;2023;2024;2025,26.225786247877505
20,153,MG,180,200,20,120,289022950.5,20,8,2017;2018;2019;2020;2022;2023;2024;2025,41.51919416517063
20,153,MG,200,220,20,94,287234403.05,20,8,2017;2018;2019;2020;2022;2023;2024;2025,32.725884852879915
20,153,MG,220,240,20,154,303335100.54999995,20,8,2017;2018;2019;2020;2022;2023;2024;2025,50.768934989973424
20,153,PA,20,40,5,0,48728978.25000001,5,8,2017;2018;2019;2020;2022;2023;2024;2025,0.0
20,153,PA,40,60,20,18,72070447.19999997,20,8,2017;2018;2019;2020;2022;2023;2024;2025,24.975563076567127
20,153,PA,60,80,20,8,52451740.999999985,20,8,2017;2018;2019;2020;2022;2023;2024;2025,15.252115272970638
20,153,PA,80,100,20,5,51398350.999999985,20,8,2017;2018;2019;2020;2022;2023;2024;2025,9.72793854806743
20,153,PA,100,120,20,3,51398350.999999985,20,8,2017;2018;2019;2020;2022;2023;2024;2025,5.836763128840459
20,153,PA,120,140,20,7,51398350.999999985,20,8,2017;2018;2019;2020;2022;2023;2024;2025,13.619113967294401
20,153,PA,140,160,12,5,28684050.600000005,12,8,2017;2018;2019;2020;2022;2023;2024;2025,17.43128984718776
20,153,PR,0,20,20,236,158255714.49999997,14,8,2017;2018;2019;2020;2022;2023;2024;2025,149.12573662545375
20,153,PR,20,40,20,327,361050900.7499999,20,8,2017;2018;2019;2020;2022;2023;2024;2025,90.56894729267619
20,153,PR,40,60,20,258,341670864.3999999,19,8,2017;2018;2019;2020;2022;2023;2024;2025,75.51126738683664
20,153,PR,60,80,20,67,182893404.30000004,20,8,2017;2018;2019;2020;2022;2023;2024;2025,36.633360430045855
20,153,PR,80,100,20,75,206838816.84999996,20,8,2017;2018;2019;2020;2022;2023;2024;2025,36.26011845464683
20,153,PR,100,120,16,120,157847597.05,16,8,2017;2018;2019;2020;2022;2023;2024;2025,76.022696729421
20,153,PR,120,140,20,120,170872341.00000012,20,8,2017;2018;2019;2020;2022;2023;2024;2025,70.22786677921145
20,153,PR,140,160,20,65,170872341.00000012,20,8,2017;2018;2019;2020;2022;2023;2024;2025,38.04009450540621
20,153,PR,160,180,20,39,142254647.40000004,20,8,2017;2018;2019;2020;2022;2023;2024;2025,27.415624524615698
20,153,PR,180,200,20,19,140748453.00000006,20,7,2018;2019;2020;2022;2023;2024;2025,13.499260272508995
20,153,PR,200,220,20,56,267307151.40000004,20,8,2017;2018;2019;2020;2022;2023;2024;2025,20.94968268028163
20,153,PR,220,240,20,36,298946826.0000001,20,8,2017;2018;2019;2020;2022;2023;2024;2025,12.042275371072174
20,153,PR,240,260,6,20,89684047.8,6,8,2017;2018;2019;2020;2022;2023;2024;2025,22.300509946429962
20,153,PR,300,320,14,49,99780177.74999999,14,8,2017;2018;2019;2020;2022;2023;2024;2025,49.10795020106086
20,153,PR,320,340,20,290,146305300.59999993,20,8,2017;2018;2019;2020;2022;2023;2024;2025,198.21564824425792
20,153,PR,340,360,20,199,209979349.85,20,8,2017;2018;2019;2020;2022;2023;2024;2025,94.7712239999585
20,153,PR,360,380,17,96,159128392.99999997,17,8,2017;2018;2019;2020;2022;2023;2024;2025,60.32864292169407
20,153,PR,380,400,20,79,184212357.34999993,20,8,2017;2018;2019;2020;2022;2023;2024;2025,42.88528801024001
20,153,PR,400,420,20,51,197937116.54999995,20,8,2017;2018;2019;2020;2022;2023;2024;2025,25.76575878689085
20,153,PR,420,440,20,0,244139342.14999995,20,8,2017;2018;2019;2020;2022;2023;2024;2025,0.0
20,153,PR,440,460,17,42,170938741.8,17,8,2017;2018;2019;2020;2022;2023;2024;2025,24.570205418465292
20,153,PR,480,500,7,48,136678582.55000007,7,8,2017;2018;2019;2020;2022;2023;2024;2025,35.11888922497461
20,153,PR,520,540,2,8,26118075.05,2,8,2017;2018;2019;2020;2022;2023;2024;2025,30.630128693194028
20,153,RS,0,20,20,114,149915230.90000004,20,8,2017;2018;2019;2020;2022;2023;2024;2025,76.04297396309448
20,153,RS,20,40,20,77,227205419.00000015,20,8,2017;2018;2019;2020;2022;2023;2024;2025,33.89003675128011
20,153,RS,40,60,13,470,83310005.35000002,12,8,2017;2018;2019;2020;2022;2023;2024;2025,564.1579280009012
20,153,RS,160,180,11,0,262716232.5,11,8,2017;2018;2019;2020;2022;2023;2024;2025,0.0
20,153,RS,180,200,19,0,455517262.5,19,8,2017;2018;2019;2020;2022;2023;2024;2025,0.0
20,153,RS,200,220,1,0,16135737.5,1,5,2017;2018;2019;2020;2022,0.0
20,153,RS,360,380,12,20,86061481.19999999,12,8,2017;2018;2019;2020;2022;2023;2024;2025,23.239200303236245
20,153,RS,380,400,20,37,141097611.99999994,20,8,2017;2018;2019;2020;2022;2023;2024;2025,26.222981009770752
20,153,RS,400,420,20,92,116705100.00000007,20,8,2017;2018;2019;2020;2022;2023;2024;2025,78.83117361623438
20,153,RS,420,440,11,5,68886238.30000001,11,8,2017;2018;2019;2020;2022;2023;2024;2025,7.258343790271966
20,153,RS,480,500,15,17,62294915.0,15,8,2017;2018;2019;2020;2022;2023;2024;2025,27.289546827377485
20,153,RS,500,520,20,28,88256795.60000001,20,8,2017;2018;2019;2020;2022;2023;2024;2025,31.725602328575814
20,153,RS,520,540,20,19,93806898.00000001,20,8,2017;2018;2019;2020;2022;2023;2024;2025,20.254374044006866
20,153,RS,540,560,20,25,93813468.00000001,20,8,2017;2018;2019;2020;2022;2023;2024;2025,26.648625760216003
20,153,RS,560,580,20,30,93813468.00000001,20,8,2017;2018;2019;2020;2022;2023;2024;2025,31.978350912259202
20,153,RS,580,600,20,36,93813468.00000001,20,8,2017;2018;2019;2020;2022;2023;2024;2025,38.37402109471104
20,153,RS,600,620,20,18,93813468.00000001,20,8,2017;2018;2019;2020;2022;2023;2024;2025,19.18701054735552
20,153,RS,620,640,13,8,54233525.00000001,13,8,2017;2018;2019;2020;2022;2023;2024;2025,14.751023467495427
20,153,RS,640,660,20,16,117233181.99999993,20,8,2017;2018;2019;2020;2022;2023;2024;2025,13.648013068518441
20,153,RS,660,680,20,15,103454307.89999993,20,8,2017;2018;2019;2020;2022;2023;2024;2025,14.499154558647442
20,153,RS,680,700,14,3,68378282.39999996,14,8,2017;2018;2019;2020;2022;2023;2024;2025,4.387357936911269
20,153,SC,0,20,20,89,302424056.9000002,20,8,2017;2018;2019;2020;2022;2023;2024;2025,29.428875768778145
20,153,SC,20,40,20,55,290729654.0000002,20,8,2017;2018;2019;2020;2022;2023;2024;2025,18.91791884428823
20,153,SC,40,60,20,109,261653038.60000017,18,8,2017;2018;2019;2020;2022;2023;2024;2025,41.65822058983722
20,153,SC,60,80,20,108,207199232.45000002,20,7,2018;2019;2020;2022;2023;2024;2025,52.12374521033125
20,153,SC,80,100,20,183,246486157.10000002,19,8,2017;2018;2019;2020;2022;2023;2024;2025,74.24352026623404
20,153,SC,100,120,20,136,219104083.40000004,20,8,2017;2018;2019;2020;2022;2023;2024;2025,62.0709563644764
20,153,SP,0,20,20,149,326983644.00000024,18,8,2017;2018;2019;2020;2022;2023;2024;2025,45.56802847300823
20,153,SP,20,40,16,187,393132367.69999987,16,8,2017;2018;2019;2020;2022;2023;2024;2025,47.56667610302189
20,153,SP,40,60,20,615,425549776.99999994,20,8,2017;2018;2019;2020;2022;2023;2024;2025,144.5189336804658
20,153,SP,60,80,20,1238,411058371.80000013,20,8,2017;2018;2019;2020;2022;2023;2024;2025,301.17377115538886
20,153,SP,80,100,20,180,587070015.0000005,20,8,2017;2018;2019;2020;2022;2023;2024;2025,30.660738140407297
20,153,SP,100,120,20,204,296826511.7999999,20,8,2017;2018;2019;2020;2022;2023;2024;2025,68.72701456581954
20,153,SP,120,140,20,58,320395904.9999999,20,8,2017;2018;2019;2020;2022;2023;2024;2025,18.1026034024998
20,153,SP,140,160,20,94,320395904.9999999,20,8,2017;2018;2019;2020;2022;2023;2024;2025,29.338702066120362
20,153,SP,160,180,20,138,248665477.20000005,20,8,2017;2018;2019;2020;2022;2023;2024;2025,55.49624401179239
20,153,SP,180,200,20,97,290351076.0000002,20,8,2017;2018;2019;2020;2022;2023;2024;2025,33.407832110117596
20,153,SP,200,220,20,95,303124583.15,20,8,2017;2018;2019;2020;2022;2023;2024;2025,31.340249283902402
20,153,SP,220,240,10,46,160246205.49999997,10,8,2017;2018;2019;2020;2022;2023;2024;2025,28.705827920524463
20,153,SP,240,260,4,109,50281991.20000001,4,8,2017;2018;2019;2020;2022;2023;2024;2025,216.77741354045654
20,153,SP,260,280,20,115,251409955.99999985,20,8,2017;2018;2019;2020;2022;2023;2024;2025,45.742023040646835
20,153,SP,280,300,17,60,163085894.55000004,17,8,2017;2018;2019;2020;2022;2023;2024;2025,36.790428850733484
20,153,SP,300,320,14,34,119297731.49999999,14,8,2017;2018;2019;2020;2022;2023;2024;2025,28.50012282086018
20,153,SP,320,340,20,71,167766048.65,20,8,2017;2018;2019;2020;2022;2023;2024;2025,42.320839389930995
20,153,SP,340,360,7,36,112487674.65000002,7,7,2017;2018;2019;2020;2022;2024;2025,32.003506261474655
20,153,TO,0,20,16,18,56373753.599999994,16,8,2017;2018;2019;2020;2022;2023;2024;2025,31.929752500993658
20,153,TO,20,40,20,8,68385126.14999999,19,8,2017;2018;2019;2020;2022;2023;2024;2025,11.69845030694588
20,153,TO,40,60,20,7,58841474.79999997,20,8,2017;2018;2019;2020;2022;2023;2024;2025,11.896370755139543
20,153,TO,60,80,20,5,44612562.999999985,20,7,2018;2019;2020;2022;2023;2024;2025,11.207605355469045
20,153,TO,80,100,20,37,118863089.50000003,20,8,2017;2018;2019;2020;2022;2023;2024;2025,31.128250288328562
20,153,TO,100,120,20,73,271618140.8499999,20,8,2017;2018;2019;2020;2022;2023;2024;2025,26.875966300172113
20,153,TO,120,140,20,283,263742065.0,20,8,2017;2018;2019;2020;2022;2023;2024;2025,107.30180640695293
20,153,TO,140,160,20,522,210071224.00000006,20,8,2017;2018;2019;2020;2022;2023;2024;2025,248.48715119592003
20,153,TO,160,180,20,69,256196274.00000015,20,8,2017;2018;2019;2020;2022;2023;2024;2025,26.932475996899143
20,153,TO,180,200,20,72,255908416.75000015,20,8,2017;2018;2019;2020;2022;2023;2024;2025,28.135065237161626
20,153,TO,200,220,20,67,252218379.89999986,20,8,2017;2018;2019;2020;2022;2023;2024;2025,26.564281328967507
20,153,TO,220,240,20,73,268231638.0000001,20,8,2017;2018;2019;2020;2022;2023;2024;2025,27.215283232174112
20,153,TO,240,260,20,129,219529063.85,20,8,2017;2018;2019;2020;2022;2023;2024;2025,58.762151005273374
20,153,TO,260,280,20,42,234791651.9999999,20,7,2018;2019;2020;2022;2023;2024;2025,17.88819987518126
20,153,TO,280,300,20,62,259365704.04999995,20,8,2017;2018;2019;2020;2022;2023;2024;2025,23.90447118947067
20,153,TO,300,320,20,69,282714911.0000001,20,8,2017;2018;2019;2020;2022;2023;2024;2025,24.406211811021162
20,153,TO,320,340,20,292,271475663.10000014,20,8,2017;2018;2019;2020;2022;2023;2024;2025,107.5602861286463
20,153,TO,340,360,20,139,340255058.60000026,20,8,2017;2018;2019;2020;2022;2023;2024;2025,40.85170711992462
20,153,TO,360,380,20,51,278570701.0000001,20,8,2017;2018;2019;2020;2022;2023;2024;2025,18.30774012375407
20,153,TO,380,400,20,104,290663180.2,20,8,2017;2018;2019;2020;2022;2023;2024;2025,35.78024568796072
20,153,TO,400,420,20,123,239863312.39999995,20,8,2017;2018;2019;2020;2022;2023;2024;2025,51.2792051311637
20,153,TO,420,440,20,31,190357719.99999985,20,7,2018;2019;2020;2022;2023;2024;2025,16.28512886159806
20,153,TO,440,460,20,48,182618960.79999992,20,8,2017;2018;2019;2020;2022;2023;2024;2025,26.28423674613311
20,153,TO,460,480,20,43,172686172.00000006,20,5,2017;2018;2019;2024;2025,24.90066199394355
20,153,TO,480,500,20,178,164224906.25000003,20,7,2017;2018;2019;2020;2022;2024;2025,108.38794435298998
20,153,TO,500,520,20,128,224081113.9,20,8,2017;2018;2019;2020;2022;2023;2024;2025,57.12217231172912
20,153,TO,520,540,20,68,243533712.25,20,8,2017;2018;2019;2020;2022;2023;2024;2025,27.922212235731237
20,153,TO,540,560,20,68,242088272.1,20,8,2017;2018;2019;2020;2022;2023;2024;2025,28.08892781551643
20,153,TO,560,580,20,53,111979299.0,20,5,2017;2018;2019;2024;2025,47.33017662487778
20,153,TO,580,600,20,21,115864359.0,20,5,2017;2018;2019;2024;2025,18.124641763219007
20,153,TO,600,620,20,38,115864359.0,20,5,2017;2018;2019;2024;2025,32.796970809634395
20,153,TO,620,640,20,120,245719803.10000017,20,8,2017;2018;2019;2020;2022;2023;2024;2025,48.83611271296836
20,153,TO,640,660,20,91,271344285.00000024,20,8,2017;2018;2019;2020;2022;2023;2024;2025,33.536729914912314
20,153,TO,660,680,20,211,327422666.0000003,20,8,2017;2018;2019;2020;2022;2023;2024;2025,64.44269805072072
20,153,TO,680,700,20,121,425875868.0000003,20,8,2017;2018;2019;2020;2022;2023;2024;2025,28.412034842039915
20,153,TO,700,720,20,99,263026394.89999977,20,8,2017;2018;2019;2020;2022;2023;2024;2025,37.638808089066075
20,153,TO,720,740,20,84,250411458.34999987,20,8,2017;2018;2019;2020;2022;2023;2024;2025,33.544790862802
20,153,TO,740,760,20,53,246757738.9999999,20,8,2017;2018;2019;2020;2022;2023;2024;2025,21.478556342259246
20,153,TO,760,780,20,68,184246141.75000006,20,8,2017;2018;2019;2020;2022;2023;2024;2025,36.907150051623795
20,153,TO,780,800,20,78,192150946.75000006,20,8,2017;2018;2019;2020;2022;2023;2024;2025,40.59308648709532
20,153,TO,800,820,2,3,15116847.3,2,5,2017;2018;2019;2020;2022,19.84540784506039
20,158,GO,0,20,13,20,77564146.14999998,13,8,2017;2018;2019;2020;2022;2023;2024;2025,25.785109477415432
20,158,GO,20,40,20,25,136828864.0,20,8,2017;2018;2019;2020;2022;2023;2024;2025,18.27099872728608
20,158,GO,40,60,20,19,159677572.0,20,8,2017;2018;2019;2020;2022;2023;2024;2025,11.898978524047196
20,158,GO,60,80,20,17,159677572.0,20,8,2017;2018;2019;2020;2022;2023;2024;2025,10.646454468884334
20,158,GO,80,100,20,25,106693916.50000001,20,8,2017;2018;2019;2020;2022;2023;2024;2025,23.431514017015203
20,158,GO,100,120,20,8,85649221.00000001,20,8,2017;2018;2019;2020;2022;2023;2024;2025,9.34042353987084
20,158,GO,120,140,20,11,85649221.00000001,20,8,2017;2018;2019;2020;2022;2023;2024;2025,12.843082367322404
20,158,GO,140,160,18,29,95030093.30000004,18,8,2017;2018;2019;2020;2022;2023;2024;2025,30.516648982391334
20,158,GO,160,180,20,18,132674726.0,20,8,2017;2018;2019;2020;2022;2023;2024;2025,13.567015016861614
20,158,GO,180,200,20,33,132674726.0,20,8,2017;2018;2019;2020;2022;2023;2024;2025,24.87286086424629
20,158,GO,200,220,20,26,132028384.0000001,20,8,2017;2018;2019;2020;2022;2023;2024;2025,19.692735162160268
20,158,GO,220,240,20,17,123527358.8000001,20,8,2017;2018;2019;2020;2022;2023;2024;2025,13.762133478077722
20,158,GO,240,260,20,25,118386363.00000004,20,8,2017;2018;2019;2020;2022;2023;2024;2025,21.117297099497847
20,158,GO,260,280,14,105,51006468.749999985,14,8,2017;2018;2019;2020;2022;2023;2024;2025,205.85624249865373
20,158,MS,0,20,19,93,74283723.25,19,8,2017;2018;2019;2020;2022;2023;2024;2025,125.19566323703356
20,158,MS,20,40,20,51,139194370.6,20,8,2017;2018;2019;2020;2022;2023;2024;2025,36.639412772343825
20,158,MS,40,60,20,59,164151103.25,19,8,2017;2018;2019;2020;2022;2023;2024;2025,35.942493734046835
20,158,MS,60,80,20,68,218685735.00000012,20,8,2017;2018;2019;2020;2022;2023;2024;2025,31.09484941941913
20,158,MS,80,100,19,142,227333581.45000005,19,8,2017;2018;2019;2020;2022;2023;2024;2025,62.46327493469398
20,158,MS,100,120,20,81,397952930.0000003,20,8,2017;2018;2019;2020;2022;2023;2024;2025,20.35416600651739
20,158,MS,120,140,20,63,397952930.0000003,20,8,2017;2018;2019;2020;2022;2023;2024;2025,15.83101800506908
20,158,MS,140,160,20,49,225775947.59999996,20,8,2017;2018;2019;2020;2022;2023;2024;2025,21.702931831698802
20,158,MS,160,180,20,32,193033023.99999994,20,8,2017;2018;2019;2020;2022;2023;2024;2025,16.577474328952132
20,158,MS,180,200,20,27,153473721.75,20,8,2017;2018;2019;2020;2022;2023;2024;2025,17.592588289467216
20,158,MS,200,220,20,9,65915715.0,20,6,2017;2018;2019;2020;2024;2025,13.653800159794974
20,158,MS,220,240,20,16,65915715.0,20,6,2017;2018;2019;2020;2024;2025,24.273422506302175
20,158,MS,240,260,20,45,75625605.60000001,20,8,2017;2018;2019;2020;2022;2023;2024;2025,59.50365573006399
20,158,MS,260,280,16,69,83089413.95000002,16,8,2017;2018;2019;2020;2022;2023;2024;2025,83.04306977242796
20,158,MS,280,300,20,70,115233566.0,20,8,2017;2018;2019;2020;2022;2023;2024;2025,60.746189178941144
20,158,MS,300,320,20,34,116927166.0,20,8,2017;2018;2019;2020;2022;2023;2024;2025,29.077930444324632
20,158,MS,320,340,18,39,105234449.4,18,8,2017;2018;2019;2020;2022;2023;2024;2025,37.060107429041196
20,158,MS,340,360,18,20,145971019.0,18,8,2017;2018;2019;2020;2022;2023;2024;2025,13.701349854932506
20,158,MT,180,200,10,0,61373837.50000003,10,8,2017;2018;2019;2020;2022;2023;2024;2025,0.0
20,158,MT,200,220,1,0,6137383.75,1,8,2017;2018;2019;2020;2022;2023;2024;2025,0.0
20,158,MT,320,340,9,5,54604792.05000001,9,8,2017;2018;2019;2020;2022;2023;2024;2025,9.156705505666327
20,158,MT,340,360,20,1,121202849.00000004,20,8,2017;2018;2019;2020;2022;2023;2024;2025,0.8250631138216888
20,158,MT,360,380,20,11,121202849.00000004,20,8,2017;2018;2019;2020;2022;2023;2024;2025,9.075694252038577
20,158,MT,380,400,20,12,120646574.40000005,20,8,2017;2018;2019;2020;2022;2023;2024;2025,9.946407562484422
20,158,MT,400,420,20,27,119739856.00000007,20,8,2017;2018;2019;2020;2022;2023;2024;2025,22.548882971765043
20,158,MT,420,440,17,21,102263218.0,17,8,2017;2018;2019;2020;2022;2023;2024;2025,20.535242691071975
20,158,MT,440,460,20,20,120290349.00000001,20,8,2017;2018;2019;2020;2022;2023;2024;2025,16.626437753539147
20,158,MT,460,480,20,14,120290349.00000001,20,8,2017;2018;2019;2020;2022;2023;2024;2025,11.638506427477402
20,158,MT,480,500,20,9,120290349.00000001,20,8,2017;2018;2019;2020;2022;2023;2024;2025,7.481896989092615
20,158,MT,500,520,20,21,116881778.25000001,20,8,2017;2018;2019;2020;2022;2023;2024;2025,17.966872436764966
20,158,MT,520,540,20,55,106484180.20000008,20,8,2017;2018;2019;2020;2022;2023;2024;2025,51.650864848373004
20,158,MT,540,560,20,94,106148278.00000013,20,8,2017;2018;2019;2020;2022;2023;2024;2025,88.55536968767396
20,158,MT,560,580,20,82,124781564.50000004,20,8,2017;2018;2019;2020;2022;2023;2024;2025,65.71483562381522
20,158,MT,580,600,20,40,133995295.99999996,20,8,2017;2018;2019;2020;2022;2023;2024;2025,29.851794200297906
20,158,MT,600,620,20,32,133995295.99999996,20,8,2017;2018;2019;2020;2022;2023;2024;2025,23.881435360238328
20,158,MT,620,640,20,90,133992010.99999996,20,8,2017;2018;2019;2020;2022;2023;2024;2025,67.16818363148533
20,158,MT,640,660,16,45,94760708.7,16,8,2017;2018;2019;2020;2022;2023;2024;2025,47.488036568472815
20,158,MT,660,680,20,47,126934298.00000004,20,8,2017;2018;2019;2020;2022;2023;2024;2025,37.02702952672412
20,158,MT,680,700,20,50,126934298.00000004,20,8,2017;2018;2019;2020;2022;2023;2024;2025,39.390456943323535
20,158,MT,700,720,20,34,126934298.00000004,20,8,2017;2018;2019;2020;2022;2023;2024;2025,26.785510721460003
20,158,MT,720,740,20,40,120587583.10000004,19,8,2017;2018;2019;2020;2022;2023;2024;2025,33.17091111016718
20,158,MT,740,760,20,41,126934298.00000004,20,8,2017;2018;2019;2020;2022;2023;2024;2025,32.3001746935253
20,158,MT,760,780,20,40,127957509.80000006,20,8,2017;2018;2019;2020;2022;2023;2024;2025,31.260377028687678
20,158,MT,780,800,17,48,112790876.5000001,17,8,2017;2018;2019;2020;2022;2023;2024;2025,42.556633558920836
20,158,PA,580,600,10,1,85808346.4,10,8,2017;2018;2019;2020;2022;2023;2024;2025,1.165387799618523
20,158,PA,600,620,20,0,168247286.54999998,20,8,2017;2018;2019;2020;2022;2023;2024;2025,0.0
20,158,PA,620,640,20,1,163629354.0,20,8,2017;2018;2019;2020;2022;2023;2024;2025,0.6111372901954988
20,158,PA,640,660,20,1,163629354.0,20,8,2017;2018;2019;2020;2022;2023;2024;2025,0.6111372901954988
20,158,PA,660,680,20,0,163629354.0,20,8,2017;2018;2019;2020;2022;2023;2024;2025,0.0
20,158,PA,680,700,20,1,163405974.0,20,8,2017;2018;2019;2020;2022;2023;2024;2025,0.6119727299566171
20,158,PA,700,720,20,0,159161754.0,20,8,2017;2018;2019;2020;2022;2023;2024;2025,0.0
20,158,PA,720,740,20,2,159161754.0,20,8,2017;2018;2019;2020;2022;2023;2024;2025,1.2565832869622686
20,158,PA,740,760,20,1,159161754.0,20,8,2017;2018;2019;2020;2022;2023;2024;2025,0.6282916434811343
20,158,PA,760,780,20,0,141265804.00000006,20,8,2017;2018;2019;2020;2022;2023;2024;2025,0.0
20,158,PA,780,800,20,0,127557791.00000012,20,8,2017;2018;2019;2020;2022;2023;2024;2025,0.0
20,158,PA,800,820,20,0,127557791.00000012,20,8,2017;2018;2019;2020;2022;2023;2024;2025,0.0
20,158,PA,820,840,20,0,127557791.00000012,20,8,2017;2018;2019;2020;2022;2023;2024;2025,0.0
20,158,PA,840,860,20,0,127557791.00000012,20,8,2017;2018;2019;2020;2022;2023;2024;2025,0.0
20,158,PA,860,880,20,1,127557791.00000012,20,8,2017;2018;2019;2020;2022;2023;2024;2025,0.7839583863599513
20,158,PA,880,900,10,1,63778895.500000015,10,8,2017;2018;2019;2020;2022;2023;2024;2025,1.5679167727199035
20,158,PR,220,240,5,0,0.0,0,0,,
20,158,PR,320,340,4,13,35892114.4,4,8,2017;2018;2019;2020;2022;2023;2024;2025,36.21965497803049
20,158,PR,340,360,20,27,179460572.00000018,20,8,2017;2018;2019;2020;2022;2023;2024;2025,15.045087452412652
20,158,PR,360,380,20,18,169055783.45000005,20,8,2017;2018;2019;2020;2022;2023;2024;2025,10.647373093463958
20,158,PR,380,400,20,40,163453205.0,20,8,2017;2018;2019;2020;2022;2023;2024;2025,24.471835838275545
20,158,PR,400,420,8,20,65505159.35,8,8,2017;2018;2019;2020;2022;2023;2024;2025,30.53194618325892
20,158,PR,500,520,13,156,181731791.80000004,13,8,2017;2018;2019;2020;2022;2023;2024;2025,85.84078682924203
20,158,PR,520,540,20,447,299546688.89999986,20,8,2017;2018;2019;2020;2022;2023;2024;2025,149.22548522952485
20,158,PR,540,560,4,0,70405229.59999998,4,5,2017;2018;2019;2020;2022,0.0
20,158,RS,0,20,18,49,184161808.50000006,15,8,2017;2018;2019;2020;2022;2023;2024;2025,26.607036713586567
20,158,RS,20,40,12,4,147329446.80000004,12,8,2017;2018;2019;2020;2022;2023;2024;2025,2.7150037462843435
20,158,RS,40,60,9,0,125197438.20000002,9,8,2017;2018;2019;2020;2022;2023;2024;2025,0.0
20,158,RS,60,80,20,18,251453894.70000002,20,8,2017;2018;2019;2020;2022;2023;2024;2025,7.158369935560199
20,158,RS,80,100,20,74,162398398.7999999,20,8,2017;2018;2019;2020;2022;2023;2024;2025,45.566951735240906
20,158,RS,100,120,20,55,158771893.85,19,8,2017;2018;2019;2020;2022;2023;2024;2025,34.64089182683765
20,158,RS,120,140,20,41,181954178.99999997,20,8,2017;2018;2019;2020;2022;2023;2024;2025,22.53314555638758
20,158,RS,140,160,20,130,181342960.95,20,8,2017;2018;2019;2020;2022;2023;2024;2025,71.68737033903604
20,158,RS,160,180,20,47,170314022.40000004,20,8,2017;2018;2019;2020;2022;2023;2024;2025,27.596083597635698
20,158,RS,180,200,16,81,147322033.64999998,16,8,2017;2018;2019;2020;2022;2023;2024;2025,54.98159236142204
20,158,RS,200,220,20,92,278721205.0999999,20,8,2017;2018;2019;2020;2022;2023;2024;2025,33.007894023345706
20,158,RS,220,240,20,62,239051785.99999985,20,8,2017;2018;2019;2020;2022;2023;2024;2025,25.935802880803422
20,158,RS,240,260,20,65,292562384.6999999,20,8,2017;2018;2019;2020;2022;2023;2024;2025,22.217483654521228
20,158,RS,260,280,20,100,284774168.0000002,20,8,2017;2018;2019;2020;2022;2023;2024;2025,35.11554460936918
20,158,RS,280,300,20,53,286858745.05000013,20,8,2017;2018;2019;2020;2022;2023;2024;2025,18.475992422947392
20,158,RS,300,320,20,170,271838491.35000014,20,8,2017;2018;2019;2020;2022;2023;2024;2025,62.537133411736
20,158,RS,320,340,18,577,157570503.6500001,18,8,2017;2018;2019;2020;2022;2023;2024;2025,366.1852863538776
20,158,RS,340,360,20,39,119904471.00000012,20,8,2017;2018;2019;2020;2022;2023;2024;2025,32.525893050309996
20,158,RS,360,380,20,34,119904471.00000012,20,8,2017;2018;2019;2020;2022;2023;2024;2025,28.35590676180871
20,158,RS,380,400,20,20,119904471.00000012,20,8,2017;2018;2019;2020;2022;2023;2024;2025,16.679945154005125
20,158,RS,400,420,20,22,119904471.00000012,20,8,2017;2018;2019;2020;2022;2023;2024;2025,18.347939669405637
20,158,RS,420,440,20,25,119904471.00000012,20,8,2017;2018;2019;2020;2022;2023;2024;2025,20.849931442506406
20,158,RS,440,460,19,12,258274770.15000013,19,8,2017;2018;2019;2020;2022;2023;2024;2025,4.646214569479889
20,158,RS,460,480,14,24,118009573.5,14,8,2017;2018;2019;2020;2022;2023;2024;2025,20.337333055440627
20,158,RS,480,500,20,26,168585105.0,20,8,2017;2018;2019;2020;2022;2023;2024;2025,15.422477567042474
20,158,RS,500,520,20,31,168585105.0,20,8,2017;2018;2019;2020;2022;2023;2024;2025,18.388338637627566
20,158,RS,520,540,20,41,182237156.2,20,8,2017;2018;2019;2020;2022;2023;2024;2025,22.498156169098518
20,158,RS,540,560,20,34,202715232.99999988,20,8,2017;2018;2019;2020;2022;2023;2024;2025,16.77229653481444
20,158,RS,560,580,4,58,39684588.5,4,8,2017;2018;2019;2020;2022;2023;2024;2025,146.15245411956332
20,158,SC,100,120,19,164,310578467.1500001,19,8,2017;2018;2019;2020;2022;2023;2024;2025,52.804691035065524
20,158,SC,120,140,20,104,230849633.75,20,8,2017;2018;2019;2020;2022;2023;2024;2025,45.05097032669648
20,158,SC,140,160,12,16,133079733.64999995,12,8,2017;2018;2019;2020;2022;2023;2024;2025,12.02286746536482
20,158,SP,0,20,10,9,82574033.94999999,10,8,2017;2018;2019;2020;2022;2023;2024;2025,10.899310073006312
20,163,MS,0,20,20,226,202413096.95000008,19,8,2017;2018;2019;2020;2022;2023;2024;2025,111.65285419047086
20,163,MS,20,40,14,89,183407660.09999996,14,8,2017;2018;2019;2020;2022;2023;2024;2025,48.52578128496609
20,163,MS,40,60,20,93,169961885.0,20,8,2017;2018;2019;2020;2022;2023;2024;2025,54.718150484151195
20,163,MS,60,80,20,119,172440110.89999998,20,8,2017;2018;2019;2020;2022;2023;2024;2025,69.0094661728729
20,163,MS,80,100,20,104,194744143.99999985,20,8,2017;2018;2019;2020;2022;2023;2024;2025,53.40340297986064
20,163,MS,100,120,20,110,268266619.59999985,20,8,2017;2018;2019;2020;2022;2023;2024;2025,41.00398333718
20,163,MS,120,140,17,67,208324976.39999983,17,8,2017;2018;2019;2020;2022;2023;2024;2025,32.16129009483476
20,163,MS,140,160,20,82,237255547.9999998,20,8,2017;2018;2019;2020;2022;2023;2024;2025,34.561889359906594
20,163,MS,160,180,20,84,228728563.99999988,20,8,2017;2018;2019;2020;2022;2023;2024;2025,36.72475292591792
20,163,MS,180,200,20,97,224820363.00000006,20,8,2017;2018;2019;2020;2022;2023;2024;2025,43.145557949303715
20,163,MS,200,220,20,116,264317713.80000007,20,8,2017;2018;2019;2020;2022;2023;2024;2025,43.88657813822237
20,163,MS,220,240,20,95,317036645.75000006,20,8,2017;2018;2019;2020;2022;2023;2024;2025,29.964990253812
20,163,MS,240,260,20,465,290715163.5,19,8,2017;2018;2019;2020;2022;2023;2024;2025,159.95037699504107
20,163,MS,260,280,15,323,353579004.00000024,15,8,2017;2018;2019;2020;2022;2023;2024;2025,91.35157810445095
20,163,MS,280,300,16,102,402143403.7500001,16,8,2017;2018;2019;2020;2022;2023;2024;2025,25.364086305742365
20,163,MS,300,320,20,88,328056525.0,20,8,2017;2018;2019;2020;2022;2023;2024;2025,26.82464553936246
20,163,MS,320,340,20,100,289364627.00000006,20,8,2017;2018;2019;2020;2022;2023;2024;2025,34.55847421184621
20,163,MS,340,360,4,29,56493313.00000001,4,8,2017;2018;2019;2020;2022;2023;2024;2025,51.333509153552384
20,163,MS,360,380,16,121,367997204.80000013,16,8,2017;2018;2019;2020;2022;2023;2024;2025,32.88068453285164
20,163,MS,380,400,20,64,459996506.0000004,20,8,2017;2018;2019;2020;2022;2023;2024;2025,13.913149157702504
20,163,MS,400,420,20,93,458958548.2000004,20,8,2017;2018;2019;2020;2022;2023;2024;2025,20.263267862585575
20,163,MS,420,440,20,83,438944328.00000006,20,8,2017;2018;2019;2020;2022;2023;2024;2025,18.909003877138602
20,163,MS,440,460,20,131,438944328.00000006,20,8,2017;2018;2019;2020;2022;2023;2024;2025,29.844331420544062
20,163,MS,460,480,20,542,144024408.29999995,20,8,2017;2018;2019;2020;2022;2023;2024;2025,376.3251010002588
20,163,MS,480,500,16,81,36326391.4,16,1,2017,222.97838259816803
20,163,MS,560,580,4,10,63971316.2,4,8,2017;2018;2019;2020;2022;2023;2024;2025,15.63200602084845
20,163,MS,580,600,20,67,319155923.34999985,20,8,2017;2018;2019;2020;2022;2023;2024;2025,20.992873732919872
20,163,MS,600,620,20,207,303377517.2,20,8,2017;2018;2019;2020;2022;2023;2024;2025,68.23181951994694
20,163,MS,620,640,20,76,240193068.0,20,8,2017;2018;2019;2020;2022;2023;2024;2025,31.641212892954933
20,163,MS,640,660,20,79,237365778.0,20,8,2017;2018;2019;2020;2022;2023;2024;2025,33.28196704075851
20,163,MS,660,680,20,121,237362128.0,20,8,2017;2018;2019;2020;2022;2023;2024;2025,50.97696124463461
20,163,MS,680,700,20,176,250914045.10000008,20,8,2017;2018;2019;2020;2022;2023;2024;2025,70.14354255452555
20,163,MS,700,720,20,53,242825696.20000008,19,8,2017;2018;2019;2020;2022;2023;2024;2025,21.826355624384693
20,163,MS,720,740,20,153,253457343.20000014,20,8,2017;2018;2019;2020;2022;2023;2024;2025,60.36518732040427
20,163,MS,740,760,20,52,250831212.00000018,20,8,2017;2018;2019;2020;2022;2023;2024;2025,20.731072335607088
20,163,MS,760,780,20,51,237648857.4,20,8,2017;2018;2019;2020;2022;2023;2024;2025,21.460233622819008
20,163,MS,780,800,20,40,227746275.99999994,20,8,2017;2018;2019;2020;2022;2023;2024;2025,17.56340463718494
20,163,MS,800,820,20,60,206573720.99999997,20,8,2017;2018;2019;2020;2022;2023;2024;2025,29.045320822777843
20,163,MS,820,840,20,70,225099573.39999998,20,8,2017;2018;2019;2020;2022;2023;2024;2025,31.09734902767257
20,163,MS,840,860,6,34,75866505.6,6,8,2017;2018;2019;2020;2022;2023;2024;2025,44.81556087380938
20,163,MT,0,20,20,62,113991832.35000001,20,5,2017;2022;2023;2024;2025,54.389861731176914
20,163,MT,20,40,20,24,128459633.00000006,20,5,2017;2022;2023;2024;2025,18.682911852939817
20,163,MT,40,60,9,39,121572648.75000003,9,8,2017;2018;2019;2020;2022;2023;2024;2025,32.0795840190987
20,163,MT,60,80,20,84,282744581.8499999,20,8,2017;2018;2019;2020;2022;2023;2024;2025,29.708792101474547
20,163,MT,80,100,20,106,235387842.99999985,20,7,2018;2019;2020;2022;2023;2024;2025,45.0320622548039
20,163,MT,100,120,20,344,489991935.8999998,20,8,2017;2018;2019;2020;2022;2023;2024;2025,70.20523702459572
20,163,MT,120,140,20,6,479513683.8,20,8,2017;2018;2019;2020;2022;2023;2024;2025,1.2512677328521318
20,163,MT,140,160,18,1,563790950.0999999,18,8,2017;2018;2019;2020;2022;2023;2024;2025,0.17737070802974567
20,163,MT,160,180,20,0,602125863.4999999,20,8,2017;2018;2019;2020;2022;2023;2024;2025,0.0
20,163,MT,180,200,20,0,456572313.2500001,20,8,2017;2018;2019;2020;2022;2023;2024;2025,0.0
20,163,MT,200,220,20,6,535591510.00000036,20,8,2017;2018;2019;2020;2022;2023;2024;2025,1.1202567419337914
20,163,MT,220,240,20,2,507219884.80000025,20,8,2017;2018;2019;2020;2022;2023;2024;2025,0.3943063077640601
20,163,MT,240,260,8,0,190091518.19999993,8,7,2018;2019;2020;2022;2023;2024;2025,0.0
20,163,MT,340,360,9,0,12800703.299999999,9,1,2017,0.0
20,163,MT,360,380,20,4,368832182.44999975,20,8,2017;2018;2019;2020;2022;2023;2024;2025,1.084504061828242
20,163,MT,380,400,20,5,390379909.9999997,20,8,2017;2018;2019;2020;2022;2023;2024;2025,1.28080361512456
20,163,MT,400,420,18,4,351341918.9999998,18,8,2017;2018;2019;2020;2022;2023;2024;2025,1.138492102332942
20,163,MT,420,440,20,6,409816517.70000017,20,8,2017;2018;2019;2020;2022;2023;2024;2025,1.4640698314635054
20,163,MT,440,460,20,3,415400295.00000036,20,8,2017;2018;2019;2020;2022;2023;2024;2025,0.722194961368527
20,163,MT,460,480,20,1,425727123.20000017,20,8,2017;2018;2019;2020;2022;2023;2024;2025,0.23489224564398145
20,163,MT,480,500,20,5,514420885.8499997,20,8,2017;2018;2019;2020;2022;2023;2024;2025,0.9719667567031781
20,163,MT,500,520,20,95,482436804.5499997,20,8,2017;2018;2019;2020;2022;2023;2024;2025,19.691698291678367
20,163,MT,520,540,20,187,411589841.0000001,20,8,2017;2018;2019;2020;2022;2023;2024;2025,45.433580077113696
20,163,MT,540,560,20,179,411935861.0000001,20,8,2017;2018;2019;2020;2022;2023;2024;2025,43.45336663952157
20,163,MT,560,580,20,158,412743241.0000001,20,8,2017;2018;2019;2020;2022;2023;2024;2025,38.28045726859037
20,163,MT,580,600,20,188,412743241.0000001,20,8,2017;2018;2019;2020;2022;2023;2024;2025,45.54889852212018
20,163,MT,600,620,20,226,374027705.60000014,20,8,2017;2018;2019;2020;2022;2023;2024;2025,60.42333137794162
20,163,MT,620,640,20,118,427567789.00000006,20,8,2017;2018;2019;2020;2022;2023;2024;2025,27.59796295132045
20,163,MT,640,660,20,143,426283354.00000006,20,8,2017;2018;2019;2020;2022;2023;2024;2025,33.545762145805014
20,163,MT,660,680,20,132,407749325.59999996,20,8,2017;2018;2019;2020;2022;2023;2024;2025,32.37283098034878
20,163,MT,680,700,20,300,410377967.9999999,20,8,2017;2018;2019;2020;2022;2023;2024;2025,73.103339699757
20,163,MT,700,720,20,147,391040333.70000017,20,8,2017;2018;2019;2020;2022;2023;2024;2025,37.59203011338877
20,163,MT,720,740,20,125,388978091.0000001,20,8,2017;2018;2019;2020;2022;2023;2024;2025,32.1354860060743
20,163,MT,740,760,20,553,377428031.0000001,20,8,2017;2018;2019;2020;2022;2023;2024;2025,146.5179993480664
20,163,MT,760,780,20,208,368832105.79999983,19,8,2017;2018;2019;2020;2022;2023;2024;2025,56.39422293480832
20,163,MT,780,800,20,182,530756427.9999997,20,8,2017;2018;2019;2020;2022;2023;2024;2025,34.290682203475846
20,163,MT,800,820,20,186,430269153.9999998,20,7,2018;2019;2020;2022;2023;2024;2025,43.22875536646071
20,163,MT,820,840,20,1152,378465448.59999985,20,8,2017;2018;2019;2020;2022;2023;2024;2025,304.38709907639384
20,163,MT,840,860,20,430,204872277.15000013,19,8,2017;2018;2019;2020;2022;2023;2024;2025,209.88686511507336
20,163,MT,860,880,20,90,282028853.3500001,20,8,2017;2018;2019;2020;2022;2023;2024;2025,31.911628519905115
20,163,MT,880,900,20,88,275061956.0000001,20,8,2017;2018;2019;2020;2022;2023;2024;2025,31.99279219842382
20,163,MT,900,920,20,76,275061956.0000001,20,8,2017;2018;2019;2020;2022;2023;2024;2025,27.63013871682057
20,163,MT,920,940,20,147,274987496.0000001,20,8,2017;2018;2019;2020;2022;2023;2024;2025,53.4569760946512
20,163,MT,940,960,20,158,273916987.5,20,8,2017;2018;2019;2020;2022;2023;2024;2025,57.68170913459685
20,163,MT,960,980,20,85,255154564.00000003,20,8,2017;2018;2019;2020;2022;2023;2024;2025,33.31314112805757
20,163,MT,980,1000,20,115,234711176.80000016,20,8,2017;2018;2019;2020;2022;2023;2024;2025,48.99638848387382
20,163,MT,1000,1020,20,72,268121178.04999995,20,8,2017;2018;2019;2020;2022;2023;2024;2025,26.853529632997976
20,163,MT,1020,1040,20,287,277464239.99999994,20,8,2017;2018;2019;2020;2022;2023;2024;2025,103.43675278659335
20,163,MT,1040,1060,18,147,169436949.29999998,18,8,2017;2018;2019;2020;2022;2023;2024;2025,86.75793597990614
20,163,MT,1060,1080,20,115,141326452.39999992,20,7,2017;2018;2019;2020;2022;2024;2025,81.37188618767031
20,163,MT,1080,1100,20,30,109786393.59999996,20,8,2017;2018;2019;2020;2022;2023;2024;2025,27.325790579571425
20,163,MT,1100,1120,20,122,108712840.99999996,20,8,2017;2018;2019;2020;2022;2023;2024;2025,112.22225348705591
20,163,MT,1120,1140,10,1,54356420.49999999,10,8,2017;2018;2019;2020;2022;2023;2024;2025,1.839709073558293
20,163,PA,0,20,20,9,78847300.0,20,4,2022;2023;2024;2025,11.414468218949793
20,163,PA,20,40,20,14,78841095.0,20,4,2022;2023;2024;2025,17.757236882618134
20,163,PA,40,60,20,4,86306385.25,20,8,2017;2018;2019;2020;2022;2023;2024;2025,4.634651293080311
20,163,PA,60,80,20,9,108705540.99999996,20,8,2017;2018;2019;2020;2022;2023;2024;2025,8.279246777310096
20,163,PA,80,100,20,8,108705540.99999996,20,8,2017;2018;2019;2020;2022;2023;2024;2025,7.359330468720084
20,163,PA,100,120,20,33,108705540.99999996,20,8,2017;2018;2019;2020;2022;2023;2024;2025,30.357238183470344
20,163,PA,120,140,20,9,108705540.99999996,20,8,2017;2018;2019;2020;2022;2023;2024;2025,8.279246777310096
20,163,PA,140,160,20,18,108704810.99999996,20,8,2017;2018;2019;2020;2022;2023;2024;2025,16.55860475209327
20,163,PA,160,180,20,12,108698240.99999996,20,8,2017;2018;2019;2020;2022;2023;2024;2025,11.039737064374394
20,163,PA,180,200,20,3,108698240.99999996,20,8,2017;2018;2019;2020;2022;2023;2024;2025,2.7599342660935986
20,163,PA,200,220,20,6,108698240.99999996,20,8,2017;2018;2019;2020;2022;2023;2024;2025,5.519868532187197
20,163,PA,220,240,6,1,32609472.300000004,6,8,2017;2018;2019;2020;2022;2023;2024;2025,3.066593628992886
20,163,PA,260,280,1,0,5149482.05,1,8,2017;2018;2019;2020;2022;2023;2024;2025,0.0
20,163,PA,280,300,20,22,102989640.99999997,20,8,2017;2018;2019;2020;2022;2023;2024;2025,21.36137167426383
20,163,PA,300,320,20,48,101242250.94999997,20,8,2017;2018;2019;2020;2022;2023;2024;2025,47.411035955438734
20,163,PA,320,340,20,15,99106551.99999997,20,8,2017;2018;2019;2020;2022;2023;2024;2025,15.135225368349012
20,163,PA,340,360,20,14,78466035.6,20,8,2017;2018;2019;2020;2022;2023;2024;2025,17.842114607864808
20,163,PA,360,380,20,15,69620100.0,20,4,2022;2023;2024;2025,21.545501945558826
20,163,PA,380,400,20,11,69620100.0,20,4,2022;2023;2024;2025,15.800034760076471
20,163,PA,400,420,20,26,68488600.0,20,4,2022;2023;2024;2025,37.96252222997696
20,163,PA,420,440,20,13,67357100.0,20,4,2022;2023;2024;2025,19.300118324571574
20,163,PA,440,460,20,8,67357100.0,20,4,2022;2023;2024;2025,11.876995892044045
20,163,PA,460,480,20,7,67357100.0,20,4,2022;2023;2024;2025,10.39237140553854
20,163,PA,480,500,20,15,67357100.0,20,4,2022;2023;2024;2025,22.269367297582587
20,163,PA,500,520,20,32,67357100.0,20,4,2022;2023;2024;2025,47.50798356817618
20,163,PA,520,540,20,15,67357100.0,20,4,2022;2023;2024;2025,22.269367297582587
20,163,PA,540,560,20,13,67357100.0,20,4,2022;2023;2024;2025,19.300118324571574
20,163,PA,560,580,20,36,70028900.0,20,4,2022;2023;2024;2025,51.40734753794504
20,163,PA,580,600,20,28,76263100.0,20,4,2022;2023;2024;2025,36.715003717394126
20,163,PA,600,620,20,37,76263100.0,20,4,2022;2023;2024;2025,48.51625491227081
20,163,PA,620,640,20,42,102977979.24999997,20,6,2019;2020;2022;2023;2024;2025,40.78541869425935
20,163,PA,640,660,20,46,130286348.49999991,20,8,2017;2018;2019;2020;2022;2023;2024;2025,35.30684567462571
20,163,PA,660,680,14,20,93473806.29999997,14,8,2017;2018;2019;2020;2022;2023;2024;2025,21.396368449799617
20,163,PA,820,840,6,0,25826429.099999994,6,8,2017;2018;2019;2020;2022;2023;2024;2025,0.0
20,163,PA,840,860,20,3,86088097.00000003,20,8,2017;2018;2019;2020;2022;2023;2024;2025,3.4848023182577714
20,163,PA,860,880,20,13,79872048.45000002,20,8,2017;2018;2019;2020;2022;2023;2024;2025,16.27603179369816
20,163,PA,880,900,20,13,79987268.0,20,8,2017;2018;2019;2020;2022;2023;2024;2025,16.252586599157254
20,163,PA,900,920,20,7,82494088.0,20,8,2017;2018;2019;2020;2022;2023;2024;2025,8.485456557808117
20,163,PA,920,940,20,18,82494088.0,20,8,2017;2018;2019;2020;2022;2023;2024;2025,21.819745434363732
20,163,PA,940,960,20,10,82494088.0,20,8,2017;2018;2019;2020;2022;2023;2024;2025,12.12208079686874
20,163,PA,960,980,20,60,80082748.35,20,8,2017;2018;2019;2020;2022;2023;2024;2025,74.92250358063542
20,163,PA,980,1000,5,64,20981331.5,5,8,2017;2018;2019;2020;2022;2023;2024;2025,305.0330719001318
20,163,PR,0,20,13,134,113201957.75000006,13,8,2017;2018;2019;2020;2022;2023;2024;2025,118.37251109731794
20,163,PR,20,40,20,212,176105696.40000007,20,8,2017;2018;2019;2020;2022;2023;2024;2025,120.38225016780316
20,163,PR,40,60,20,98,160312598.99999994,20,8,2017;2018;2019;2020;2022;2023;2024;2025,61.13056653769305
20,163,PR,60,80,20,100,141647966.3,20,8,2017;2018;2019;2020;2022;2023;2024;2025,70.59755435401544
20,163,PR,80,100,20,160,115182571.84999993,20,8,2017;2018;2019;2020;2022;2023;2024;2025,138.90990401600422
20,163,PR,100,120,20,43,112370724.9999999,20,8,2017;2018;2019;2020;2022;2023;2024;2025,38.2661943313083
20,163,PR,120,140,20,118,302128034.59999996,20,8,2017;2018;2019;2020;2022;2023;2024;2025,39.056289548311916
20,163,PR,140,160,20,270,399827215.95000017,20,8,2017;2018;2019;2020;2022;2023;2024;2025,67.52916990867486
20,163,PR,160,180,20,188,440099483.65000033,20,8,2017;2018;2019;2020;2022;2023;2024;2025,42.717614308657424
20,163,PR,180,200,20,150,401397938.70000017,20,8,2017;2018;2019;2020;2022;2023;2024;2025,37.36939967499637
20,163,PR,200,220,20,117,435525416.8,20,8,2017;2018;2019;2020;2022;2023;2024;2025,26.864103789774504
20,163,PR,220,240,20,94,950058719.0000002,20,8,2017;2018;2019;2020;2022;2023;2024;2025,9.894125291428432
20,163,PR,240,260,20,181,607876818.1,20,8,2017;2018;2019;2020;2022;2023;2024;2025,29.775769466869882
20,163,PR,260,280,20,160,561096162.4000001,20,8,2017;2018;2019;2020;2022;2023;2024;2025,28.515611177168864
20,163,PR,280,300,20,255,121803127.99999997,19,7,2018;2019;2020;2022;2023;2024;2025,209.35422939220416
20,163,PR,300,320,20,81,158245706.2,20,7,2018;2019;2020;2022;2023;2024;2025,51.18622295989981
20,163,PR,320,340,20,57,177800814.79999998,20,8,2017;2018;2019;2020;2022;2023;2024;2025,32.058345775364806
20,163,PR,340,360,7,53,77904910.15,7,8,2017;2018;2019;2020;2022;2023;2024;2025,68.03165538340589
20,163,SC,60,80,16,606,173298517.9000001,16,8,2017;2018;2019;2020;2022;2023;2024;2025,349.68562186416693
20,163,SC,80,100,20,195,297020600.55,20,8,2017;2018;2019;2020;2022;2023;2024;2025,65.65201189375887
20,163,SC,100,120,12,97,141482595.74999997,12,8,2017;2018;2019;2020;2022;2023;2024;2025,68.55966946733095
20,163,SC,120,140,3,16,35285849.400000006,3,8,2017;2018;2019;2020;2022;2023;2024;2025,45.34395592585621
20,364,AC,0,20,20,18,66469847.04999999,20,8,2017;2018;2019;2020;2022;2023;2024;2025,27.079947974696
20,364,AC,20,40,20,16,97097314.59999996,20,8,2017;2018;2019;2020;2022;2023;2024;2025,16.478313603124104
20,364,AC,40,60,20,23,103102790.99999997,20,8,2017;2018;2019;2020;2022;2023;2024;2025,22.307834518272163
20,364,AC,60,80,20,30,103102790.99999997,20,8,2017;2018;2019;2020;2022;2023;2024;2025,29.09717545861587
20,364,AC,80,100,20,47,100002685.39999998,20,8,2017;2018;2019;2020;2022;2023;2024;2025,46.99873789589255
20,364,AC,100,120,20,51,41100679.0,20,3,2018;2024;2025,124.08554126319909
20,364,AC,120,140,20,631,13616960.1,17,4,2017;2018;2024;2025,4633.9270686414075
20,364,AC,140,160,20,134,54617578.00000001,20,8,2017;2018;2019;2020;2022;2023;2024;2025,245.34225959269006
20,364,AC,160,180,20,30,96898740.00000006,20,8,2017;2018;2019;2020;2022;2023;2024;2025,30.960154899846977
20,364,AC,180,200,20,18,96898740.00000006,20,8,2017;2018;2019;2020;2022;2023;2024;2025,18.576092939908186
20,364,AC,200,220,20,17,87273690.00000006,20,8,2017;2018;2019;2020;2022;2023;2024;2025,19.478951789479726
20,364,AC,220,240,20,16,58398540.00000005,20,8,2017;2018;2019;2020;2022;2023;2024;2025,27.39794522260314
20,364,AC,240,260,20,10,58398540.00000005,20,8,2017;2018;2019;2020;2022;2023;2024;2025,17.123715764126963
20,364,AC,260,280,16,27,43889067.300000004,16,8,2017;2018;2019;2020;2022;2023;2024;2025,61.51873726421157
20,364,AC,280,300,20,3,50313497.999999985,20,7,2018;2019;2020;2022;2023;2024;2025,5.962614644682429
20,364,AC,300,320,20,9,50313497.999999985,20,7,2018;2019;2020;2022;2023;2024;2025,17.887843934047286
20,364,AC,320,340,20,3,50313497.999999985,20,7,2018;2019;2020;2022;2023;2024;2025,5.962614644682429
20,364,AC,340,360,20,4,53207911.50000002,20,7,2018;2019;2020;2022;2023;2024;2025,7.517679020346436
20,364,AC,360,380,20,4,56745528.00000006,20,7,2018;2019;2020;2022;2023;2024;2025,7.049013624474505
20,364,AC,380,400,20,0,56745528.00000006,20,7,2018;2019;2020;2022;2023;2024;2025,0.0
20,364,AC,400,420,20,1,56745528.00000006,20,7,2018;2019;2020;2022;2023;2024;2025,1.7622534061186264
20,364,AC,420,440,20,5,61419082.900000006,20,7,2018;2019;2020;2022;2023;2024;2025,8.14079234647771
20,364,AC,440,460,20,1,63422034.999999985,20,7,2018;2019;2020;2022;2023;2024;2025,1.5767390623779263
20,364,AC,460,480,20,3,63422034.999999985,20,7,2018;2019;2020;2022;2023;2024;2025,4.730217187133779
20,364,AC,480,500,20,0,71208207.69999997,20,8,2017;2018;2019;2020;2022;2023;2024;2025,0.0
20,364,AC,500,520,20,3,80724640.99999997,20,8,2017;2018;2019;2020;2022;2023;2024;2025,3.716337369651481
20,364,AC,520,540,19,2,59413802.099999994,19,8,2017;2018;2019;2020;2022;2023;2024;2025,3.366221196606437
20,364,AC,540,560,20,1,85914097.84999996,20,8,2017;2018;2019;2020;2022;2023;2024;2025,1.1639533266658173
20,364,AC,560,580,20,0,86710713.99999997,20,8,2017;2018;2019;2020;2022;2023;2024;2025,0.0
20,364,AC,580,600,20,2,86710713.99999997,20,8,2017;2018;2019;2020;2022;2023;2024;2025,2.3065200454928796
20,364,AC,600,620,20,0,86710713.99999997,20,8,2017;2018;2019;2020;2022;2023;2024;2025,0.0
20,364,AC,620,640,20,0,85914097.84999996,20,8,2017;2018;2019;2020;2022;2023;2024;2025,0.0
20,364,AC,640,660,20,0,86710713.99999997,20,8,2017;2018;2019;2020;2022;2023;2024;2025,0.0
20,364,AC,660,680,20,0,86710713.99999997,20,8,2017;2018;2019;2020;2022;2023;2024;2025,0.0
20,364,AC,680,700,20,0,85914097.84999998,20,8,2017;2018;2019;2020;2022;2023;2024;2025,0.0
20,364,AC,700,720,20,2,86710713.99999997,20,8,2017;2018;2019;2020;2022;2023;2024;2025,2.3065200454928796
20,364,AC,720,740,10,0,43582109.599999994,10,8,2017;2018;2019;2020;2022;2023;2024;2025,0.0
20,364,GO,0,20,20,100,149179222.99999997,20,8,2017;2018;2019;2020;2022;2023;2024;2025,67.03346350047688
20,364,GO,20,40,20,54,126491472.70000003,20,8,2017;2018;2019;2020;2022;2023;2024;2025,42.69062478865422
20,364,GO,40,60,20,49,125110619.30000003,20,8,2017;2018;2019;2020;2022;2023;2024;2025,39.16534045963274
20,364,GO,60,80,20,45,121709436.1500001,20,8,2017;2018;2019;2020;2022;2023;2024;2025,36.97330414425715
20,364,GO,80,100,20,47,154512785.50000006,20,8,2017;2018;2019;2020;2022;2023;2024;2025,30.418194745443888
20,364,GO,100,120,20,57,156582718.7500001,20,8,2017;2018;2019;2020;2022;2023;2024;2025,36.402484549400484
20,364,GO,120,140,20,39,99174150.00000012,20,8,2017;2018;2019;2020;2022;2023;2024;2025,39.32476355985905
20,364,GO,140,160,20,42,94215442.5000001,19,8,2017;2018;2019;2020;2022;2023;2024;2025,44.578679339111474
20,364,GO,160,180,20,57,99175975.00000012,20,8,2017;2018;2019;2020;2022;2023;2024;2025,57.47359680608124
20,364,GO,180,200,13,44,64467942.50000003,13,8,2017;2018;2019;2020;2022;2023;2024;2025,68.25097605682076
20,364,GO,220,240,5,17,68021330.64999999,5,8,2017;2018;2019;2020;2022;2023;2024;2025,24.992160308466417
20,364,GO,240,260,20,31,280645415.75000006,20,8,2017;2018;2019;2020;2022;2023;2024;2025,11.045966996166761
20,364,GO,260,280,20,71,330163743.0,20,8,2017;2018;2019;2020;2022;2023;2024;2025,21.50448118708177
20,364,GO,280,300,20,74,311893186.2,20,8,2017;2018;2019;2020;2022;2023;2024;2025,23.72607138411413
20,364,GO,300,320,20,77,212621625.0,20,8,2017;2018;2019;2020;2022;2023;2024;2025,36.21456660393786
20,364,GO,320,340,20,38,184297205.25000003,20,8,2017;2018;2019;2020;2022;2023;2024;2025,20.61886936834057
20,364,GO,340,360,20,25,174859382.00000003,20,8,2017;2018;2019;2020;2022;2023;2024;2025,14.297202537293648
20,364,GO,360,380,20,27,174859382.00000003,20,8,2017;2018;2019;2020;2022;2023;2024;2025,15.440978740277144
20,364,GO,380,400,8,48,54337122.949999996,8,8,2017;2018;2019;2020;2022;2023;2024;2025,88.33739696554913
20,364,MG,0,20,18,121,183255385.74999997,18,8,2017;2018;2019;2020;2022;2023;2024;2025,66.02807306578711
20,364,MG,20,40,20,175,167243821.24999997,20,8,2017;2018;2019;2020;2022;2023;2024;2025,104.63764741323742
20,364,MG,40,60,1,2,5583025.4,1,8,2017;2018;2019;2020;2022;2023;2024;2025,35.822871233937065
20,364,MG,60,80,14,0,87617914.19999997,14,8,2017;2018;2019;2020;2022;2023;2024;2025,0.0
20,364,MG,80,100,20,0,125262305.99999996,20,8,2017;2018;2019;2020;2022;2023;2024;2025,0.0
20,364,MG,100,120,20,0,134931155.99999994,20,8,2017;2018;2019;2020;2022;2023;2024;2025,0.0
20,364,MG,120,140,10,0,69077052.99999999,10,8,2017;2018;2019;2020;2022;2023;2024;2025,0.0
20,364,MG,160,180,7,0,19186287.049999997,7,6,2017;2018;2019;2020;2024;2025,0.0
20,364,MG,180,200,9,0,20836313.349999994,9,6,2017;2018;2019;2020;2024;2025,0.0
20,364,MG,200,220,18,0,17318454.299999997,18,4,2017;2018;2019;2020,0.0
20,364,MG,220,240,20,0,19242727.0,20,4,2017;2018;2019;2020,0.0
20,364,MG,240,260,20,0,19242727.0,20,4,2017;2018;2019;2020,0.0
20,364,MG,260,280,12,0,13231184.299999997,12,4,2017;2018;2019;2020,0.0
20,364,MT,0,20,20,164,188170333.39999986,19,8,2017;2018;2019;2020;2022;2023;2024;2025,87.15507754954115
20,364,MT,20,40,20,65,210344097.99999988,20,8,2017;2018;2019;2020;2022;2023;2024;2025,30.901746527730023
20,364,MT,40,60,20,123,208436505.7999999,20,8,2017;2018;2019;2020;2022;2023;2024;2025,59.0107762207555
20,364,MT,60,80,20,49,204427185.20000002,20,8,2017;2018;2019;2020;2022;2023;2024;2025,23.96941480755662
20,364,MT,80,100,20,40,213199858.0000001,20,8,2017;2018;2019;2020;2022;2023;2024;2025,18.761738574891538
20,364,MT,100,120,20,72,213207523.0000001,20,8,2017;2018;2019;2020;2022;2023;2024;2025,33.769915332677996
20,364,MT,120,140,20,122,213221758.0000001,20,8,2017;2018;2019;2020;2022;2023;2024;2025,57.217425249818994
20,364,MT,140,160,20,90,213221758.0000001,20,8,2017;2018;2019;2020;2022;2023;2024;2025,42.209576003964834
20,364,MT,160,180,20,95,253853419.29999992,20,8,2017;2018;2019;2020;2022;2023;2024;2025,37.42317131751159
20,364,MT,180,200,20,217,332874525.00000006,20,8,2017;2018;2019;2020;2022;2023;2024;2025,65.18972877242557
20,364,MT,200,220,1,33,16643726.25,1,8,2017;2018;2019;2020;2022;2023;2024;2025,198.27290778710088
20,364,MT,580,600,2,5,15770766.7,2,8,2017;2018;2019;2020;2022;2023;2024;2025,31.704229065794244
20,364,MT,600,620,20,70,157707667.0,20,8,2017;2018;2019;2020;2022;2023;2024;2025,44.385920692111945
20,364,MT,620,640,20,38,91471160.80000001,20,8,2017;2018;2019;2020;2022;2023;2024;2025,41.54314831872123
20,364,MT,640,660,20,6,47058081.25,20,8,2017;2018;2019;2020;2022;2023;2024;2025,12.750201114500392
20,364,MT,660,680,20,4,37918390.0,20,5,2017;2018;2019;2024;2025,10.548971092918238
20,364,MT,680,700,20,5,49215742.25,20,8,2017;2018;2019;2020;2022;2023;2024;2025,10.159350995056872
20,364,MT,700,720,20,7,71770169.00000003,20,8,2017;2018;2019;2020;2022;2023;2024;2025,9.753355882441907
20,364,MT,720,740,20,4,64492799.00000002,20,6,2017;2018;2019;2020;2022;2023,6.202242827141056
20,364,MT,740,760,20,1,64265115.65000002,20,6,2017;2018;2019;2020;2022;2023,1.556054151440712
20,364,MT,760,780,20,0,62996810.0,20,6,2017;2018;2019;2020;2022;2023,0.0
20,364,MT,780,800,20,1,62996810.0,20,6,2017;2018;2019;2020;2022;2023,1.5873819642613651
20,364,MT,800,820,20,3,102543030.65000002,20,8,2017;2018;2019;2020;2022;2023;2024;2025,2.9256010681404603
20,364,MT,820,840,20,1,144662567.0000001,20,8,2017;2018;2019;2020;2022;2023;2024;2025,0.6912638291563009
20,364,MT,840,860,20,2,143278614.75000006,20,8,2017;2018;2019;2020;2022;2023;2024;2025,1.3958817256083216
20,364,MT,860,880,20,2,142857204.00000003,20,8,2017;2018;2019;2020;2022;2023;2024;2025,1.399999400800256
20,364,MT,880,900,18,3,88482453.2,18,8,2017;2018;2019;2020;2022;2023;2024;2025,3.390502739813276
20,364,MT,900,920,20,1,78889055.99999997,20,8,2017;2018;2019;2020;2022;2023;2024;2025,1.2676029486269937
20,364,MT,920,940,20,1,78889055.99999997,20,8,2017;2018;2019;2020;2022;2023;2024;2025,1.2676029486269937
20,364,MT,940,960,20,1,78889055.99999997,20,8,2017;2018;2019;2020;2022;2023;2024;2025,1.2676029486269937
20,364,MT,960,980,20,0,78889055.99999997,20,8,2017;2018;2019;2020;2022;2023;2024;2025,0.0
20,364,MT,980,1000,20,1,55285053.49999997,20,8,2017;2018;2019;2020;2022;2023;2024;2025,1.8088071489340254
20,364,MT,1000,1020,20,0,33705705.99999997,20,6,2017;2018;2019;2020;2022;2023,0.0
20,364,MT,1020,1040,20,0,33705705.99999997,20,6,2017;2018;2019;2020;2022;2023,0.0
20,364,MT,1040,1060,20,1,33705705.99999997,20,6,2017;2018;2019;2020;2022;2023,2.9668567096621588
20,364,MT,1060,1080,20,0,36361080.99999998,20,8,2017;2018;2019;2020;2022;2023;2024;2025,0.0
20,364,MT,1080,1100,20,0,44327205.99999998,20,8,2017;2018;2019;2020;2022;2023;2024;2025,0.0
20,364,MT,1100,1120,20,0,44327205.99999998,20,8,2017;2018;2019;2020;2022;2023;2024;2025,0.0
20,364,MT,1120,1140,18,10,85202614.30000003,17,8,2017;2018;2019;2020;2022;2023;2024;2025,11.736729068887264
20,364,MT,1140,1160,20,13,157131915.99999994,20,8,2017;2018;2019;2020;2022;2023;2024;2025,8.273303305230495
20,364,MT,1160,1180,20,22,157131915.99999994,20,8,2017;2018;2019;2020;2022;2023;2024;2025,14.000974824236224
20,364,MT,1180,1200,20,19,153227912.4999999,20,8,2017;2018;2019;2020;2022;2023;2024;2025,12.399829567605714
20,364,MT,1200,1220,20,13,158271153.99999988,20,7,2018;2019;2020;2022;2023;2024;2025,8.213751951287351
20,364,MT,1220,1240,20,20,157555885.3999999,20,7,2018;2019;2020;2022;2023;2024;2025,12.693908545037452
20,364,MT,1240,1260,19,18,150357596.2999999,19,7,2018;2019;2020;2022;2023;2024;2025,11.971460333860108
20,364,RO,0,20,20,500,42332736.5,7,5,2017;2022;2023;2024;2025,1181.1190141227937
20,364,RO,20,40,20,122,183766659.49999997,20,8,2017;2018;2019;2020;2022;2023;2024;2025,66.38853877626264
20,364,RO,40,60,20,73,249543199.99999994,20,8,2017;2018;2019;2020;2022;2023;2024;2025,29.25345190732507
20,364,RO,60,80,20,102,249543199.99999994,20,8,2017;2018;2019;2020;2022;2023;2024;2025,40.87468622667338
20,364,RO,80,100,20,77,249543199.99999994,20,8,2017;2018;2019;2020;2022;2023;2024;2025,30.85638077895932
20,364,RO,100,120,20,66,234253386.4999999,20,8,2017;2018;2019;2020;2022;2023;2024;2025,28.174619366708722
20,364,RO,120,140,20,22,222349969.9999999,20,7,2018;2019;2020;2022;2023;2024;2025,9.894312106271032
20,364,RO,140,160,20,46,206002094.4999999,19,7,2018;2019;2020;2022;2023;2024;2025,22.329870048966914
20,364,RO,160,180,20,56,224230084.9999999,20,7,2018;2019;2020;2022;2023;2024;2025,24.974347220177894
20,364,RO,180,200,20,315,216604537.8499999,20,8,2017;2018;2019;2020;2022;2023;2024;2025,145.42631614585085
20,364,RO,200,220,20,162,259589923.54999995,20,8,2017;2018;2019;2020;2022;2023;2024;2025,62.40612030874802
20,364,RO,220,240,20,655,218280723.69999987,20,8,2017;2018;2019;2020;2022;2023;2024;2025,300.07230546853845
20,364,RO,240,260,20,201,259843061.99999973,20,8,2017;2018;2019;2020;2022;2023;2024;2025,77.35438400891388
20,364,RO,260,280,20,92,304915247.5999997,20,8,2017;2018;2019;2020;2022;2023;2024;2025,30.17231861119958
20,364,RO,280,300,20,88,328430868.9999999,20,7,2018;2019;2020;2022;2023;2024;2025,26.794070931255863
20,364,RO,300,320,20,173,348537883.15000004,20,7,2018;2019;2020;2022;2023;2024;2025,49.6359243467219
20,364,RO,320,340,20,169,323678214.9500001,20,7,2018;2019;2020;2022;2023;2024;2025,52.21234923892117
20,364,RO,340,360,20,919,222939328.20000002,20,7,2018;2019;2020;2022;2023;2024;2025,412.2197763041433
20,364,RO,360,380,20,188,403277053.5999999,20,8,2017;2018;2019;2020;2022;2023;2024;2025,46.61807517232863
20,364,RO,380,400,20,231,403496535.4000001,20,8,2017;2018;2019;2020;2022;2023;2024;2025,57.24956219785176
20,364,RO,400,420,20,119,376232075.6500001,20,7,2018;2019;2020;2022;2023;2024;2025,31.62941378520393
20,364,RO,420,440,20,824,299088402.20000005,20,8,2017;2018;2019;2020;2022;2023;2024;2025,275.50382894786816
20,364,RO,440,460,20,100,337176488.0,20,8,2017;2018;2019;2020;2022;2023;2024;2025,29.658058482417076
20,364,RO,460,480,20,92,337176488.0,20,8,2017;2018;2019;2020;2022;2023;2024;2025,27.28541380382371
20,364,RO,480,500,20,103,330520260.3999999,20,8,2017;2018;2019;2020;2022;2023;2024;2025,31.162991302060593
20,364,RO,500,520,20,297,309365312.9999999,20,8,2017;2018;2019;2020;2022;2023;2024;2025,96.00300599957698
20,364,RO,520,540,20,155,318806986.9999999,20,8,2017;2018;2019;2020;2022;2023;2024;2025,48.61875878523329
20,364,RO,540,560,20,92,314355793.75000024,20,8,2017;2018;2019;2020;2022;2023;2024;2025,29.266201491792906
20,364,RO,560,580,20,104,339333148.9000001,20,8,2017;2018;2019;2020;2022;2023;2024;2025,30.648346716827337
20,364,RO,580,600,20,62,362774084.0000001,20,8,2017;2018;2019;2020;2022;2023;2024;2025,17.090526235054867
20,364,RO,600,620,20,113,442674500.25,20,8,2017;2018;2019;2020;2022;2023;2024;2025,25.52665670513738
20,364,RO,620,640,20,69,490155798.99999994,20,8,2017;2018;2019;2020;2022;2023;2024;2025,14.077156720530814
20,364,RO,640,660,20,83,493699218.99999994,20,8,2017;2018;2019;2020;2022;2023;2024;2025,16.811855641197603
20,364,RO,660,680,20,106,493699218.99999994,20,8,2017;2018;2019;2020;2022;2023;2024;2025,21.47056262610778
20,364,RO,680,700,16,214,385529508.95,16,8,2017;2018;2019;2020;2022;2023;2024;2025,55.50807267200759
20,364,RO,700,720,12,257,35401043.4,12,3,2017;2024;2025,725.9673029863295
20,364,RO,720,740,20,91,194941740.40000004,20,8,2017;2018;2019;2020;2022;2023;2024;2025,46.68061330183958
20,364,RO,740,760,20,55,159394988.99999997,20,8,2017;2018;2019;2020;2022;2023;2024;2025,34.50547620414844
20,364,RO,760,780,20,37,159394988.99999997,20,8,2017;2018;2019;2020;2022;2023;2024;2025,23.21277490097258
20,364,RO,780,800,20,35,159394988.99999997,20,8,2017;2018;2019;2020;2022;2023;2024;2025,21.95803031173082
20,364,RO,800,820,20,54,151425239.54999995,19,8,2017;2018;2019;2020;2022;2023;2024;2025,35.661162010029
20,364,RO,820,840,20,27,159394988.99999997,20,8,2017;2018;2019;2020;2022;2023;2024;2025,16.939051954763777
20,364,RO,840,860,20,25,159394988.99999997,20,8,2017;2018;2019;2020;2022;2023;2024;2025,15.684307365522013
20,364,RO,860,880,20,19,151425239.54999995,19,8,2017;2018;2019;2020;2022;2023;2024;2025,12.547445892417613
20,364,RO,880,900,20,13,159394988.99999997,20,8,2017;2018;2019;2020;2022;2023;2024;2025,8.155839830071448
20,364,RO,900,920,20,18,129153213.2999999,20,8,2017;2018;2019;2020;2022;2023;2024;2025,13.936935473830767
20,364,RO,920,940,19,12,87581490.84999996,19,8,2017;2018;2019;2020;2022;2023;2024;2025,13.701525155072197
20,364,RO,940,960,20,19,92191042.99999996,20,8,2017;2018;2019;2020;2022;2023;2024;2025,20.60937742075443
20,364,RO,960,980,20,23,92187757.99999996,20,8,2017;2018;2019;2020;2022;2023;2024;2025,24.949082718770544
20,364,RO,980,1000,20,10,92183742.99999996,20,8,2017;2018;2019;2020;2022;2023;2024;2025,10.847899721320715
20,364,RO,1000,1020,20,16,92183742.99999996,20,8,2017;2018;2019;2020;2022;2023;2024;2025,17.356639554113144
20,364,RO,1020,1040,20,30,92183742.99999996,20,8,2017;2018;2019;2020;2022;2023;2024;2025,32.54369916396215
20,364,RO,1040,1060,20,30,92183742.99999996,20,8,2017;2018;2019;2020;2022;2023;2024;2025,32.54369916396215
20,364,RO,1060,1080,20,18,92183742.99999996,20,8,2017;2018;2019;2020;2022;2023;2024;2025,19.526219498377287
20,364,RO,1080,1100,12,4,55310245.800000004,12,8,2017;2018;2019;2020;2022;2023;2024;2025,7.23193314754714
20,376,MS,0,20,20,53,252867663.79999992,20,8,2017;2018;2019;2020;2022;2023;2024;2025,20.959579885990948
20,376,MS,20,40,20,47,193237796.3000001,20,8,2017;2018;2019;2020;2022;2023;2024;2025,24.322363895639178
20,376,MS,40,60,20,39,158776288.45,20,8,2017;2018;2019;2020;2022;2023;2024;2025,24.562861609075483
20,376,MS,60,80,20,30,171856366.39999998,20,8,2017;2018;2019;2020;2022;2023;2024;2025,17.45643797109864
20,376,MS,80,100,20,24,209510014.6,20,8,2017;2018;2019;2020;2022;2023;2024;2025,11.455299664706338
20,376,MS,100,120,20,38,194693887.15,20,8,2017;2018;2019;2020;2022;2023;2024;2025,19.5178187442132
20,376,MS,120,140,20,39,155872520.0,20,8,2017;2018;2019;2020;2022;2023;2024;2025,25.020446195390953
20,376,MS,140,160,20,17,155903545.0,20,8,2017;2018;2019;2020;2022;2023;2024;2025,10.904177964651156
20,376,MS,160,180,15,51,108714173.25,15,8,2017;2018;2019;2020;2022;2023;2024;2025,46.912006480259
20,376,PR,20,40,9,34,75898698.60000001,9,8,2017;2018;2019;2020;2022;2023;2024;2025,44.796552018877435
20,376,PR,40,60,20,70,209087388.40000007,20,8,2017;2018;2019;2020;2022;2023;2024;2025,33.47882458892484
20,376,PR,60,80,20,80,239410540.85000002,20,8,2017;2018;2019;2020;2022;2023;2024;2025,33.4154042323989
20,376,PR,80,100,20,119,388465777.0000001,20,8,2017;2018;2019;2020;2022;2023;2024;2025,30.633329123352855
20,376,PR,100,120,19,259,496869546.9500002,19,8,2017;2018;2019;2020;2022;2023;2024;2025,52.12635823423951
20,376,PR,120,140,17,255,601398966.0,17,8,2017;2018;2019;2020;2022;2023;2024;2025,42.4011370847618
20,376,PR,140,160,17,255,848476298.9999999,17,8,2017;2018;2019;2020;2022;2023;2024;2025,30.053874256775206
20,376,PR,160,180,20,2019,757738175.0,20,8,2017;2018;2019;2020;2022;2023;2024;2025,266.450875330387
20,376,PR,180,200,20,1151,742091033.8000003,20,8,2017;2018;2019;2020;2022;2023;2024;2025,155.102264759367
20,376,PR,200,220,14,244,340577923.00000006,14,8,2017;2018;2019;2020;2022;2023;2024;2025,71.64292912785189
20,376,PR,220,240,7,58,28762989.150000006,7,5,2017;2018;2019;2020;2022,201.6480265577682
20,376,PR,240,260,20,351,294691239.90000004,20,8,2017;2018;2019;2020;2022;2023;2024;2025,119.10771427040305
20,376,PR,260,280,20,147,415872856.8500001,20,8,2017;2018;2019;2020;2022;2023;2024;2025,35.34734176051816
20,376,PR,280,300,20,198,394501913.40000004,20,8,2017;2018;2019;2020;2022;2023;2024;2025,50.18987063802666
20,376,PR,300,320,20,446,386554564.0,20,8,2017;2018;2019;2020;2022;2023;2024;2025,115.37827813617535
20,376,PR,320,340,20,238,371535909.00000006,20,8,2017;2018;2019;2020;2022;2023;2024;2025,64.0584111077134
20,376,PR,340,360,20,198,341523141.6000001,20,8,2017;2018;2019;2020;2022;2023;2024;2025,57.97557350649528
20,376,PR,360,380,20,139,379694462.00000006,20,8,2017;2018;2019;2020;2022;2023;2024;2025,36.60838224182474
20,376,PR,380,400,20,239,529617993.0000002,20,8,2017;2018;2019;2020;2022;2023;2024;2025,45.12686561991483
20,376,PR,400,420,20,211,561421435.8,20,8,2017;2018;2019;2020;2022;2023;2024;2025,37.58317487456364
20,376,PR,420,440,20,301,586102790.5499998,20,8,2017;2018;2019;2020;2022;2023;2024;2025,51.35617930048433
20,376,PR,440,460,20,290,697586028.9999998,20,8,2017;2018;2019;2020;2022;2023;2024;2025,41.57193348836407
20,376,PR,460,480,9,106,313913713.0500001,9,8,2017;2018;2019;2020;2022;2023;2024;2025,33.767240994379996
20,376,PR,480,500,18,451,515386781.7000001,17,5,2017;2018;2019;2020;2022,87.50709486812589
20,376,PR,500,520,20,344,1009497855.7499999,20,8,2017;2018;2019;2020;2022;2023;2024;2025,34.07634776444645
20,376,PR,520,540,20,223,1147023887.9999998,20,7,2018;2019;2020;2022;2023;2024;2025,19.44161776690043
20,376,PR,540,560,12,82,486472905.2000001,12,7,2018;2019;2020;2022;2023;2024;2025,16.856026126735248
20,376,PR,560,580,5,1,34563675.0,5,2,2024;2025,2.8932108637174725
20,376,PR,600,620,1,57,106856589.7,1,8,2017;2018;2019;2020;2022;2023;2024;2025,53.34252212243304
20,376,PR,620,640,20,611,2137131794.0000002,20,8,2017;2018;2019;2020;2022;2023;2024;2025,28.58972019018121
20,376,PR,640,660,20,762,1986355276.2500012,20,8,2017;2018;2019;2020;2022;2023;2024;2025,38.36171751906154
20,376,PR,660,680,20,1124,1907284797.0000012,20,8,2017;2018;2019;2020;2022;2023;2024;2025,58.93194355494039
20,376,PR,680,700,5,45,386228279.54999995,5,8,2017;2018;2019;2020;2022;2023;2024;2025,11.651140629171467
20,381,MG,140,160,14,154,219455114.85000005,14,8,2017;2018;2019;2020;2022;2023;2024;2025,70.17380301446183
20,381,MG,160,180,20,193,459100066.00000036,20,8,2017;2018;2019;2020;2022;2023;2024;2025,42.03876546600188
20,381,MG,180,200,20,144,433211648.9500003,20,8,2017;2018;2019;2020;2022;2023;2024;2025,33.240103388037
20,381,MG,200,220,20,136,336716733.9999999,20,8,2017;2018;2019;2020;2022;2023;2024;2025,40.39003300620041
20,381,MG,220,240,20,148,421838738.05,20,8,2017;2018;2019;2020;2022;2023;2024;2025,35.084497143185025
20,381,MG,240,260,20,172,310245817.1,20,8,2017;2018;2019;2020;2022;2023;2024;2025,55.43990942658224
20,381,MG,260,280,20,201,377060815.45,20,8,2017;2018;2019;2020;2022;2023;2024;2025,53.30705068361937
20,381,MG,280,300,20,185,303052163.5000001,20,7,2018;2019;2020;2022;2023;2024;2025,61.04559619816076
20,381,MG,300,320,20,182,219390477.0000001,20,7,2018;2019;2020;2022;2023;2024;2025,82.95711030337927
20,381,MG,320,340,20,275,118508159.84999998,20,5,2018;2019;2020;2022;2023,232.05153159755187
20,381,MG,340,360,20,736,373428915.79999995,20,8,2017;2018;2019;2020;2022;2023;2024;2025,197.09239666758555
20,381,MG,360,380,20,583,550362067.1999998,20,8,2017;2018;2019;2020;2022;2023;2024;2025,105.93026568238027
20,381,MG,380,400,20,299,702848810.7000002,20,8,2017;2018;2019;2020;2022;2023;2024;2025,42.54115471892338
20,381,MG,400,420,20,373,995025624.0000013,20,8,2017;2018;2019;2020;2022;2023;2024;2025,37.486471805674775
20,381,MG,420,440,20,643,1092673274.65,20,8,2017;2018;2019;2020;2022;2023;2024;2025,58.846501961527586
20,381,MG,440,460,11,552,560670959.3,11,8,2017;2018;2019;2020;2022;2023;2024;2025,98.45346737579816
20,381,MG,480,500,7,897,677865714.1,7,8,2017;2018;2019;2020;2022;2023;2024;2025,132.32709389808036
20,381,MG,500,520,19,1462,1722576171.05,19,8,2017;2018;2019;2020;2022;2023;2024;2025,84.87287961895089
20,381,MG,520,540,20,1108,1308821369.0500002,20,8,2017;2018;2019;2020;2022;2023;2024;2025,84.6563195101433
20,381,MG,540,560,19,393,983862934.8499999,19,8,2017;2018;2019;2020;2022;2023;2024;2025,39.94458842581736
20,381,MG,560,580,20,424,853419661.9,20,8,2017;2018;2019;2020;2022;2023;2024;2025,49.68247380849335
20,381,MG,580,600,20,387,890788997.0000001,20,8,2017;2018;2019;2020;2022;2023;2024;2025,43.44463181554093
20,381,MG,600,620,20,356,870845243.6999999,20,8,2017;2018;2019;2020;2022;2023;2024;2025,40.879823662749374
20,381,MG,620,640,20,402,857012298.5,20,8,2017;2018;2019;2020;2022;2023;2024;2025,46.90714482202964
20,381,MG,640,660,20,380,883400378.6499997,20,8,2017;2018;2019;2020;2022;2023;2024;2025,43.01560302483804
20,381,MG,660,680,20,486,929423108.1999996,20,8,2017;2018;2019;2020;2022;2023;2024;2025,52.29050103361743
20,381,MG,680,700,14,272,656527989.2999998,14,8,2017;2018;2019;2020;2022;2023;2024;2025,41.43006915668752
20,381,MG,700,720,20,491,995280897.6999993,20,8,2017;2018;2019;2020;2022;2023;2024;2025,49.332806560907066
20,381,MG,720,740,20,567,1087771174.9999995,20,8,2017;2018;2019;2020;2022;2023;2024;2025,52.12493335282581
20,381,MG,740,760,20,380,1091941219.6999998,20,8,2017;2018;2019;2020;2022;2023;2024;2025,34.800408038850414
20,381,MG,760,780,20,373,1058596319.85,20,8,2017;2018;2019;2020;2022;2023;2024;2025,35.235338816675
20,381,MG,780,800,20,357,1073432263.1500003,20,8,2017;2018;2019;2020;2022;2023;2024;2025,33.25780417223338
20,381,MG,800,820,20,325,1151627351.9500003,20,8,2017;2018;2019;2020;2022;2023;2024;2025,28.220934441135988
20,381,MG,820,840,20,329,1319775562.9000003,20,8,2017;2018;2019;2020;2022;2023;2024;2025,24.928480966648145
20,381,MG,840,860,20,488,1206937466.3500001,20,8,2017;2018;2019;2020;2022;2023;2024;2025,40.43291501056814
20,381,MG,860,880,20,406,1112418019.0,20,7,2018;2019;2020;2022;2023;2024;2025,36.49707152037781
20,381,MG,880,900,20,452,1145934852.1000004,20,7,2018;2019;2020;2022;2023;2024;2025,39.44377807967709
20,381,MG,900,920,20,508,1233320513.1500003,20,7,2018;2019;2020;2022;2023;2024;2025,41.189617344685765
20,381,MG,920,940,20,1073,867403742.65,20,7,2017;2018;2019;2020;2022;2024;2025,123.70248677068005
20,381,MG,940,960,2,84,84837347.85000001,2,5,2017;2018;2019;2020;2022,99.01299619658018
20,381,SP,0,20,20,401,1693236255.5999994,20,8,2017;2018;2019;2020;2022;2023;2024;2025,23.682460062722043
20,381,SP,20,40,20,809,1550385625.2499998,20,7,2017;2018;2019;2020;2022;2024;2025,52.180566358743725
20,381,SP,40,60,20,882,2234875070.9999995,20,7,2017;2018;2019;2020;2022;2024;2025,39.465293225779604
20,381,SP,60,80,20,1464,2766312552.4999995,20,8,2017;2018;2019;2020;2022;2023;2024;2025,52.92243635582463
20,381,SP,80,100,1,22,139403285.65,1,6,2017;2018;2019;2020;2022;2023,15.78155055486671
